-- phpMyAdmin SQL Dump
-- version 5.0.1
-- https://www.phpmyadmin.net/
--
-- Host: localhost
-- Generation Time: Mar 02, 2020 at 12:59 PM
-- Server version: 10.4.11-MariaDB
-- PHP Version: 7.3.14

SET SQL_MODE = "NO_AUTO_VALUE_ON_ZERO";
SET AUTOCOMMIT = 0;
START TRANSACTION;
SET time_zone = "+00:00";


/*!40101 SET @OLD_CHARACTER_SET_CLIENT=@@CHARACTER_SET_CLIENT */;
/*!40101 SET @OLD_CHARACTER_SET_RESULTS=@@CHARACTER_SET_RESULTS */;
/*!40101 SET @OLD_COLLATION_CONNECTION=@@COLLATION_CONNECTION */;
/*!40101 SET NAMES utf8mb4 */;

--
-- Database: `nicj6893_warungkuku`
--

-- --------------------------------------------------------

--
-- Table structure for table `tbl_admin_currencies`
--

CREATE TABLE `tbl_admin_currencies` (
  `id` int(11) NOT NULL,
  `country` varchar(100) DEFAULT NULL,
  `currency` varchar(100) DEFAULT NULL,
  `code` varchar(25) DEFAULT NULL,
  `symbol` varchar(25) DEFAULT NULL,
  `del_status` varchar(10) DEFAULT 'Live'
) ENGINE=MyISAM DEFAULT CHARSET=utf8;

--
-- Dumping data for table `tbl_admin_currencies`
--

INSERT INTO `tbl_admin_currencies` (`id`, `country`, `currency`, `code`, `symbol`, `del_status`) VALUES
(1, 'Albania', 'Leke', 'ALL', 'Lek', 'Live'),
(2, 'America', 'Dollars', 'USD', '$', 'Live'),
(3, 'Afghanistan', 'Afghanis', 'AF', '؋', 'Live'),
(4, 'Argentina', 'Pesos', 'ARS', '$', 'Live'),
(5, 'Aruba', 'Guilders', 'AWG', 'ƒ', 'Live'),
(6, 'Australia', 'Dollars', 'AUD', '$', 'Live'),
(7, 'Azerbaijan', 'New Manats', 'AZ', 'ман', 'Live'),
(8, 'Bahamas', 'Dollars', 'BSD', '$', 'Live'),
(9, 'Barbados', 'Dollars', 'BBD', '$', 'Live'),
(10, 'Belarus', 'Rubles', 'BYR', 'p.', 'Live'),
(11, 'Belgium', 'Euro', 'EUR', '€', 'Live'),
(12, 'Beliz', 'Dollars', 'BZD', 'BZ$', 'Live'),
(13, 'Bermuda', 'Dollars', 'BMD', '$', 'Live'),
(14, 'Bolivia', 'Bolivianos', 'BOB', '$b', 'Live'),
(15, 'Bosnia and Herzegovina', 'Convertible Marka', 'BAM', 'KM', 'Live'),
(16, 'Botswana', 'Pula\'s', 'BWP', 'P', 'Live'),
(17, 'Bulgaria', 'Leva', 'BG', 'лв', 'Live'),
(18, 'Brazil', 'Reais', 'BRL', 'R$', 'Live'),
(19, 'Britain (United Kingdom)', 'Pounds', 'GBP', '£', 'Live'),
(20, 'Brunei Darussalam', 'Dollars', 'BND', '$', 'Live'),
(21, 'Cambodia', 'Riels', 'KHR', '៛', 'Live'),
(22, 'Canada', 'Dollars', 'CAD', '$', 'Live'),
(23, 'Cayman Islands', 'Dollars', 'KYD', '$', 'Live'),
(24, 'Chile', 'Pesos', 'CLP', '$', 'Live'),
(25, 'China', 'Yuan Renminbi', 'CNY', '¥', 'Live'),
(26, 'Colombia', 'Pesos', 'COP', '$', 'Live'),
(27, 'Costa Rica', 'Colón', 'CRC', '₡', 'Live'),
(28, 'Croatia', 'Kuna', 'HRK', 'kn', 'Live'),
(29, 'Cuba', 'Pesos', 'CUP', '₱', 'Live'),
(30, 'Cyprus', 'Euro', 'EUR', '€', 'Live'),
(31, 'Czech Republic', 'Koruny', 'CZK', 'Kč', 'Live'),
(32, 'Denmark', 'Kroner', 'DKK', 'kr', 'Live'),
(33, 'Dominican Republic', 'Pesos', 'DOP ', 'RD$', 'Live'),
(34, 'East Caribbean', 'Dollars', 'XCD', '$', 'Live'),
(35, 'Egypt', 'Pounds', 'EGP', '£', 'Live'),
(36, 'El Salvador', 'Colones', 'SVC', '$', 'Live'),
(37, 'England (United Kingdom)', 'Pounds', 'GBP', '£', 'Live'),
(38, 'Euro', 'Euro', 'EUR', '€', 'Live'),
(39, 'Falkland Islands', 'Pounds', 'FKP', '£', 'Live'),
(40, 'Fiji', 'Dollars', 'FJD', '$', 'Live'),
(41, 'France', 'Euro', 'EUR', '€', 'Live'),
(42, 'Ghana', 'Cedis', 'GHC', '¢', 'Live'),
(43, 'Gibraltar', 'Pounds', 'GIP', '£', 'Live'),
(44, 'Greece', 'Euro', 'EUR', '€', 'Live'),
(45, 'Guatemala', 'Quetzales', 'GTQ', 'Q', 'Live'),
(46, 'Guernsey', 'Pounds', 'GGP', '£', 'Live'),
(47, 'Guyana', 'Dollars', 'GYD', '$', 'Live'),
(48, 'Holland (Netherlands)', 'Euro', 'EUR', '€', 'Live'),
(49, 'Honduras', 'Lempiras', 'HNL', 'L', 'Live'),
(50, 'Hong Kong', 'Dollars', 'HKD', '$', 'Live'),
(51, 'Hungary', 'Forint', 'HUF', 'Ft', 'Live'),
(52, 'Iceland', 'Kronur', 'ISK', 'kr', 'Live'),
(53, 'India', 'Rupees', 'INR', 'Rp', 'Live'),
(54, 'Indonesia', 'Rupiahs', 'IDR', 'Rp', 'Live'),
(55, 'Iran', 'Rials', 'IRR', '﷼', 'Live'),
(56, 'Ireland', 'Euro', 'EUR', '€', 'Live'),
(57, 'Isle of Man', 'Pounds', 'IMP', '£', 'Live'),
(58, 'Israel', 'New Shekels', 'ILS', '₪', 'Live'),
(59, 'Italy', 'Euro', 'EUR', '€', 'Live'),
(60, 'Jamaica', 'Dollars', 'JMD', 'J$', 'Live'),
(61, 'Japan', 'Yen', 'JPY', '¥', 'Live'),
(62, 'Jersey', 'Pounds', 'JEP', '£', 'Live'),
(63, 'Kazakhstan', 'Tenge', 'KZT', 'лв', 'Live'),
(64, 'Korea (North)', 'Won', 'KPW', '₩', 'Live'),
(65, 'Korea (South)', 'Won', 'KRW', '₩', 'Live'),
(66, 'Kyrgyzstan', 'Soms', 'KGS', 'лв', 'Live'),
(67, 'Laos', 'Kips', 'LAK', '₭', 'Live'),
(68, 'Latvia', 'Lati', 'LVL', 'Ls', 'Live'),
(69, 'Lebanon', 'Pounds', 'LBP', '£', 'Live'),
(70, 'Liberia', 'Dollars', 'LRD', '$', 'Live'),
(71, 'Liechtenstein', 'Switzerland Francs', 'CHF', 'CHF', 'Live'),
(72, 'Lithuania', 'Litai', 'LTL', 'Lt', 'Live'),
(73, 'Luxembourg', 'Euro', 'EUR', '€', 'Live'),
(74, 'Macedonia', 'Denars', 'MKD', 'ден', 'Live'),
(75, 'Malaysia', 'Ringgits', 'MYR', 'RM', 'Live'),
(76, 'Malta', 'Euro', 'EUR', '€', 'Live'),
(77, 'Mauritius', 'Rupees', 'MUR', '₨', 'Live'),
(78, 'Mexico', 'Pesos', 'MX', '$', 'Live'),
(79, 'Mongolia', 'Tugriks', 'MNT', '₮', 'Live'),
(80, 'Mozambique', 'Meticais', 'MZ', 'MT', 'Live'),
(81, 'Namibia', 'Dollars', 'NAD', '$', 'Live'),
(82, 'Nepal', 'Rupees', 'NPR', '₨', 'Live'),
(83, 'Netherlands Antilles', 'Guilders', 'ANG', 'ƒ', 'Live'),
(84, 'Netherlands', 'Euro', 'EUR', '€', 'Live'),
(85, 'New Zealand', 'Dollars', 'NZD', '$', 'Live'),
(86, 'Nicaragua', 'Cordobas', 'NIO', 'C$', 'Live'),
(87, 'Nigeria', 'Nairas', 'NG', '₦', 'Live'),
(88, 'North Korea', 'Won', 'KPW', '₩', 'Live'),
(89, 'Norway', 'Krone', 'NOK', 'kr', 'Live'),
(90, 'Oman', 'Rials', 'OMR', '﷼', 'Live'),
(91, 'Pakistan', 'Rupees', 'PKR', '₨', 'Live'),
(92, 'Panama', 'Balboa', 'PAB', 'B/.', 'Live'),
(93, 'Paraguay', 'Guarani', 'PYG', 'Gs', 'Live'),
(94, 'Peru', 'Nuevos Soles', 'PE', 'S/.', 'Live'),
(95, 'Philippines', 'Pesos', 'PHP', 'Php', 'Live'),
(96, 'Poland', 'Zlotych', 'PL', 'zł', 'Live'),
(97, 'Qatar', 'Rials', 'QAR', '﷼', 'Live'),
(98, 'Romania', 'New Lei', 'RO', 'lei', 'Live'),
(99, 'Russia', 'Rubles', 'RUB', 'руб', 'Live'),
(100, 'Saint Helena', 'Pounds', 'SHP', '£', 'Live'),
(101, 'Saudi Arabia', 'Riyals', 'SAR', '﷼', 'Live'),
(102, 'Serbia', 'Dinars', 'RSD', 'Дин.', 'Live'),
(103, 'Seychelles', 'Rupees', 'SCR', '₨', 'Live'),
(104, 'Singapore', 'Dollars', 'SGD', '$', 'Live'),
(105, 'Slovenia', 'Euro', 'EUR', '€', 'Live'),
(106, 'Solomon Islands', 'Dollars', 'SBD', '$', 'Live'),
(107, 'Somalia', 'Shillings', 'SOS', 'S', 'Live'),
(108, 'South Africa', 'Rand', 'ZAR', 'R', 'Live'),
(109, 'South Korea', 'Won', 'KRW', '₩', 'Live'),
(110, 'Spain', 'Euro', 'EUR', '€', 'Live'),
(111, 'Sri Lanka', 'Rupees', 'LKR', '₨', 'Live'),
(112, 'Sweden', 'Kronor', 'SEK', 'kr', 'Live'),
(113, 'Switzerland', 'Francs', 'CHF', 'CHF', 'Live'),
(114, 'Suriname', 'Dollars', 'SRD', '$', 'Live'),
(115, 'Syria', 'Pounds', 'SYP', '£', 'Live'),
(116, 'Taiwan', 'New Dollars', 'TWD', 'NT$', 'Live'),
(117, 'Thailand', 'Baht', 'THB', '฿', 'Live'),
(118, 'Trinidad and Tobago', 'Dollars', 'TTD', 'TT$', 'Live'),
(119, 'Turkey', 'Lira', 'TRY', 'TL', 'Live'),
(120, 'Turkey', 'Liras', 'TRL', '£', 'Live'),
(121, 'Tuvalu', 'Dollars', 'TVD', '$', 'Live'),
(122, 'Ukraine', 'Hryvnia', 'UAH', '₴', 'Live'),
(123, 'United Kingdom', 'Pounds', 'GBP', '£', 'Live'),
(124, 'United States of America', 'Dollars', 'USD', '$', 'Live'),
(125, 'Uruguay', 'Pesos', 'UYU', '$U', 'Live'),
(126, 'Uzbekistan', 'Sums', 'UZS', 'лв', 'Live'),
(127, 'Vatican City', 'Euro', 'EUR', '€', 'Live'),
(128, 'Venezuela', 'Bolivares Fuertes', 'VEF', 'Bs', 'Live'),
(129, 'Vietnam', 'Dong', 'VND', '₫', 'Live'),
(130, 'Yemen', 'Rials', 'YER', '﷼', 'Live'),
(131, 'Zimbabwe', 'Zimbabwe Dollars', 'ZWD', 'Z$', 'Live'),
(132, 'Bangladesh', 'Bangladeshi Taka', 'BDT', '৳', 'Live'),
(133, 'Kuwait ', 'KWD', 'KWD', 'KWD', 'Live');

-- --------------------------------------------------------

--
-- Table structure for table `tbl_admin_user_menus`
--

CREATE TABLE `tbl_admin_user_menus` (
  `id` int(10) NOT NULL,
  `menu_name` varchar(50) DEFAULT NULL,
  `controller_name` varchar(50) DEFAULT NULL,
  `del_status` varchar(50) DEFAULT 'Live'
) ENGINE=InnoDB DEFAULT CHARSET=utf8;

--
-- Dumping data for table `tbl_admin_user_menus`
--

INSERT INTO `tbl_admin_user_menus` (`id`, `menu_name`, `controller_name`, `del_status`) VALUES
(1, 'Sale', 'Sale', 'Live'),
(2, 'Purchase', 'Purchase', 'Live'),
(3, 'Inventory', 'Inventory', 'Live'),
(4, 'Waste', 'Waste', 'Live'),
(6, 'Expense', 'Expense', 'Live'),
(7, 'Report', 'Report', 'Live'),
(8, 'Dashboard', 'Dashboard', 'Live'),
(9, 'Master', 'Master', 'Live'),
(10, 'User', 'User', 'Live'),
(11, 'Supplier Payment', 'SupplierPayment', 'Live'),
(13, 'Inventory Adjustment', 'Inventory_adjustment', 'Live'),
(14, 'Short Message Service', 'Short_message_service', 'Live'),
(15, 'Customer Due Receive', 'Customer_due_receive', 'Live'),
(16, 'Attendance', 'Attendance', 'Live'),
(17, 'Bar', 'Bar', 'Live'),
(18, 'Kitchen', 'Kitchen', 'Live'),
(19, 'Waiter', 'Waiter', 'Live'),
(20, 'Sale Waiter', 'Sale_waiter', 'Live');

-- --------------------------------------------------------

--
-- Table structure for table `tbl_attendance`
--

CREATE TABLE `tbl_attendance` (
  `id` int(10) NOT NULL,
  `reference_no` varchar(50) COLLATE utf8_unicode_ci DEFAULT NULL,
  `employee_id` int(10) DEFAULT NULL,
  `date` date DEFAULT NULL,
  `in_time` time DEFAULT NULL,
  `out_time` time DEFAULT NULL,
  `note` varchar(200) COLLATE utf8_unicode_ci DEFAULT NULL,
  `user_id` int(10) DEFAULT NULL,
  `company_id` int(10) DEFAULT NULL,
  `del_status` varchar(50) COLLATE utf8_unicode_ci DEFAULT 'Live'
) ENGINE=MyISAM DEFAULT CHARSET=utf8 COLLATE=utf8_unicode_ci;

--
-- Dumping data for table `tbl_attendance`
--

INSERT INTO `tbl_attendance` (`id`, `reference_no`, `employee_id`, `date`, `in_time`, `out_time`, `note`, `user_id`, `company_id`, `del_status`) VALUES
(1, '000001', NULL, '2018-12-12', '20:16:56', '23:30:00', '', 1, 1, 'Live');

-- --------------------------------------------------------

--
-- Table structure for table `tbl_companies`
--

CREATE TABLE `tbl_companies` (
  `id` int(10) NOT NULL,
  `currency` varchar(50) DEFAULT NULL,
  `timezone` varchar(50) DEFAULT NULL,
  `date_format` varchar(50) DEFAULT NULL,
  `outlet_id` int(15) DEFAULT NULL
) ENGINE=InnoDB DEFAULT CHARSET=utf8;

--
-- Dumping data for table `tbl_companies`
--

INSERT INTO `tbl_companies` (`id`, `currency`, `timezone`, `date_format`, `outlet_id`) VALUES
(1, '৳', 'Asia/Dhaka', 'd/m/Y', 1);

-- --------------------------------------------------------

--
-- Table structure for table `tbl_customers`
--

CREATE TABLE `tbl_customers` (
  `id` int(10) NOT NULL,
  `name` varchar(50) DEFAULT NULL,
  `phone` varchar(50) DEFAULT NULL,
  `email` varchar(100) DEFAULT NULL,
  `address` varchar(300) DEFAULT NULL,
  `gst_number` varchar(50) DEFAULT NULL,
  `area_id` int(11) DEFAULT NULL,
  `user_id` int(11) DEFAULT NULL,
  `company_id` int(11) DEFAULT NULL,
  `del_status` varchar(10) DEFAULT 'Live',
  `date_of_birth` date DEFAULT NULL,
  `date_of_anniversary` date DEFAULT NULL
) ENGINE=InnoDB DEFAULT CHARSET=utf8 ROW_FORMAT=COMPACT;

--
-- Dumping data for table `tbl_customers`
--

INSERT INTO `tbl_customers` (`id`, `name`, `phone`, `email`, `address`, `gst_number`, `area_id`, `user_id`, `company_id`, `del_status`, `date_of_birth`, `date_of_anniversary`) VALUES
(1, 'Walk-in Customer', '', NULL, NULL, NULL, 0, 1, 1, 'Live', NULL, NULL),
(3, 'edi', '089008777', '', '', '', NULL, 1, 1, 'Live', '1970-01-01', '1970-01-01'),
(4, 'nanda', '0934134', 'nanda@gmailc.om', 'asbdiausbd', '', NULL, 1, 1, 'Live', '2020-02-17', '2020-02-17'),
(5, 'Hari', '09090909', '', '', '', NULL, 1, 1, 'Live', '1970-01-01', '1970-01-01');

-- --------------------------------------------------------

--
-- Table structure for table `tbl_customer_due_receives`
--

CREATE TABLE `tbl_customer_due_receives` (
  `id` int(10) NOT NULL,
  `reference_no` varchar(50) COLLATE utf8_unicode_ci DEFAULT NULL,
  `only_date` date DEFAULT NULL,
  `date` datetime DEFAULT NULL,
  `customer_id` int(11) DEFAULT NULL,
  `amount` float(10,2) DEFAULT NULL,
  `note` varchar(200) COLLATE utf8_unicode_ci DEFAULT NULL,
  `user_id` int(10) DEFAULT NULL,
  `outlet_id` int(10) DEFAULT NULL,
  `company_id` int(10) DEFAULT NULL,
  `del_status` varchar(50) COLLATE utf8_unicode_ci DEFAULT 'Live'
) ENGINE=MyISAM DEFAULT CHARSET=utf8 COLLATE=utf8_unicode_ci;

--
-- Dumping data for table `tbl_customer_due_receives`
--

INSERT INTO `tbl_customer_due_receives` (`id`, `reference_no`, `only_date`, `date`, `customer_id`, `amount`, `note`, `user_id`, `outlet_id`, `company_id`, `del_status`) VALUES
(1, '000001', '2020-02-23', '2020-02-23 10:50:23', 3, 5454455.00, '', 1, 1, 1, 'Deleted'),
(2, '000001', '2020-02-23', '2020-02-23 10:50:43', 2, 46777.00, '', 1, 1, 1, 'Deleted'),
(3, '000003', '2020-02-23', '2020-02-23 10:50:59', 3, 4644474.00, '', 1, 1, 1, 'Deleted'),
(4, '000004', '2020-02-24', '2020-02-24 12:01:59', 5, 10000.00, '', 1, 1, 1, 'Deleted');

-- --------------------------------------------------------

--
-- Table structure for table `tbl_delivery`
--

CREATE TABLE `tbl_delivery` (
  `id` int(11) NOT NULL,
  `name_delivery` varchar(40) NOT NULL,
  `price_delivery` varchar(40) NOT NULL,
  `del_status` varchar(50) NOT NULL DEFAULT 'live'
) ENGINE=InnoDB DEFAULT CHARSET=utf8mb4;

--
-- Dumping data for table `tbl_delivery`
--

INSERT INTO `tbl_delivery` (`id`, `name_delivery`, `price_delivery`, `del_status`) VALUES
(1, 'gofood', '5', 'live'),
(2, 'grab food', '10', 'live');

-- --------------------------------------------------------

--
-- Table structure for table `tbl_discount`
--

CREATE TABLE `tbl_discount` (
  `id` int(11) NOT NULL,
  `discount_name` varchar(40) NOT NULL,
  `amount` varchar(36) NOT NULL,
  `price` varchar(200) NOT NULL,
  `status` varchar(200) NOT NULL,
  `user_id` int(11) NOT NULL,
  `outlet_id` int(10) NOT NULL,
  `del_status` varchar(50) NOT NULL DEFAULT 'live'
) ENGINE=InnoDB DEFAULT CHARSET=utf8mb4;

--
-- Dumping data for table `tbl_discount`
--

INSERT INTO `tbl_discount` (`id`, `discount_name`, `amount`, `price`, `status`, `user_id`, `outlet_id`, `del_status`) VALUES
(14, 'ulang tahun', '10', '%', 'Items', 1, 1, 'live'),
(15, 'merdeka', '10', '%', 'All-Items', 1, 1, 'live'),
(16, 'lebaran', '1000', 'Rp', 'Items', 1, 1, 'live');

-- --------------------------------------------------------

--
-- Table structure for table `tbl_employees`
--

CREATE TABLE `tbl_employees` (
  `id` int(10) NOT NULL,
  `name` varchar(50) DEFAULT NULL,
  `designation` varchar(50) DEFAULT NULL,
  `phone` varchar(50) DEFAULT NULL,
  `description` varchar(500) DEFAULT NULL,
  `user_id` int(11) DEFAULT NULL,
  `company_id` int(11) DEFAULT NULL,
  `del_status` varchar(10) DEFAULT 'Live'
) ENGINE=InnoDB DEFAULT CHARSET=utf8 ROW_FORMAT=COMPACT;

-- --------------------------------------------------------

--
-- Table structure for table `tbl_expenses`
--

CREATE TABLE `tbl_expenses` (
  `id` int(10) NOT NULL,
  `date` date DEFAULT NULL,
  `amount` float(10,2) DEFAULT NULL,
  `category_id` int(10) DEFAULT NULL,
  `employee_id` int(10) DEFAULT NULL,
  `note` varchar(200) DEFAULT NULL,
  `user_id` int(11) DEFAULT NULL,
  `outlet_id` int(11) DEFAULT NULL,
  `del_status` varchar(10) DEFAULT 'Live'
) ENGINE=InnoDB DEFAULT CHARSET=utf8 ROW_FORMAT=COMPACT;

-- --------------------------------------------------------

--
-- Table structure for table `tbl_expense_items`
--

CREATE TABLE `tbl_expense_items` (
  `id` int(10) NOT NULL,
  `name` varchar(50) DEFAULT NULL,
  `description` varchar(50) DEFAULT NULL,
  `user_id` int(10) DEFAULT NULL,
  `company_id` int(10) DEFAULT NULL,
  `del_status` varchar(50) DEFAULT 'Live'
) ENGINE=InnoDB DEFAULT CHARSET=utf8;

--
-- Dumping data for table `tbl_expense_items`
--

INSERT INTO `tbl_expense_items` (`id`, `name`, `description`, `user_id`, `company_id`, `del_status`) VALUES
(1, 'test', 'test', 1, 1, 'Deleted');

-- --------------------------------------------------------

--
-- Table structure for table `tbl_food_main_menu_category`
--

CREATE TABLE `tbl_food_main_menu_category` (
  `id` int(11) NOT NULL,
  `ma_ca_name` varchar(255) NOT NULL,
  `description` varchar(255) NOT NULL,
  `user_id` int(11) NOT NULL,
  `company_id` int(11) NOT NULL,
  `del_status` varchar(50) NOT NULL
) ENGINE=InnoDB DEFAULT CHARSET=utf8mb4;

--
-- Dumping data for table `tbl_food_main_menu_category`
--

INSERT INTO `tbl_food_main_menu_category` (`id`, `ma_ca_name`, `description`, `user_id`, `company_id`, `del_status`) VALUES
(1, 'Makanan', 'Makanan', 1, 1, 'Live'),
(2, 'Minuman', 'Minuman', 1, 1, 'Live'),
(3, 'Dessert', 'Dessert', 1, 1, 'Live'),
(4, 'Merchandise', 'Merchandise', 1, 1, 'LIve');

-- --------------------------------------------------------

--
-- Table structure for table `tbl_food_menus`
--

CREATE TABLE `tbl_food_menus` (
  `id` int(10) NOT NULL,
  `code` varchar(50) DEFAULT NULL,
  `name` varchar(50) DEFAULT NULL,
  `category_id` int(10) DEFAULT NULL,
  `description` varchar(200) DEFAULT NULL,
  `sale_price` float(10,2) DEFAULT NULL,
  `tax_information` text DEFAULT NULL,
  `vat_id` int(11) DEFAULT NULL,
  `user_id` int(10) DEFAULT NULL,
  `company_id` int(10) DEFAULT NULL,
  `photo` varchar(250) DEFAULT NULL,
  `veg_item` varchar(50) DEFAULT 'Veg No',
  `beverage_item` varchar(50) DEFAULT 'Beverage No',
  `bar_item` varchar(50) DEFAULT 'Bar No',
  `del_status` varchar(10) DEFAULT 'Live'
) ENGINE=InnoDB DEFAULT CHARSET=utf8 ROW_FORMAT=COMPACT;

--
-- Dumping data for table `tbl_food_menus`
--

INSERT INTO `tbl_food_menus` (`id`, `code`, `name`, `category_id`, `description`, `sale_price`, `tax_information`, `vat_id`, `user_id`, `company_id`, `photo`, `veg_item`, `beverage_item`, `bar_item`, `del_status`) VALUES
(1, '0601', 'Fried Rice with sausage', 11, '', 28000.00, '[]', NULL, 1, 1, '087f2134a17a8de049c4b22735950187.jpg', 'Veg No', 'Bev No', 'Bar Yes', 'Live'),
(2, '0602', 'Fish Set', 11, '', 28000.00, '[]', NULL, 1, 1, '95383b87b824d420dc08d64079e65c9a.jpg', 'Veg No', 'Bev No', 'Bar Yes', 'Live'),
(3, '0603', 'Chicken Set', 11, '', 28000.00, '[]', NULL, 1, 1, '66a8c76775b3981ce98567d33d37e173.jpg', 'Veg No', 'Bev No', 'Bar Yes', 'Live'),
(4, '0607', 'Iced Chocolate', 11, '', 0.00, '[]', NULL, 1, 1, '7dd461ad88de9ff02581516f35029aeb.jpg', 'Veg No', 'Bev Yes', 'Bar Yes', 'Live'),
(5, '0605', 'Strawberry Milk', 11, '', 0.00, '[]', NULL, 1, 1, 'edbbd93a5ee501be334d591597a81c6b.jpg', 'Veg No', 'Bev Yes', 'Bar Yes', 'Live'),
(6, '0604', 'Fresh Milk', 11, '', 0.00, '[]', NULL, 1, 1, 'bc365275f7d65c0f6f9c2e0504279eb3.jpg', 'Veg No', 'Bev Yes', 'Bar Yes', 'Live'),
(7, '0606', 'Blueberry Milk', 11, '', 0.00, '[]', NULL, 1, 1, '1adb3b123853506a196a0bf0b45286d9.jpg', 'Veg No', 'Bev Yes', 'Bar Yes', 'Live'),
(8, '1101', 'French Fries', 25, '', 20000.00, '[]', NULL, 1, 1, '8556d9df6f367e9d9b6af4602583974d.jpg', 'Veg Yes', 'Bev No', 'Bar Yes', 'Live'),
(9, '1102', 'Fish &amp; Chips', 25, '', 28000.00, '[]', NULL, 1, 1, '3093edc434c118a7eac7add829a000d1.jpg', 'Veg Yes', 'Bev No', 'Bar Yes', 'Live'),
(10, '1103', 'Chicken Bites 6-p &amp; Fries', 25, '', 28000.00, '[]', NULL, 1, 1, '89cb9ac1ac7f7a81171b3df7f07f7211.jpg', 'Veg Yes', 'Bev No', 'Bar Yes', 'Live'),
(11, '1104', 'Sausage Bites 6-p &amp; Fries', 25, '', 28000.00, '[]', NULL, 1, 1, '07a457435150f55f5f0208d253fca97b.jpg', 'Veg Yes', 'Bev No', 'Bar Yes', 'Live'),
(12, '1105', 'Mixed Platter', 25, '', 30000.00, '[]', NULL, 1, 1, 'ebf15b3efcca30baef652f3fa43afae2.jpg', 'Veg Yes', 'Bev No', 'Bar Yes', 'Live'),
(13, '0101', 'Pekcha Mie Goreng', 12, '', 15000.00, '[]', NULL, 1, 1, '4f713e8f3ea991e007e805c77e67fa3d.jpg', 'Veg No', 'Bev No', 'Bar Yes', 'Live'),
(14, '0102', 'Pekcha Kwetiaw Goreng', 12, '', 15000.00, '[]', NULL, 1, 1, 'dfed6e381c7c8c3d1ca2c62c6fd945ee.jpg', 'Veg No', 'Bev No', 'Bar Yes', 'Live'),
(15, '0103', 'Pekcha Bihun Goreng', 12, '', 15000.00, '[]', NULL, 1, 1, '92ee0724595293f8341de69d9dc02812.jpg', 'Veg No', 'Bev No', 'Bar Yes', 'Live'),
(16, '0104', 'Mie Goreng Telur', 12, '', 20000.00, '[]', NULL, 1, 1, '877263f3e68ba211afecf8b1df0f1344.jpg', 'Veg No', 'Bev No', 'Bar Yes', 'Live'),
(17, '0105', 'Kwetiaw Goreng Telur', 12, '', 20000.00, '[]', NULL, 1, 1, '90242808fa20f3376a70dc9a00cd40c8.jpg', 'Veg No', 'Bev No', 'Bar Yes', 'Live'),
(18, '0106', 'Bihun Goreng Telur', 12, '', 20000.00, '[]', NULL, 1, 1, '06baebddb49554fd030e5b90bfabd686.jpg', 'Veg No', 'Bev No', 'Bar Yes', 'Live'),
(19, '0110', 'Kwetiaw Goreng Ayam Lada Hitam', 12, '', 32000.00, '[]', NULL, 1, 1, 'c4bda8d611885a2bd8e334c25c704881.jpg', 'Veg No', 'Bev No', 'Bar Yes', 'Live'),
(20, '0111', 'Kwetiaw Goreng Sapi Lada Hitam', 12, '', 34000.00, '[]', NULL, 1, 1, '3fcd2e279604c0e6c70f3bf1d787c499.jpg', 'Veg No', 'Bev No', 'Bar Yes', 'Live'),
(21, '0107', 'Mie Goreng Seafood', 12, '', 28000.00, '[]', NULL, 1, 1, '4d39ad0c84afbc7ad62e7c383bc659a8.jpg', 'Veg No', 'Bev No', 'Bar Yes', 'Live'),
(22, '0108', 'Kwetiaw Goreng Seafood', 12, '', 28000.00, '[]', NULL, 1, 1, '441551427e9647ae50bf04fb029ea96f.jpg', 'Veg No', 'Bev No', 'Bar Yes', 'Live'),
(23, '0109', 'Bihun Goreng Seafood', 12, '', 28000.00, '[]', NULL, 1, 1, '3b9b29e1cfb2803954df21d0bc6e0930.jpg', 'Veg No', 'Bev No', 'Bar Yes', 'Live'),
(24, '0202', 'Indomie Goreng Telur', 26, '', 11000.00, '[]', NULL, 1, 1, '4973eed1c353ef0db66c5c1cf97809f9.jpg', 'Veg No', 'Bev No', 'Bar Yes', 'Live'),
(25, '0201', 'Indomie Kuah Telur', 26, '', 11000.00, '[]', NULL, 1, 1, 'baefd236f17a73d87a897efc662fe7ee.jpg', 'Veg No', 'Bev No', 'Bar Yes', 'Live'),
(26, '0203', 'Indomie Sambal Matah', 26, '', 11000.00, '[]', NULL, 1, 1, 'fd7ff8dd86b6201576492baffc435afa.jpg', 'Veg No', 'Bev No', 'Bar Yes', 'Live'),
(27, '0213', 'Indomie Kari Ayam Special', 26, '', 24000.00, '[]', NULL, 1, 1, '7e85243c583e0b8a31e463c65d7f886f.jpg', 'Veg No', 'Bev No', 'Bar Yes', 'Live'),
(28, '0212', 'Indomie Tomyum Seafood', 26, '', 28000.00, '[]', NULL, 1, 1, '822c819b2ffd04bd348758d40db2083f.jpg', 'Veg No', 'Bev No', 'Bar Yes', 'Live'),
(29, '0211', 'Indomie Tomyum Ayam', 26, '', 24000.00, '[]', NULL, 1, 1, 'a0bac82b4d2e85f4ab8620af621a4a14.jpg', 'Veg No', 'Bev No', 'Bar Yes', 'Live'),
(30, '0208', 'Indomie Ayam Telur Asin', 26, '', 28000.00, '[]', NULL, 1, 1, '48d02a5873168b91e18b2021ed68f28c.jpg', 'Veg No', 'Bev No', 'Bar Yes', 'Live'),
(31, '0207', 'Indomie Telur Asin', 26, '', 240000.00, '[]', NULL, 1, 1, '79ecbd5153f67132c3b28007a7277272.jpg', 'Veg No', 'Bev No', 'Bar Yes', 'Live'),
(32, '0206', 'Indomie Becek', 26, '', 20000.00, '[]', NULL, 1, 1, '9ea303fcabead23a323815ba67a09057.jpg', 'Veg No', 'Bev No', 'Bar Yes', 'Live'),
(33, '204', 'Indomie Sambal Padang', 26, '', 11000.00, NULL, 1, 1, 1, NULL, 'Veg No', 'Bev No', 'Bar No', 'Live'),
(34, '205', 'Indomie Bakso Sambal Padang', 26, '', 24000.00, NULL, 1, 1, 1, NULL, 'Veg No', 'Bev No', 'Bar No', 'Live'),
(35, '209', 'Indomie Kangkung Ayam', 26, '', 22000.00, NULL, 1, 1, 1, NULL, 'Veg No', 'Bev No', 'Bar No', 'Live'),
(36, '210', 'Indomie Kangkung Seafood', 26, '', 24000.00, NULL, 1, 1, 1, NULL, 'Veg No', 'Bev No', 'Bar No', 'Live'),
(37, '0214', 'Indomie Tek-tek', 26, '', 20000.00, '[]', NULL, 1, 1, 'd9185cc7b1fe0dc9ec72e95cd021c869.jpg', 'Veg No', 'Bev No', 'Bar Yes', 'Live'),
(38, '0302', 'Ramyun Seafood', 18, '', 33000.00, '[]', NULL, 1, 1, 'b82a73087623ca580852f9aa050af584.jpg', 'Veg No', 'Bev No', 'Bar Yes', 'Live'),
(39, '0304', 'Rice Bowl Chicken Teriyaki', 18, '', 32000.00, '[]', NULL, 1, 1, '874d851c52cfafe9da9790a7f8122d7a.jpg', 'Veg No', 'Bev No', 'Bar Yes', 'Live'),
(40, '0305', 'Rice Bowl Beef Teriyaki', 18, '', 34000.00, '[]', NULL, 1, 1, '58c51c6be4464734389b01979cad1f3d.jpg', 'Veg No', 'Bev No', 'Bar Yes', 'Live'),
(41, '303', 'Japanese Fried Rice', 18, '', 29000.00, NULL, 1, 1, 1, NULL, 'Veg No', 'Bev No', 'Bar No', 'Live'),
(42, '0420', 'Misop Ayam Medan', 27, '', 34000.00, '[]', NULL, 1, 1, 'c15db946e607d5d8ab9b69a66c1e9fa5.jpg', 'Veg No', 'Bev No', 'Bar Yes', 'Live'),
(43, '0421', 'Kwetiaw Siram - Ayam', 27, '', 30000.00, '[]', NULL, 1, 1, '87b0c27cb81178d1cb82967c2e98a3cf.jpg', 'Veg No', 'Bev No', 'Bar Yes', 'Live'),
(44, '0422', 'Kwetiaw Siram - Sapi', 27, '', 32000.00, '[]', NULL, 1, 1, 'c2836a641cf1deeb5bfb8e68a52d2c64.jpg', 'Veg No', 'Bev No', 'Bar Yes', 'Live'),
(45, '0423', 'Kwetiaw Siram - Seafood', 27, '', 34000.00, '[]', NULL, 1, 1, '99ae5e306e3fa041a6015821592ffec2.jpg', 'Veg No', 'Bev No', 'Bar Yes', 'Live'),
(46, '0424', 'Nasi Kari Ayam', 27, '', 32000.00, '[]', NULL, 1, 1, '565768e03148cdacc74d905989443784.jpg', 'Veg No', 'Bev No', 'Bar Yes', 'Live'),
(47, '0425', 'Bihun Kari Ayam', 27, '', 32000.00, '[]', NULL, 1, 1, 'fa51572b30f0a3a49e39acd337cca109.jpg', 'Veg No', 'Bev No', 'Bar Yes', 'Live'),
(48, '0426', 'Nasi Soto Ayam', 27, '', 34000.00, '[]', NULL, 1, 1, 'd0e87fa53ff9b23ccad151ac9b90e2e2.jpg', 'Veg No', 'Bev No', 'Bar Yes', 'Live'),
(49, '0427', 'Nasi Soto Daging', 27, '', 34000.00, '[]', NULL, 1, 1, '86263a7935793014d674456048ee4576.jpg', 'Veg No', 'Bev No', 'Bar Yes', 'Live'),
(50, '401', 'Nasi Gurih Original', 28, '', 9000.00, NULL, 1, 1, 1, NULL, 'Veg No', 'Bev No', 'Bar No', 'Live'),
(51, '406', 'Ayam Goreng', 28, '', 16000.00, NULL, 1, 1, 1, NULL, 'Veg No', 'Bev No', 'Bar No', 'Live'),
(52, '402', 'Perkedel Kentang', 28, '', 3000.00, NULL, 1, 1, 1, NULL, 'Veg No', 'Bev No', 'Bar No', 'Live'),
(53, '405', 'Ayam Sambal Padang', 28, '', 16000.00, NULL, 1, 1, 1, NULL, 'Veg No', 'Bev No', 'Bar No', 'Live'),
(54, '407', 'Ayam Goreng Rica', 28, '', 16000.00, NULL, 1, 1, 1, NULL, 'Veg No', 'Bev No', 'Bar No', 'Live'),
(55, '408', 'Rendang Ayam', 28, '', 16000.00, NULL, 1, 1, 1, NULL, 'Veg No', 'Bev No', 'Bar No', 'Live'),
(56, '409', 'Rendang Sapi', 28, '', 16000.00, NULL, 1, 1, 1, NULL, 'Veg No', 'Bev No', 'Bar No', 'Live'),
(57, '0502', 'Rice Bowl Ikan Sambal Matah', 20, '', 32000.00, '[]', NULL, 1, 1, '8ab42f58bae736b737a01d6970af98b4.jpg', 'Veg No', 'Bev No', 'Bar Yes', 'Live'),
(58, '0505', 'Rice Bowl Ayam Telur Asin', 20, '', 34000.00, '[]', NULL, 1, 1, '4f1c997ce0cd1222cb4bca8cf78ca1e4.jpg', 'Veg No', 'Bev No', 'Bar Yes', 'Live'),
(59, '0506', 'Rice Bowl Ayam Lada Hitam', 20, '', 32000.00, '[]', NULL, 1, 1, 'bd9231b8c98fe2c723cacc6008686376.jpg', 'Veg No', 'Bev No', 'Bar Yes', 'Live'),
(60, '0507', 'Rice Bowl Beef Lada Hitam', 20, '', 34000.00, '[]', NULL, 1, 1, '9d775aac7f74b35b0d979c044e53b8f3.jpg', 'Veg No', 'Bev No', 'Bar Yes', 'Live'),
(61, '501', 'Rice Bowl Bakso Sambal Padang', 20, '', 24000.00, NULL, 1, 1, 1, NULL, 'Veg No', 'Bev No', 'Bar No', 'Live'),
(62, '504', 'Rice Bowl Rendang Ayam', 20, '', 29000.00, NULL, 1, 1, 1, NULL, 'Veg No', 'Bev No', 'Bar No', 'Live'),
(63, '503', 'Rice Bowl Thai Basil Chicken', 20, '', 29000.00, NULL, 1, 1, 1, NULL, 'Veg No', 'Bev No', 'Bar No', 'Live'),
(64, '0526', 'Spc Pineapple Fried Rice (Seafood)', 17, '', 48000.00, '[]', NULL, 1, 1, '34947d8241067e55774872e38fb6af80.jpg', 'Veg No', 'Bev No', 'Bar Yes', 'Live'),
(65, '0520', 'Nasgor Nanas (Ayam)', 17, '', 29000.00, '[]', NULL, 1, 1, '8c2062c7cb748322766f1fe503976b70.jpg', 'Veg No', 'Bev No', 'Bar Yes', 'Live'),
(66, '0521', 'Nasgor Pete', 17, '', 29000.00, '[]', NULL, 1, 1, '75793ff18656758131b04434e49a5ea7.jpg', 'Veg No', 'Bev No', 'Bar Yes', 'Live'),
(67, '0522', 'Nasgor Kampung', 17, '', 32000.00, '[]', NULL, 1, 1, '8fcad589c99adc8b35b2e56d1e472769.jpg', 'Veg No', 'Bev No', 'Bar Yes', 'Live'),
(68, '0524', 'TomYum Fried Rice (Ayam)', 17, '', 34000.00, '[]', NULL, 1, 1, 'b16d07df8f449c93faf8fde18da2178b.jpg', 'Veg No', 'Bev No', 'Bar Yes', 'Live'),
(69, '0525', 'TomYum Fried Rice (Seafood)', 17, '', 38000.00, '[]', NULL, 1, 1, 'ab6d13f8b7d18ee7c2e24124386ed1d4.jpg', 'Veg No', 'Bev No', 'Bar Yes', 'Live'),
(70, '523', 'Nasi Goreng Thai Basil Chicken', 17, '', 29000.00, NULL, 1, 1, 1, NULL, 'Veg No', 'Bev No', 'Bar No', 'Live'),
(71, '0704', 'Nasi Ayam Geprek', 8, '', 30000.00, '[]', NULL, 1, 1, 'b694987676da632ddac728cf3dd3c853.jpg', 'Veg No', 'Bev No', 'Bar Yes', 'Live'),
(72, '0706', 'Nasi Ayam Geprek Keju Moza', 8, '', 35000.00, '[]', NULL, 1, 1, '4e9b57407ab92fc1d1ba093e4331856d.jpg', 'Veg No', 'Bev No', 'Bar Yes', 'Live'),
(73, '0705', 'Nasi Ayam Geprek Keju Parut', 8, '', 35000.00, '[]', NULL, 1, 1, '57552c7dff801c9fbb5b8ac0837b2b2e.jpg', 'Veg No', 'Bev No', 'Bar Yes', 'Live'),
(74, '0707', 'Paket B (+ Tahu + Tempe)', 8, '', 39000.00, '[]', NULL, 1, 1, 'cefee08ce383a685554ea0d9c92c81d5.jpg', 'Veg No', 'Bev No', 'Bar Yes', 'Live'),
(75, '0708', 'Paket C (Paket B+Bakso 3-p+Telur)', 8, '', 45000.00, '[]', NULL, 1, 1, 'b228e381270a534e3a5f46b5d7d1934f.jpg', 'Veg No', 'Bev No', 'Bar Yes', 'Live'),
(76, '0709', 'Paket Komplit Puas (Paket C + Moza)', 8, '', 52000.00, '[]', NULL, 1, 1, '90c59f737916666c4bddc049750bff5c.jpg', 'Veg No', 'Bev No', 'Bar Yes', 'Live'),
(77, '701', 'Nasi Kulit Crispy Telur Asin', 8, '', 20000.00, NULL, 1, 1, 1, NULL, 'Veg No', 'Bev No', 'Bar No', 'Live'),
(78, '0702', 'Nasi Ikan Geprek', 8, '', 28000.00, '[]', NULL, 1, 1, 'c278015fb5810975cacc2b14de543dfc.jpg', 'Veg No', 'Bev No', 'Bar Yes', 'Live'),
(79, '703', 'Nasi Cumi Geprek', 8, '', 29000.00, NULL, 1, 1, 1, NULL, 'Veg No', 'Bev No', 'Bar No', 'Live'),
(80, '0710', 'Indomie Ayam Geprek', 9, '', 30000.00, '[]', NULL, 1, 1, '71fd68b8dca2d9d68ee26915484062c3.jpg', 'Veg No', 'Bev No', 'Bar Yes', 'Live'),
(81, '0711', 'Indomie Ayam Geprek Keju Parut', 9, '', 35000.00, '[]', NULL, 1, 1, '5b8372e19d02e5382307e7f7fbdb8ea1.jpg', 'Veg No', 'Bev No', 'Bar Yes', 'Live'),
(82, '0712', 'Indomie Ayam Geprek Keju Moza', 9, '', 35000.00, '[]', NULL, 1, 1, '6e5dd05254c868b9c8d84e81f31b2c42.jpg', 'Veg No', 'Bev No', 'Bar Yes', 'Live'),
(83, '0720', 'Tahu Crispy', 1, '', 5000.00, '[]', NULL, 1, 1, '7972af0f94b797f8fbfb38e568b797b6.jpg', 'Veg Yes', 'Bev No', 'Bar Yes', 'Live'),
(84, '0721', 'Tempe Crispy', 1, '', 5000.00, '[]', NULL, 1, 1, '0c22dd87dada154fbd8161a8b1eceb01.jpg', 'Veg Yes', 'Bev No', 'Bar No', 'Live'),
(85, '0725', 'Jamur Crispy', 1, '', 10000.00, '[]', NULL, 1, 1, 'e449eeaa4d56c99c2a741e2dc8d97707.jpg', 'Veg Yes', 'Bev No', 'Bar Yes', 'Live'),
(86, '0722', 'Telur Goreng', 1, '', 5000.00, '[]', NULL, 1, 1, '1c9c283d034da5b19299dd8b46d8d169.jpg', 'Veg Yes', 'Bev No', 'Bar Yes', 'Live'),
(87, '0726', 'Bakso Geprek 5-p', 1, '', 15000.00, '[]', NULL, 1, 1, 'd6c9f51ab7ef25537a9f33fe714b465c.jpg', 'Veg Yes', 'Bev No', 'Bar Yes', 'Live'),
(88, '723', 'Kulit Crispy', 1, '', 8000.00, NULL, 1, 1, 1, NULL, 'Veg No', 'Bev No', 'Bar No', 'Live'),
(89, '724', 'Pete 1 Papan', 1, '', 10000.00, NULL, 1, 1, 1, NULL, 'Veg No', 'Bev No', 'Bar No', 'Live'),
(90, '727', 'Kulit Crispy Telur Asin', 1, '', 16000.00, NULL, 1, 1, 1, NULL, 'Veg No', 'Bev No', 'Bar No', 'Live'),
(91, '0904', 'Taichan Crispy Jomblo 10p', 22, '', 24000.00, '[]', NULL, 1, 1, '39af89702564bcbde72c4ad8510d1d04.jpg', 'Veg Yes', 'Bev No', 'Bar Yes', 'Live'),
(92, '0908', 'Taichan Crispy You Monster 30p', 22, '', 68000.00, '[]', NULL, 1, 1, '725f7e9571a5fe66a9c7e6aa61c072b1.jpg', 'Veg Yes', 'Bev No', 'Bar Yes', 'Live'),
(93, '0906', 'Taichan Crispy Double Kill  20p', 22, '', 46000.00, '[]', NULL, 1, 1, 'c31f351866e4e458071a1083525102c7.jpg', 'Veg Yes', 'Bev No', 'Bar Yes', 'Live'),
(94, '0910', 'Taichan Crispy Big Momah 50pcs', 22, '', 98000.00, '[]', NULL, 1, 1, '346d1dc83b034a8c33d98554d614a99d.jpg', 'Veg Yes', 'Bev No', 'Bar Yes', 'Live'),
(95, '0903', 'Taichan Original Jomblo 10pcs', 22, '', 24000.00, '[]', NULL, 1, 1, '6ccdb86620ad2d93e23ad8dde0c6deaf.jpg', 'Veg Yes', 'Bev No', 'Bar Yes', 'Live'),
(96, '0905', 'Taichan Original Double Kill 20 pcs', 22, '', 46000.00, '[]', NULL, 1, 1, 'd9f8b0cbdd938a63f4d0a77c734c7415.jpg', 'Veg Yes', 'Bev No', 'Bar Yes', 'Live'),
(97, '0907', 'Taichan Original You Monster 30pcs', 22, '', 68000.00, '[]', NULL, 1, 1, '4fd73bac47bc41b8a3e40a7986dad2c2.jpg', 'Veg Yes', 'Bev No', 'Bar Yes', 'Live'),
(98, '0902', 'Taichan Mozarella', 22, '', 29000.00, '[]', NULL, 1, 1, '559605e73c6355db9b19f2e5340db013.jpg', 'Veg Yes', 'Bev No', 'Bar Yes', 'Live'),
(99, '1801', 'Orange Juice', 7, '', 15000.00, '[]', NULL, 1, 1, '3aeeaabea1dc3ee9a61c1bcb4e06b1f8.jpg', 'Veg No', 'Bev Yes', 'Bar Yes', 'Live'),
(100, '1802', 'Apple Juice', 7, '', 15000.00, '[]', NULL, 1, 1, '2193aa4e7ffcc0bd1b635fa797c19f17.jpg', 'Veg No', 'Bev Yes', 'Bar Yes', 'Live'),
(101, '1803', 'Pineapple Juice', 7, '', 15000.00, '[]', NULL, 1, 1, 'b09b2604645b9aea5420f552821be318.jpg', 'Veg No', 'Bev Yes', 'Bar Yes', 'Live'),
(102, '1804', 'Mango Juice', 7, '', 15000.00, '[]', NULL, 1, 1, '150de13e169c9aa83351e9f2e5e09efa.jpg', 'Veg No', 'Bev Yes', 'Bar Yes', 'Live'),
(103, '1805', 'Blueberry Juice', 7, '', 15000.00, NULL, 1, 1, 1, NULL, 'Veg No', 'Bev No', 'Bar No', 'Live'),
(104, '1806', 'Cranberry Juice', 7, '', 15000.00, NULL, 1, 1, 1, NULL, 'Veg No', 'Bev No', 'Bar No', 'Live'),
(105, '1807', 'Guava Juice (Jus Jambu)', 7, '', 15000.00, '[]', NULL, 1, 1, '50a4cb29a0b3509a98f6338e8670dfda.jpg', 'Veg No', 'Bev Yes', 'Bar Yes', 'Live'),
(106, '1808', 'Soursop Juice (Jus Sirsak)', 7, '', 15000.00, '[]', NULL, 1, 1, 'a3157f7b705cfa9f9819e65c2295b10d.jpg', 'Veg No', 'Bev Yes', 'Bar Yes', 'Live'),
(107, '1809', 'Pomegranate Juice (Jus Delima)', 7, '', 15000.00, '[]', NULL, 1, 1, 'f9165cd2d46ac35ffb486627699c4bf3.jpg', 'Veg No', 'Bev Yes', 'Bar Yes', 'Live'),
(108, '1810', 'Tamarillo Juice-Jus Terong Belanda', 7, '', 15000.00, '[]', NULL, 1, 1, 'd13eb20b497535ec185b3a0e9e4ee143.jpg', 'Veg No', 'Bev Yes', 'Bar Yes', 'Live'),
(109, '1811', 'Vit C (Orange, Pineapple)', 7, '', 18000.00, '[]', NULL, 1, 1, '0beb7d4a9e0d55fe9e60050e402000cd.jpg', 'Veg No', 'Bev Yes', 'Bar Yes', 'Live'),
(110, '0801', 'Ice Cream Cup - chocolate', 6, '', 15000.00, '[]', NULL, 1, 1, '0f7686f66176d1cc607a6250dcadd40e.jpg', 'Veg Yes', 'Bev No', 'Bar Yes', 'Live'),
(111, '0804', 'Ice Cream - Dilema (3 Scoop)', 6, '', 20000.00, '[]', NULL, 1, 1, 'a179699fa7b900857ca34357c53c2368.jpg', 'Veg Yes', 'Bev No', 'Bar Yes', 'Live'),
(112, '0802', 'Ice Cream Cup - Vanilla', 6, '', 15000.00, '[]', NULL, 1, 1, '508fe0cc71dc75a32f6c2e2d6415787f.jpg', 'Veg Yes', 'Bev No', 'Bar Yes', 'Live'),
(113, '0803', 'Ice Cream Cup  - Strawberry', 6, '', 15000.00, '[]', NULL, 1, 1, '2128a620b6192f5d55c8662538542f6a.jpg', 'Veg Yes', 'Bev No', 'Bar Yes', 'Live'),
(114, '0805', 'Ropang Ice Cream - Chocolate', 6, '', 20000.00, '[]', NULL, 1, 1, 'f2793e24d99269fd92fd017fa6109e2d.jpg', 'Veg Yes', 'Bev No', 'Bar Yes', 'Live'),
(115, '0806', 'Ropang Ice Cream - Vanilla', 6, '', 20000.00, '[]', NULL, 1, 1, '6b2e702732c1004984367e04377a4d11.jpg', 'Veg Yes', 'Bev No', 'Bar Yes', 'Live'),
(116, '0807', 'Ropang Ice Cream - Strawberry', 6, '', 20000.00, '[]', NULL, 1, 1, 'dbe5555fe621fe30e59a6ed48fcaeeea.jpg', 'Veg Yes', 'Bev No', 'Bar Yes', 'Live'),
(117, '0808', 'Ropang Tower - Chocolate', 6, '', 65000.00, '[]', NULL, 1, 1, 'fb7582f2166d77aff358d25652dd346e.jpg', 'Veg Yes', 'Bev No', 'Bar Yes', 'Live'),
(118, '0809', 'Ropang Tower - Vanilla', 6, '', 65000.00, '[]', NULL, 1, 1, '75e893c37aa0b71d55305aaa3f574167.jpg', 'Veg Yes', 'Bev No', 'Bar Yes', 'Live'),
(119, '0810', 'Ropang Tower - Strawberry', 6, '', 65000.00, '[]', NULL, 1, 1, '053c184efe6fd9c4a3b4ec968890db18.jpg', 'Veg Yes', 'Bev No', 'Bar Yes', 'Live'),
(120, '1004', 'Ropang Butterscotch', 6, '', 20000.00, '[]', NULL, 1, 1, '425d88e8af01aadea8913d614ca0dbdd.jpg', 'Veg Yes', 'Bev No', 'Bar Yes', 'Live'),
(121, '1005', 'Ropang Butterscotch Banana', 6, '', 25000.00, '[]', NULL, 1, 1, '72e7d0c09501ab2c4d12918ca732cfeb.jpg', 'Veg Yes', 'Bev No', 'Bar Yes', 'Live'),
(122, '1006', 'Ropang Red Velvet Oreo', 6, '', 24000.00, NULL, 1, 1, 1, NULL, 'Veg No', 'Bev No', 'Bar No', 'Live'),
(123, '1007', 'Ropang Mocha Cheese', 6, '', 26000.00, NULL, 1, 1, 1, NULL, 'Veg No', 'Bev No', 'Bar No', 'Live'),
(124, '1008', 'Ropang Oreo Matcha', 6, '', 30000.00, NULL, 1, 1, 1, NULL, 'Veg No', 'Bev No', 'Bar No', 'Live'),
(125, '1001', 'Ropang + 1 sauce', 6, '', 18000.00, NULL, 1, 1, 1, NULL, 'Veg No', 'Bev No', 'Bar No', 'Live'),
(126, '1002', 'Pisang Bakar + 1 Sauce', 6, '', 18000.00, NULL, 1, 1, 1, NULL, 'Veg No', 'Bev No', 'Bar No', 'Live'),
(127, '1003', 'Pisang Goreng + 1 Sauce', 6, '', 18000.00, NULL, 1, 1, 1, NULL, 'Veg No', 'Bev No', 'Bar No', 'Live'),
(128, '1201', 'Air Mineral (600cc)', 16, '', 5000.00, '[]', NULL, 1, 1, '264aca5c28756f884861919b1a24b9ec.jpg', 'Veg No', 'Bev Yes', 'Bar Yes', 'Live'),
(129, '1202', 'Teh Tawar Hangat', 16, '', 4000.00, '[]', NULL, 1, 1, '218165063b8795a031111f30398d6f35.jpg', 'Veg No', 'Bev Yes', 'Bar Yes', 'Live'),
(130, '1203', 'Es Teh Tawar', 16, '', 4000.00, '[]', NULL, 1, 1, '49e0264cf66cf824a18eb985b05ab649.jpg', 'Veg No', 'Bev No', 'Bar No', 'Live'),
(131, '1204', 'Teh Manis Hangat', 16, '', 6000.00, '[]', NULL, 1, 1, '5a211fb97225c3fbe695e3303fdf0f2f.jpg', 'Veg No', 'Bev Yes', 'Bar Yes', 'Live'),
(132, '1205', 'Es Teh Manis', 16, '', 6000.00, '[]', NULL, 1, 1, 'f89d0ca25bb793dbfa011371861a2391.jpg', 'Veg No', 'Bev Yes', 'Bar Yes', 'Live'),
(133, '1206', 'Teh Tarik', 16, '', 14000.00, '[]', NULL, 1, 1, 'dbb813293bf381df4ea342b76144c032.jpg', 'Veg No', 'Bev Yes', 'Bar Yes', 'Live'),
(134, '1207', 'Es Teh Tarik', 16, '', 15000.00, '[]', NULL, 1, 1, 'db8e9fb4e4074aba43cd90bc1b845e1c.jpg', 'Veg No', 'Bev Yes', 'Bar Yes', 'Live'),
(135, '1208', 'Kopi Tarik', 16, '', 14000.00, '[]', NULL, 1, 1, '914d3ae0ae6964ffb39f75cce2874940.jpg', 'Veg No', 'Bev Yes', 'Bar Yes', 'Live'),
(136, '1209', 'Es Kopi Tarik', 16, '', 15000.00, '[]', NULL, 1, 1, 'b3114b1b8123e30e887d724c5decd2a1.jpg', 'Veg No', 'Bev Yes', 'Bar Yes', 'Live'),
(137, '1212', 'Milo Hangat', 16, '', 14000.00, '[]', NULL, 1, 1, '42d51d14a2dfaa485eb47630ac8964c9.jpg', 'Veg No', 'Bev Yes', 'Bar Yes', 'Live'),
(138, '1213', 'Es Milo', 16, '', 15000.00, '[]', NULL, 1, 1, '99e6aed24c629d11401a230f82a162d0.jpg', 'Veg No', 'Bev Yes', 'Bar Yes', 'Live'),
(139, '1214', 'Soft Drinks - Coca-Cola', 16, '', 10000.00, NULL, 1, 1, 1, NULL, 'Veg No', 'Bev No', 'Bar No', 'Live'),
(140, '1215', 'Soft Drinks - Sprite', 16, '', 10000.00, NULL, 1, 1, 1, NULL, 'Veg No', 'Bev No', 'Bar No', 'Live'),
(141, '1216', 'Soft Drinks - Fanta Merah', 16, '', 10000.00, NULL, 1, 1, 1, NULL, 'Veg No', 'Bev No', 'Bar No', 'Live'),
(142, '1217', 'Soft Drinks - Fanta Orange', 16, '', 10000.00, NULL, 1, 1, 1, NULL, 'Veg No', 'Bev No', 'Bar No', 'Live'),
(143, '1218', 'Teh Botol', 16, '', 7000.00, NULL, 1, 1, 1, NULL, 'Veg No', 'Bev No', 'Bar No', 'Live'),
(144, '1219', 'S-Tee (Botol)', 16, '', 7000.00, NULL, 1, 1, 1, NULL, 'Veg No', 'Bev No', 'Bar No', 'Live'),
(145, '1301', 'Sencha - Japanese Green Tea', 14, '', 15000.00, '[]', NULL, 1, 1, '02a86a5d17927d324440b3f1c134e61a.jpg', 'Veg No', 'Bev Yes', 'Bar Yes', 'Live'),
(146, '1302', 'Genmaicha - Japanese Brown Rice Tea', 14, '', 15000.00, '[]', NULL, 1, 1, 'd816b6043bac0dfbd69c2fb8525b0f41.jpg', 'Veg No', 'Bev Yes', 'Bar Yes', 'Live'),
(147, '1304', 'Hot Hojicha Latte - Jap Roastd Tea', 14, '', 22000.00, '[]', NULL, 1, 1, '4dd368c581ebe71bffe44c6c220a36a5.jpg', 'Veg No', 'Bev Yes', 'Bar Yes', 'Live'),
(148, '1307', 'Hot Green Tea Latte', 14, '', 22000.00, '[]', NULL, 1, 1, '5e71a41cfb53238381e96de972213091.jpg', 'Veg No', 'Bev Yes', 'Bar Yes', 'Live'),
(149, '1308', 'Iced Green Tea Latte', 14, '', 22000.00, '[]', NULL, 1, 1, 'ca9a338641475a8d9651acc16da1e211.jpg', 'Veg No', 'Bev Yes', 'Bar Yes', 'Live'),
(150, '1305', 'Iced Hojicha Latte', 14, '', 22000.00, '[]', NULL, 1, 1, '9e56a2ddc0cb62327c09a10eaf6809a8.jpg', 'Veg No', 'Bev Yes', 'Bar Yes', 'Live'),
(151, '1309', 'Hot Red Velvet Latte', 14, '', 22000.00, '[]', NULL, 1, 1, '488a7f9efc3cdd0e65e9584087b94125.jpg', 'Veg No', 'Bev Yes', 'Bar Yes', 'Live'),
(152, '1310', 'Ice Red Velvet Latte', 14, '', 22000.00, '[]', NULL, 1, 1, 'ef28aaf6b02c3e4d21e571bfc19b0dd8.jpg', 'Veg No', 'Bev Yes', 'Bar Yes', 'Live'),
(153, '1306', 'Sakura Matcha', 14, '', 22000.00, '[]', NULL, 1, 1, '83422787d9ff323f69c2554f08401369.jpg', 'Veg No', 'Bev Yes', 'Bar Yes', 'Live'),
(154, '1303', 'Iced Matcha', 14, '', 15000.00, '[]', NULL, 1, 1, 'b670dfeb376c98daf6f3c1e370d44f64.jpg', 'Veg No', 'Bev Yes', 'Bar Yes', 'Live'),
(155, '1401', 'Affogato', 5, '', 18000.00, '[]', NULL, 1, 1, 'dbe86ddd5f85dc0679d35d6c5c8f4121.jpg', 'Veg No', 'Bev Yes', 'Bar Yes', 'Live'),
(156, '1402', 'Espresso', 5, '', 12000.00, '[]', NULL, 1, 1, 'df7a89c8d081438bd982152aa5a4dadb.jpg', 'Veg No', 'Bev No', 'Bar No', 'Live'),
(157, '1403', 'Americano', 5, '', 15000.00, '[]', NULL, 1, 1, 'eb660adb2b4f201282652392106b9267.jpg', 'Veg No', 'Bev Yes', 'Bar Yes', 'Live'),
(158, '1404', 'Caffe Latte', 5, '', 20000.00, '[]', NULL, 1, 1, '29b32f42b0081f8f8dae81f1f0456365.jpg', 'Veg No', 'Bev Yes', 'Bar Yes', 'Live'),
(159, '1405', 'Iced Latte', 5, '', 20000.00, '[]', NULL, 1, 1, '70092878f9b40c3d626278589577fec1.jpg', 'Veg No', 'Bev Yes', 'Bar Yes', 'Live'),
(160, '1406', 'Flat White', 5, '', 20000.00, '[]', NULL, 1, 1, 'e772f00862fb567c43ad59784f67c2cf.jpg', 'Veg No', 'Bev Yes', 'Bar Yes', 'Live'),
(161, '1407', 'Iced White Cofffee', 5, '', 20000.00, '[]', NULL, 1, 1, '09afb09941ea5d572c1e150f1177c945.jpg', 'Veg No', 'Bev Yes', 'Bar Yes', 'Live'),
(162, '1408', 'Cappuccino', 5, '', 20000.00, '[]', NULL, 1, 1, 'ee0f2631db8632abbc6edcd8b43bb809.jpg', 'Veg No', 'Bev Yes', 'Bar Yes', 'Live'),
(163, '1409', 'Iced Cappuccino', 5, '', 20000.00, '[]', NULL, 1, 1, 'a0394a37001c89c4bb84f10ca7a25943.jpg', 'Veg No', 'Bev Yes', 'Bar Yes', 'Live'),
(164, '1410', 'Mochaccino', 5, '', 20000.00, '[]', NULL, 1, 1, 'cb9973c533446f3b9335bc7fcf479747.jpg', 'Veg No', 'Bev Yes', 'Bar Yes', 'Live'),
(165, '1411', 'Iced Mochaccino', 5, '', 20000.00, '[]', NULL, 1, 1, 'd32df61a83619f7a8518adc1035954fd.jpg', 'Veg No', 'Bev Yes', 'Bar Yes', 'Live'),
(166, '1412', 'Hot Chocolate', 5, '', 20000.00, '[]', NULL, 1, 1, '2e4fc7db6d0458b4fa36889e0ebde2ca.jpg', 'Veg No', 'Bev Yes', 'Bar Yes', 'Live'),
(167, '1413', 'Iced Chocolate', 5, '', 20000.00, '[]', NULL, 1, 1, 'bc8a0f6d5b79e5dee4c8ccdf1e0fcac1.jpg', 'Veg No', 'Bev Yes', 'Bar Yes', 'Live'),
(168, '1414', 'Vanilla latte', 5, '', 25000.00, NULL, 1, 1, 1, NULL, 'Veg No', 'Bev No', 'Bar No', 'Live'),
(169, '1415', 'Iced Vanilla Latte', 5, '', 22000.00, '[]', NULL, 1, 1, 'be8bdc5e3ef06ac0ab55303bcfbaa1b7.jpg', 'Veg No', 'Bev Yes', 'Bar Yes', 'Live'),
(170, '1416', 'Roasted Hazelnut Latte', 5, '', 25000.00, NULL, 1, 1, 1, NULL, 'Veg No', 'Bev No', 'Bar No', 'Live'),
(171, '1417', 'Iced Roasted Hazelnut Latte', 5, '', 22000.00, '[]', NULL, 1, 1, '5625abfd4abd0c72004ae073ea1c6fa3.jpg', 'Veg No', 'Bev Yes', 'Bar Yes', 'Live'),
(172, '1418', 'Green Tea Frappucinno', 5, '', 28000.00, NULL, 1, 1, 1, NULL, 'Veg No', 'Bev No', 'Bar No', 'Live'),
(173, '1419', 'Choco Oreo Frappucinno', 5, '', 28000.00, NULL, 1, 1, 1, NULL, 'Veg No', 'Bev No', 'Bar No', 'Live'),
(174, '1420', 'Mocha Choconut Frappucinno', 5, '', 28000.00, NULL, 1, 1, 1, NULL, 'Veg No', 'Bev No', 'Bar No', 'Live'),
(175, '1421', 'Nutella Frappucinno', 5, '', 28000.00, NULL, 1, 1, 1, NULL, 'Veg No', 'Bev No', 'Bar No', 'Live'),
(176, '1422', 'Hazelnut Mocha Frappucinno', 5, '', 28000.00, NULL, 1, 1, 1, NULL, 'Veg No', 'Bev No', 'Bar No', 'Live'),
(177, '1501', 'Avocado Juice', 2, '', 20000.00, '[]', NULL, 1, 1, '09c12e2e759e1482aeed7e7890dd00e0.jpg', 'Veg No', 'Bev Yes', 'Bar Yes', 'Live'),
(178, '1502', 'Coffee Avocado', 2, '', 25000.00, '[]', NULL, 1, 1, 'a439a44a75cf9e20ea26a22d0cdf1408.jpg', 'Veg No', 'Bev Yes', 'Bar Yes', 'Live'),
(179, '1503', 'Choco Avocado', 2, '', 25000.00, '[]', NULL, 1, 1, '07fca7bf104617800e7740293e66f4a6.jpg', 'Veg No', 'Bev Yes', 'Bar Yes', 'Live'),
(180, '1504', 'Coffee Choco Avocado', 2, '', 28000.00, '[]', NULL, 1, 1, 'efd0db15a86d8c802fb3d8f2871e5f9b.jpg', 'Veg No', 'Bev Yes', 'Bar Yes', 'Live'),
(181, '1505', 'Pink avocado', 2, '', 28000.00, '[]', NULL, 1, 1, '500930de9d53ad1b1118907e910fa1ca.jpg', 'Veg No', 'Bev Yes', 'Bar Yes', 'Live'),
(182, '1506', 'Coffee Avocado Float Vanilla', 2, '', 28000.00, '[]', NULL, 1, 1, '97c8ec685cf47d8ef1ccea0de04cf124.jpg', 'Veg No', 'Bev Yes', 'Bar Yes', 'Live'),
(183, '1507', 'Coffee Avocado Float Chocolate', 2, '', 28000.00, NULL, 1, 1, 1, NULL, 'Veg No', 'Bev No', 'Bar No', 'Live'),
(184, '1508', 'Choco Avocado Float Vanilla', 2, '', 28000.00, NULL, 1, 1, 1, NULL, 'Veg No', 'Bev No', 'Bar No', 'Live'),
(185, '1510', 'Coffee Choco Avocado Float Vanilla', 2, '', 30000.00, NULL, 1, 1, 1, NULL, 'Veg No', 'Bev No', 'Bar No', 'Live'),
(186, '1509', 'Choco Avocado Float Chocolate', 2, '', 28000.00, NULL, 1, 1, 1, NULL, 'Veg No', 'Bev No', 'Bar No', 'Live'),
(187, '1507', 'Coffee Avocado Float Chocolate', 2, '', 30000.00, NULL, 1, 1, 1, NULL, 'Veg No', 'Bev No', 'Bar No', 'Live'),
(188, '1601', 'Lemon Squash Delight', 24, '', 12000.00, NULL, 1, 1, 1, NULL, 'Veg No', 'Bev No', 'Bar No', 'Live'),
(189, '1602', 'Orange Squash Delight', 24, '', 12000.00, NULL, 1, 1, 1, NULL, 'Veg No', 'Bev No', 'Bar No', 'Live'),
(190, '1603', 'Melon Squash Delight', 24, '', 12000.00, NULL, 1, 1, 1, NULL, 'Veg No', 'Bev No', 'Bar No', 'Live'),
(191, '1606', 'Ocean Berry', 24, '', 15000.00, NULL, 1, 1, 1, NULL, 'Veg No', 'Bev No', 'Bar No', 'Live'),
(192, '1607', 'Rose Coco', 24, '', 15000.00, NULL, 1, 1, 1, NULL, 'Veg No', 'Bev No', 'Bar No', 'Live'),
(193, '1608', 'Galaxy', 24, '', 20000.00, NULL, 1, 1, 1, NULL, 'Veg No', 'Bev No', 'Bar No', 'Live'),
(194, '1609', 'Milky Way', 24, '', 20000.00, NULL, 1, 1, 1, NULL, 'Veg No', 'Bev No', 'Bar No', 'Live'),
(195, '1707', 'Iced Lemon Tea', 13, '', 15000.00, '[]', NULL, 1, 1, '2f930f9a205024a023e342e621e628e6.jpg', 'Veg No', 'Bev Yes', 'Bar Yes', 'Live'),
(196, '1710', 'Cucumber Delicacy', 13, '', 17000.00, '[]', NULL, 1, 1, '2407d0f7534ad851f694af89e2fbda44.jpg', 'Veg No', 'Bev Yes', 'Bar Yes', 'Live'),
(197, '1706', 'Lychee Tea Sensation', 13, '', 17000.00, '[]', NULL, 1, 1, '56656a2b896a19438d3625a3aa28e3eb.jpg', 'Veg No', 'Bev Yes', 'Bar Yes', 'Live'),
(198, '1704', 'Hot Lemon Barley Tea', 13, '', 15000.00, NULL, 1, 1, 1, NULL, 'Veg No', 'Bev No', 'Bar No', 'Live'),
(199, '1708', 'Hot Winter Melon Barley Tea', 13, '', 15000.00, '[]', NULL, 1, 1, '594f8973aca70af93c1494618a8a8c09.jpg', 'Veg No', 'Bev Yes', 'Bar Yes', 'Live'),
(200, '1709', 'Iced Winter Melon Barley Tea', 13, '', 15000.00, NULL, 1, 1, 1, NULL, 'Veg No', 'Bev No', 'Bar No', 'Live'),
(201, '1705', 'Iced Lemon Barley Tea', 13, '', 15000.00, '[]', NULL, 1, 1, 'd0f2eddd24550246c360f60e68c1f56f.jpg', 'Veg No', 'Bev Yes', 'Bar Yes', 'Live'),
(202, '1701', 'Hot Luo Han Guo Herbal Tea', 13, '', 12000.00, '[]', NULL, 1, 1, 'fa98f66b706ee12f6591b0410c909137.jpg', 'Veg No', 'Bev Yes', 'Bar Yes', 'Live'),
(203, '1702', 'Iced Luo Han Guo Herbal Tea', 13, '', 12000.00, '[]', NULL, 1, 1, '461b9fca71d27ec100d5b384b25450a8.jpg', 'Veg No', 'Bev Yes', 'Bar Yes', 'Live'),
(204, '0023', 'Nasi Putih', 29, '', 4000.00, '[]', NULL, 1, 1, '6ffa63b1e7c97704144c8594afae1868.jpg', 'Veg No', 'Bev No', 'Bar Yes', 'Live'),
(205, '20', 'Telur', 29, '', 5000.00, NULL, 1, 1, 1, NULL, 'Veg No', 'Bev No', 'Bar No', 'Live'),
(206, '22', 'Sosis 1-p', 29, '', 3000.00, NULL, 1, 1, 1, NULL, 'Veg No', 'Bev No', 'Bar No', 'Live'),
(207, '21', 'Bakso Sapi 1-p', 29, '', 3000.00, NULL, 1, 1, 1, NULL, 'Veg No', 'Bev No', 'Bar No', 'Live'),
(208, '30', 'Sambal Dynamite', 29, '', 5000.00, NULL, 1, 1, 1, NULL, 'Veg No', 'Bev No', 'Bar No', 'Live'),
(209, '0028', 'Sambal Matah', 29, '', 4000.00, '[]', NULL, 1, 1, '13a329e72cbae21fa82ff4d1eb6c6931.jpg', 'Veg Yes', 'Bev No', 'Bar Yes', 'Live'),
(210, '29', 'Sambal Geprek', 29, '', 3000.00, NULL, 1, 1, 1, NULL, 'Veg No', 'Bev No', 'Bar No', 'Live'),
(211, '11', 'Cheese', 29, '', 8000.00, NULL, 1, 1, 1, NULL, 'Veg No', 'Bev No', 'Bar No', 'Live'),
(212, '12', 'Mozarella', 29, '', 8000.00, NULL, 1, 1, 1, NULL, 'Veg No', 'Bev No', 'Bar No', 'Live'),
(213, '24', 'Indomie Goreng', 29, '', 6000.00, NULL, 1, 1, 1, NULL, 'Veg No', 'Bev No', 'Bar No', 'Live'),
(214, '25', 'Indomie Kuah', 29, '', 6000.00, NULL, 1, 1, 1, NULL, 'Veg No', 'Bev No', 'Bar No', 'Live'),
(215, '1', 'Red Velvet Sauce', 29, '', 0.00, NULL, 1, 1, 1, NULL, 'Veg No', 'Bev No', 'Bar No', 'Live'),
(216, '2', 'Matcha Sauce', 29, '', 0.00, NULL, 1, 1, 1, NULL, 'Veg No', 'Bev No', 'Bar No', 'Live'),
(217, '3', 'White Orange Sauce', 29, '', 0.00, NULL, 1, 1, 1, NULL, 'Veg No', 'Bev No', 'Bar No', 'Live'),
(218, '5', 'Srikaya Sauce', 29, '', 0.00, NULL, 1, 1, 1, NULL, 'Veg No', 'Bev No', 'Bar No', 'Live'),
(219, '6', 'Green Tea', 29, '', 6000.00, NULL, 1, 1, 1, NULL, 'Veg No', 'Bev No', 'Bar No', 'Live'),
(220, '7', 'Choco', 29, '', 6000.00, NULL, 1, 1, 1, NULL, 'Veg No', 'Bev No', 'Bar No', 'Live'),
(221, '8', 'Nutella', 29, '', 9000.00, NULL, 1, 1, 1, NULL, 'Veg No', 'Bev No', 'Bar No', 'Live'),
(222, '9', 'Ovomaltine', 29, '', 9000.00, NULL, 1, 1, 1, NULL, 'Veg No', 'Bev No', 'Bar No', 'Live'),
(223, '10', 'Oreo', 29, '', 6000.00, NULL, 1, 1, 1, NULL, 'Veg No', 'Bev No', 'Bar No', 'Live'),
(224, '13', 'Nougat', 29, '', 6000.00, NULL, 1, 1, 1, NULL, 'Veg No', 'Bev No', 'Bar No', 'Live'),
(225, '14', 'Milo', 29, '', 6000.00, NULL, 1, 1, 1, NULL, 'Veg No', 'Bev No', 'Bar No', 'Live'),
(226, '15', 'Ice Crem Vanilla', 29, '', 6000.00, NULL, 1, 1, 1, NULL, 'Veg No', 'Bev No', 'Bar No', 'Live'),
(227, '16', 'Ice Cream Chocolate', 29, '', 6000.00, NULL, 1, 1, 1, NULL, 'Veg No', 'Bev No', 'Bar No', 'Live'),
(228, '17', 'Ice Cream Strawberry', 29, '', 6000.00, NULL, 1, 1, 1, NULL, 'Veg No', 'Bev No', 'Bar No', 'Live'),
(229, '1507', 'Coffee Avocado Float Chocolate', 2, '', 28000.00, NULL, 1, 1, 1, NULL, 'Veg No', 'Bev No', 'Bar No', 'Live'),
(230, '1508', 'Choco Avocado Float Vanilla', 2, '', 28000.00, '[]', NULL, 1, 1, '96f7a221d8dc0249c442dbd4e388ad2e.jpg', 'Veg No', 'Bev Yes', 'Bar Yes', 'Live'),
(231, '1510', 'Coffee Choco Avocado Float Vanilla', 2, '', 30000.00, '[]', NULL, 1, 1, 'f79115e434fc52fab45ce60251837b6d.jpg', 'Veg No', 'Bev Yes', 'Bar Yes', 'Live'),
(232, '1509', 'Choco Avocado Float Chocolate', 2, '', 28000.00, '[]', NULL, 1, 1, 'c8837e280be1396d6a2035f9c7b392df.jpg', 'Veg No', 'Bev Yes', 'Bar Yes', 'Live'),
(233, '1507', 'Coffee Avocado Float Chocolate', 2, '', 28000.00, '[]', NULL, 1, 1, '083ae770ac4c8d1f856b9fee44f02f2f.jpg', 'Veg No', 'Bev Yes', 'Bar Yes', 'Live'),
(234, '1601', 'Lemon Squash Delight', 24, '', 12000.00, '[]', NULL, 1, 1, '9af65f652304f9fafe3292a1659fdd9b.jpg', 'Veg No', 'Bev Yes', 'Bar Yes', 'Live'),
(235, '1602', 'Orange Squash Delight', 24, '', 12000.00, '[]', NULL, 1, 1, '806d745390f921b89a750965deba3b1d.jpg', 'Veg No', 'Bev Yes', 'Bar Yes', 'Live'),
(236, '1603', 'Melon Squash Delight', 24, '', 12000.00, '[]', NULL, 1, 1, 'f3485df0076a8a325510314466fb39a8.jpg', 'Veg No', 'Bev Yes', 'Bar Yes', 'Live'),
(237, '0307', 'Hong Kong Style Fried Rice', 18, '', 29000.00, '[]', NULL, 1, 1, 'e6eb14f3aefd8c4485566faa33621103.jpg', 'Veg No', 'Beverage No', 'Bar Yes', 'Live'),
(238, '0306', 'Seafood Tomyum Soup', 18, '', 45000.00, '[]', NULL, 1, 1, '086611de389b5ca32f58c0865f07b59a.jpg', 'Veg No', 'Beverage No', 'Bar Yes', 'Live'),
(239, '0308', 'Nasi Capcay Seafood', 18, '', 32000.00, '[]', NULL, 1, 1, '55cae7ddc397b83780dccb631f9b45eb.jpg', 'Veg No', 'Beverage No', 'Bar Yes', 'Live'),
(240, '0428', 'Nasi Bakar Ikan Peda', 27, '', 32000.00, '[]', NULL, 1, 1, 'f2b3138052e1553ad279cfa457875def.jpg', 'Veg No', 'Beverage No', 'Bar Yes', 'Live'),
(241, '0431', 'Nasi Bakar Cumi Asin', 27, '', 32000.00, '[]', NULL, 1, 1, '0865545f8e52ee0e57fbfdebd4671ff1.jpg', 'Veg No', 'Beverage No', 'Bar Yes', 'Live'),
(242, '0430', 'Nasi Bakar Sambal Tongkol', 27, '', 32000.00, '[]', NULL, 1, 1, 'e8fd5825db15bcb1ed0e46367db78094.jpg', 'Veg No', 'Beverage No', 'Bar No', 'Live'),
(243, '0429', 'Nasi Bakar Basil Chicken', 27, '', 32000.00, '[]', NULL, 1, 1, 'dc69a61339e478fe63a8144f35dcace1.jpg', 'Veg No', 'Beverage No', 'Bar No', 'Live'),
(244, '0511', 'Rice Bowl Ayam Sambal Matah', 20, '', 32000.00, '[]', NULL, 1, 1, '404fc04e29dcc25b3b67333d236153bd.jpg', 'Veg No', 'Beverage No', 'Bar Yes', 'Live'),
(245, '0508', 'Rice Bowl Luncheon Meat', 20, '', 24000.00, '[]', NULL, 1, 1, 'b5b832bff0feb2396ded0571b8ed843a.jpg', 'Veg No', 'Beverage No', 'Bar Yes', 'Live'),
(246, '0512', 'Rice Bowl Ikan Telur Asin', 20, '', 34000.00, '[]', NULL, 1, 1, 'c8ac492cfa1bafbabc583b99eb7f865f.jpg', 'Veg No', 'Beverage No', 'Bar Yes', 'Live'),
(247, '0509', 'Telur Negri', 20, '', 34000.00, '[]', NULL, 1, 1, '9853b26b5e9677abd4b9d968e1aacc1c.jpg', 'Veg No', 'Beverage No', 'Bar Yes', 'Live'),
(248, '0909', 'Taichan Original Big Momah', 22, '', 98000.00, '[]', NULL, 1, 1, 'f6225983dbf656ce9266a59804c72e73.jpg', 'Veg Yes', 'Beverage No', 'Bar Yes', 'Live'),
(249, '0901', 'Taichan Dynamite', 22, '', 29000.00, '[]', NULL, 1, 1, 'a37f6fe5534e7e2672a6ff00e6de19f6.jpg', 'Veg Yes', 'Beverage No', 'Bar Yes', 'Live'),
(250, '1112', 'Chicken Cakwe', 25, '', 25000.00, '[]', NULL, 1, 1, '1b89219250b4695583efa86f173c3c5f.jpg', 'Veg Yes', 'Beverage No', 'Bar Yes', 'Live'),
(251, '1110', 'Fried Cassava', 25, '', 15000.00, '[]', NULL, 1, 1, '4b0c75c52fa4ec90faf06fa1e5fbf2ba.jpg', 'Veg Yes', 'Beverage No', 'Bar Yes', 'Live'),
(252, '1111', 'Cheesy Cassava', 25, '', 18000.00, '[]', NULL, 1, 1, '8b6f07b556fd5d77b6659114f7a961a3.jpg', 'Veg Yes', 'Beverage No', 'Bar Yes', 'Live'),
(253, '1113', 'Chicken Wonton', 25, '', 15000.00, '[]', NULL, 1, 1, 'cdd73179d66215c38fdddf5b819a76dc.jpg', 'Veg Yes', 'Beverage No', 'Bar Yes', 'Live'),
(254, '1115', 'Teriyaki Fish Tofu', 25, '', 25000.00, '[]', NULL, 1, 1, '49d6bc7a1387ce80f6cfd65a387c0491.jpeg', 'Veg Yes', 'Beverage No', 'Bar Yes', 'Live'),
(255, '1114', 'Teriyaki Glazed Fishball', 25, '', 20000.00, '[]', NULL, 1, 1, 'a423f6254bb302954f267712528b600c.jpeg', 'Veg Yes', 'Beverage No', 'Bar Yes', 'Live'),
(256, '1014', 'Pisgor Choco', 6, '', 15000.00, '[]', NULL, 1, 1, 'fb8d182ff15f9211e82e3bc684e394e3.jpg', 'Veg Yes', 'Beverage No', 'Bar Yes', 'Live'),
(257, '1015', 'Pisgor Cheese', 6, '', 15000.00, '[]', NULL, 1, 1, '5ee39b67e07a9ed55c5dde0496f4d7cb.jpg', 'Veg Yes', 'Beverage No', 'Bar Yes', 'Live'),
(258, '1016', '1016', 6, '', 20000.00, '[]', NULL, 1, 1, '61564c3f9ad396b62d72c9d47f79cfae.jpg', 'Veg Yes', 'Beverage No', 'Bar Yes', 'Live'),
(259, '1011', 'Pisang Bakar Choco', 6, '', 15000.00, '[]', NULL, 1, 1, '3ff14a977c233ee0863f0dd4e9229539.jpg', 'Veg Yes', 'Beverage No', 'Bar Yes', 'Live'),
(260, '1012', 'Pisang Bakar Cheese', 6, '', 15000.00, '[]', NULL, 1, 1, '16fe8d64630c8a73228a439f8fc16569.jpg', 'Veg Yes', 'Beverage No', 'Bar Yes', 'Live'),
(261, '1013', 'Pisang Bakar Choco Cheese', 6, '', 20000.00, '[]', NULL, 1, 1, '4c17ec104c1626081ca23f2a65ec1b32.jpg', 'Veg Yes', 'Beverage No', 'Bar Yes', 'Live'),
(262, '1020', 'Ropang', 6, '', 23000.00, '[]', NULL, 1, 1, 'f4a7bf7a7677d69661bff8cbd7456d9a.jpg', 'Veg Yes', 'Beverage No', 'Bar Yes', 'Live'),
(263, '1021', 'Ropbana', 6, '', 27000.00, '[]', NULL, 1, 1, '3bd1b8481e9c2f8b6ea13190d6cf2e8c.jpg', 'Veg Yes', 'Beverage No', 'Bar Yes', 'Live'),
(264, '1022', 'Ropang Ice Cream + Topping', 6, '', 28000.00, '[]', NULL, 1, 1, 'ff717d7f3583766315d68475dbe22bea.jpg', 'Veg Yes', 'Beverage No', 'Bar Yes', 'Live'),
(265, '1023', 'Ropbana Ice Cream', 6, '', 32000.00, '[]', NULL, 1, 1, 'a972bf7d98b83902feecd38814de7e1a.jpg', 'Veg Yes', 'Beverage No', 'Bar Yes', 'Live'),
(266, '1220', 'Badak Soft Drink', 16, '', 15000.00, '[]', NULL, 1, 1, 'fc9bbd891df96425d688e8c1422acc39.jpg', 'Veg No', 'Beverage Yes', 'Bar Yes', 'Live'),
(267, '1221', 'Badak Float', 16, '', 18000.00, '[]', NULL, 1, 1, '63fdd31dd0afb7f92dcb93bb893ecc14.jpg', 'Veg No', 'Beverage Yes', 'Bar Yes', 'Deleted'),
(268, '1423', 'V60 Special Blend', 5, '', 20000.00, '[]', NULL, 1, 1, '44beb8a5615ddd06d1f343c288d969e2.jpg', 'Veg No', 'Beverage Yes', 'Bar Yes', 'Live'),
(269, '1424', 'Vietnamese Drip', 5, '', 22000.00, '[]', NULL, 1, 1, 'f1f661a42236fd871096b493e1bae156.jpg', 'Veg No', 'Beverage Yes', 'Bar Yes', 'Live'),
(270, '1430', 'Kopi Gula Aren', 5, '', 18000.00, '[]', NULL, 1, 1, 'e8264f95c4672555b363fe3d9b584b09.jpg', 'Veg No', 'Bev No', 'Bar Yes', 'Live'),
(271, '1431', 'Es Kopi Gula Aren', 5, '', 20000.00, '[]', NULL, 1, 1, 'de43c80870219d97fe282220314a45b7.jpg', 'Veg No', 'Beverage Yes', 'Bar Yes', 'Live'),
(272, '1511', 'Coffee Choco Avocado Float Chocolat', 2, '', 30000.00, '[]', NULL, 1, 1, '8e5f6839a731d6d12c6cbf2a1c055c06.jpg', 'Veg No', 'Bev No', 'Bar No', 'Live'),
(273, '1604', 'Berry Squash Delight', 24, '', 12000.00, '[]', NULL, 1, 1, 'dc704fd60733b2409b530b42e14768f1.jpg', 'Veg No', 'Beverage Yes', 'Bar Yes', 'Live'),
(274, '1620', 'Strawberry Punch', 30, '', 15000.00, '[]', NULL, 1, 1, 'fc0ef4e15a1640e8a292fe0eb4ff1d79.jpg', 'Veg No', 'Beverage Yes', 'Bar Yes', 'Live'),
(275, '1621', 'Mango Punch', 30, '', 15000.00, '[]', NULL, 1, 1, 'e50414bb622016caa11f429a48e15abe.jpg', 'Veg No', 'Beverage Yes', 'Bar Yes', 'Live'),
(276, '1622', 'Pineapple Punch', 30, '', 15000.00, '[]', NULL, 1, 1, '24f0cc574db30f3d196fe12a920936ed.jpg', 'Veg No', 'Bev No', 'Bar Yes', 'Live'),
(277, '1703', 'Calamansi (Jeruk Kietna)', 12, '', 15000.00, '[]', NULL, 1, 1, 'c7dc792b62c83d6895d9cd320e95298e.jpg', 'Veg No', 'Bev Yes', 'Bar Yes', 'Live'),
(278, '278', 'Jus Salak', 5, 'test', 17000.00, '[]', NULL, 1, 1, '8ec8aec376569a28b7e39da99538bf2f.jpg', 'Veg No', 'Bev Yes', 'Bar Yes', 'Live'),
(279, '279', 'aer kali', 27, '', 15000.00, '[]', NULL, 1, 1, '61588d55535e6809a80d6014d86d6ae9.jpg', 'Veg No', 'Beverage Yes', 'Bar No', 'Deleted'),
(280, '280', 'gundu goreng', 27, '', 25000.00, '[]', NULL, 1, 1, 'ce48e72c93976dbfac8b11680628d8c0.jpg', 'Veg Yes', 'Beverage No', 'Bar No', 'Deleted'),
(281, '281', 'Jus Buah-Buahan', 7, '', 20000.00, '[]', NULL, 1, 1, '155a96bf76ff1ed30a648ab89c9a46a4.jpg', 'Veg Yes', 'Bev Yes', 'Bar Yes', 'Deleted'),
(282, '282', 'LeMinerale', 30, 'Drink', 2000.00, '[]', NULL, 1, 1, '40435362643acb24945a2ee141070f2c.jpg', 'Veg No', 'Bev Yes', 'Bar Yes', 'Deleted'),
(283, '283', 'Aer Mateng', 30, 'Aer yang mateng', 10000.00, '[]', NULL, 1, 1, 'e1cf733e3e22844c870a1c224874d597.jpg', 'Veg No', 'Bev Yes', 'Bar Yes', 'Deleted'),
(284, '283', 'Boba', 6, 'boba', 20000.00, '[]', NULL, 1, 1, NULL, 'Veg No', 'Bev Yes', 'Bar No', 'Deleted'),
(285, '285', 'Jus Buah-Buahan Paling Baru Sedunia', 30, '', 10000.00, '[]', NULL, 1, 1, NULL, 'Veg No', 'Bev Yes', 'Bar Yes', 'Live'),
(286, '286', 'Nanda', 16, 'Nanda', 5000.00, '[]', NULL, 1, 1, NULL, 'Veg No', 'Beverage No', 'Bar Yes', 'Deleted'),
(287, '286', 'Jagung', 27, 'Jagung enak', 100000.00, '[]', NULL, 1, 1, NULL, 'Veg Yes', 'Bev No', 'Bar No', 'Live'),
(288, '288', 'Gifar', 18, 'Gifar mantul mantul seperti bola bekel', 7000.00, '[]', NULL, 1, 1, '3c6549839a7ba59afceee330cceac606.png', 'Veg No', 'Bev Yes', 'Bar Yes', 'Live');

-- --------------------------------------------------------

--
-- Table structure for table `tbl_food_menus_ingredients`
--

CREATE TABLE `tbl_food_menus_ingredients` (
  `id` bigint(50) NOT NULL,
  `ingredient_id` int(10) DEFAULT NULL,
  `consumption` float(10,2) DEFAULT NULL,
  `food_menu_id` int(10) DEFAULT NULL,
  `user_id` int(10) DEFAULT NULL,
  `company_id` int(11) DEFAULT NULL,
  `del_status` varchar(10) DEFAULT 'Live'
) ENGINE=InnoDB DEFAULT CHARSET=utf8 ROW_FORMAT=COMPACT;

--
-- Dumping data for table `tbl_food_menus_ingredients`
--

INSERT INTO `tbl_food_menus_ingredients` (`id`, `ingredient_id`, `consumption`, `food_menu_id`, `user_id`, `company_id`, `del_status`) VALUES
(7, 186, 30.00, 4, 1, 1, 'Live'),
(8, 246, 100.00, 4, 1, 1, 'Live'),
(9, 300, 30.00, 4, 1, 1, 'Live'),
(10, 186, 30.00, 5, 1, 1, 'Live'),
(11, 246, 100.00, 5, 1, 1, 'Live'),
(12, 299, 20.00, 5, 1, 1, 'Live'),
(13, 186, 30.00, 6, 1, 1, 'Live'),
(14, 246, 100.00, 6, 1, 1, 'Live'),
(15, 186, 30.00, 7, 1, 1, 'Live'),
(16, 246, 100.00, 7, 1, 1, 'Live'),
(17, 22, 20.00, 7, 1, 1, 'Live'),
(18, 333, 15.00, 1, 1, 1, 'Live'),
(19, 267, 3.00, 1, 1, 1, 'Live'),
(20, 320, 0.50, 1, 1, 1, 'Live'),
(21, 98, 10.00, 1, 1, 1, 'Live'),
(22, 12, 10.00, 1, 1, 1, 'Live'),
(23, 250, 20.00, 1, 1, 1, 'Live'),
(24, 16, 60.00, 1, 1, 1, 'Live'),
(25, 218, 2.00, 1, 1, 1, 'Live'),
(26, 209, 15.00, 1, 1, 1, 'Live'),
(27, 301, 1.30, 1, 1, 1, 'Live'),
(28, 333, 10.00, 2, 1, 1, 'Live'),
(29, 267, 3.00, 2, 1, 1, 'Live'),
(30, 320, 0.25, 2, 1, 1, 'Live'),
(31, 12, 10.00, 2, 1, 1, 'Live'),
(32, 250, 10.00, 2, 1, 1, 'Live'),
(33, 17, 5.00, 2, 1, 1, 'Live'),
(34, 323, 20.00, 2, 1, 1, 'Live'),
(35, 16, 55.00, 2, 1, 1, 'Live'),
(36, 209, 10.00, 2, 1, 1, 'Live'),
(37, 301, 0.30, 2, 1, 1, 'Live'),
(38, 204, 83.50, 2, 1, 1, 'Live'),
(39, 190, 50.00, 2, 1, 1, 'Live'),
(44, 333, 10.00, 3, 1, 1, 'Live'),
(45, 267, 3.00, 3, 1, 1, 'Live'),
(46, 320, 0.25, 3, 1, 1, 'Live'),
(47, 12, 10.00, 3, 1, 1, 'Live'),
(48, 334, 30.00, 3, 1, 1, 'Live'),
(49, 250, 10.00, 3, 1, 1, 'Live'),
(50, 17, 5.00, 3, 1, 1, 'Live'),
(51, 323, 25.00, 3, 1, 1, 'Live'),
(52, 39, 0.50, 3, 1, 1, 'Live'),
(53, 16, 55.00, 3, 1, 1, 'Live'),
(54, 209, 10.00, 3, 1, 1, 'Live'),
(55, 301, 0.30, 3, 1, 1, 'Live'),
(56, 190, 50.00, 3, 1, 1, 'Live'),
(59, 267, 2.00, 15, 1, 1, 'Live'),
(60, 18, 120.00, 15, 1, 1, 'Live'),
(61, 335, 40.00, 15, 1, 1, 'Live'),
(62, 15, 10.00, 15, 1, 1, 'Live'),
(63, 218, 3.00, 15, 1, 1, 'Live'),
(64, 284, 10.00, 15, 1, 1, 'Live'),
(65, 249, 15.00, 15, 1, 1, 'Live'),
(66, 316, 10.00, 15, 1, 1, 'Live'),
(67, 267, 2.00, 18, 1, 1, 'Live'),
(68, 18, 120.00, 18, 1, 1, 'Live'),
(69, 335, 40.00, 18, 1, 1, 'Live'),
(70, 15, 10.00, 18, 1, 1, 'Live'),
(71, 218, 3.00, 18, 1, 1, 'Live'),
(72, 284, 10.00, 18, 1, 1, 'Live'),
(73, 319, 1.00, 18, 1, 1, 'Live'),
(74, 249, 15.00, 18, 1, 1, 'Live'),
(75, 316, 10.00, 18, 1, 1, 'Live'),
(76, 267, 2.00, 23, 1, 1, 'Live'),
(77, 295, 1.00, 23, 1, 1, 'Live'),
(78, 320, 1.00, 23, 1, 1, 'Live'),
(79, 18, 120.00, 23, 1, 1, 'Live'),
(80, 335, 40.00, 23, 1, 1, 'Live'),
(81, 15, 10.00, 23, 1, 1, 'Live'),
(82, 218, 3.00, 23, 1, 1, 'Live'),
(83, 284, 10.00, 23, 1, 1, 'Live'),
(84, 249, 15.00, 23, 1, 1, 'Live'),
(85, 316, 10.00, 23, 1, 1, 'Live'),
(88, 267, 2.00, 14, 1, 1, 'Live'),
(89, 335, 40.00, 14, 1, 1, 'Live'),
(90, 336, 190.00, 14, 1, 1, 'Live'),
(91, 15, 10.00, 14, 1, 1, 'Live'),
(92, 218, 3.00, 14, 1, 1, 'Live'),
(93, 284, 10.00, 14, 1, 1, 'Live'),
(94, 249, 15.00, 14, 1, 1, 'Live'),
(95, 316, 10.00, 14, 1, 1, 'Live'),
(96, 267, 2.00, 17, 1, 1, 'Live'),
(97, 335, 40.00, 17, 1, 1, 'Live'),
(98, 336, 190.00, 17, 1, 1, 'Live'),
(99, 15, 10.00, 17, 1, 1, 'Live'),
(100, 218, 3.00, 17, 1, 1, 'Live'),
(101, 284, 10.00, 17, 1, 1, 'Live'),
(102, 319, 1.00, 17, 1, 1, 'Live'),
(103, 249, 15.00, 17, 1, 1, 'Live'),
(104, 316, 10.00, 17, 1, 1, 'Live'),
(105, 267, 2.00, 22, 1, 1, 'Live'),
(106, 295, 1.00, 22, 1, 1, 'Live'),
(107, 320, 1.00, 22, 1, 1, 'Live'),
(108, 335, 40.00, 22, 1, 1, 'Live'),
(109, 336, 190.00, 22, 1, 1, 'Live'),
(110, 15, 10.00, 22, 1, 1, 'Live'),
(111, 218, 3.00, 22, 1, 1, 'Live'),
(112, 284, 10.00, 22, 1, 1, 'Live'),
(113, 249, 15.00, 22, 1, 1, 'Live'),
(114, 316, 10.00, 22, 1, 1, 'Live'),
(115, 267, 2.00, 13, 1, 1, 'Live'),
(116, 335, 40.00, 13, 1, 1, 'Live'),
(117, 244, 150.00, 13, 1, 1, 'Live'),
(118, 15, 10.00, 13, 1, 1, 'Live'),
(119, 218, 3.00, 13, 1, 1, 'Live'),
(120, 284, 10.00, 13, 1, 1, 'Live'),
(121, 249, 15.00, 13, 1, 1, 'Live'),
(122, 316, 10.00, 13, 1, 1, 'Live'),
(123, 267, 2.00, 16, 1, 1, 'Live'),
(124, 335, 40.00, 16, 1, 1, 'Live'),
(125, 244, 150.00, 16, 1, 1, 'Live'),
(126, 15, 10.00, 16, 1, 1, 'Live'),
(127, 218, 3.00, 16, 1, 1, 'Live'),
(128, 284, 10.00, 16, 1, 1, 'Live'),
(129, 319, 1.00, 16, 1, 1, 'Live'),
(130, 249, 15.00, 16, 1, 1, 'Live'),
(131, 316, 10.00, 16, 1, 1, 'Live'),
(132, 267, 2.00, 21, 1, 1, 'Live'),
(133, 295, 1.00, 21, 1, 1, 'Live'),
(134, 320, 1.00, 21, 1, 1, 'Live'),
(135, 335, 40.00, 21, 1, 1, 'Live'),
(136, 244, 150.00, 21, 1, 1, 'Live'),
(137, 15, 10.00, 21, 1, 1, 'Live'),
(138, 218, 3.00, 21, 1, 1, 'Live'),
(139, 284, 10.00, 21, 1, 1, 'Live'),
(140, 249, 15.00, 21, 1, 1, 'Live'),
(141, 316, 10.00, 21, 1, 1, 'Live'),
(142, 13, 2.00, 27, 1, 1, 'Live'),
(143, 58, 2.00, 27, 1, 1, 'Live'),
(144, 230, 1.00, 27, 1, 1, 'Live'),
(145, 207, 1.00, 27, 1, 1, 'Live'),
(155, 320, 0.25, 30, 1, 1, 'Live'),
(156, 206, 1.00, 30, 1, 1, 'Live'),
(157, 103, 5.00, 30, 1, 1, 'Live'),
(158, 250, 30.00, 30, 1, 1, 'Live'),
(159, 246, 100.00, 30, 1, 1, 'Live'),
(160, 19, 2.00, 30, 1, 1, 'Live'),
(161, 38, 1.00, 30, 1, 1, 'Live'),
(162, 43, 2.00, 30, 1, 1, 'Live'),
(163, 323, 25.00, 30, 1, 1, 'Live'),
(164, 337, 72.00, 30, 1, 1, 'Live'),
(165, 295, 1.00, 28, 1, 1, 'Live'),
(166, 40, 1.00, 28, 1, 1, 'Live'),
(167, 45, 5.00, 28, 1, 1, 'Live'),
(168, 99, 2.00, 28, 1, 1, 'Live'),
(169, 58, 2.00, 28, 1, 1, 'Live'),
(170, 207, 1.00, 28, 1, 1, 'Live'),
(171, 206, 1.00, 26, 1, 1, 'Live'),
(172, 285, 1.00, 26, 1, 1, 'Live'),
(181, 320, 0.50, 32, 1, 1, 'Live'),
(182, 335, 40.00, 32, 1, 1, 'Live'),
(183, 98, 20.00, 32, 1, 1, 'Live'),
(184, 205, 1.00, 32, 1, 1, 'Live'),
(185, 250, 15.00, 32, 1, 1, 'Live'),
(186, 13, 2.00, 32, 1, 1, 'Live'),
(187, 31, 30.00, 32, 1, 1, 'Live'),
(188, 8, 1.00, 32, 1, 1, 'Live'),
(189, 338, 20.00, 32, 1, 1, 'Live'),
(190, 45, 5.00, 29, 1, 1, 'Live'),
(191, 334, 30.00, 29, 1, 1, 'Live'),
(192, 40, 1.00, 29, 1, 1, 'Live'),
(193, 99, 2.00, 29, 1, 1, 'Live'),
(194, 58, 2.00, 29, 1, 1, 'Live'),
(195, 207, 1.00, 29, 1, 1, 'Live'),
(196, 206, 1.00, 31, 1, 1, 'Live'),
(197, 103, 5.00, 31, 1, 1, 'Live'),
(198, 250, 20.00, 31, 1, 1, 'Live'),
(199, 246, 100.00, 31, 1, 1, 'Live'),
(200, 19, 2.00, 31, 1, 1, 'Live'),
(201, 38, 1.00, 31, 1, 1, 'Live'),
(202, 43, 5.00, 31, 1, 1, 'Live'),
(203, 320, 1.00, 37, 1, 1, 'Live'),
(204, 335, 40.00, 37, 1, 1, 'Live'),
(205, 287, 10.00, 37, 1, 1, 'Live'),
(206, 98, 20.00, 37, 1, 1, 'Live'),
(207, 13, 2.00, 37, 1, 1, 'Live'),
(208, 250, 15.00, 37, 1, 1, 'Live'),
(209, 44, 10.00, 37, 1, 1, 'Live'),
(210, 227, 30.00, 37, 1, 1, 'Live'),
(211, 14, 10.00, 37, 1, 1, 'Live'),
(212, 15, 10.00, 37, 1, 1, 'Live'),
(213, 251, 1.00, 37, 1, 1, 'Live'),
(214, 207, 1.00, 37, 1, 1, 'Live'),
(215, 320, 1.00, 39, 1, 1, 'Live'),
(216, 12, 20.00, 39, 1, 1, 'Live'),
(217, 103, 5.00, 39, 1, 1, 'Live'),
(218, 334, 72.00, 39, 1, 1, 'Live'),
(219, 250, 15.00, 39, 1, 1, 'Live'),
(220, 19, 2.00, 39, 1, 1, 'Live'),
(221, 16, 92.00, 39, 1, 1, 'Live'),
(222, 17, 8.00, 39, 1, 1, 'Live'),
(223, 39, 1.00, 39, 1, 1, 'Live'),
(224, 187, 60.00, 40, 1, 1, 'Live'),
(225, 320, 1.00, 40, 1, 1, 'Live'),
(226, 12, 20.00, 40, 1, 1, 'Live'),
(227, 103, 5.00, 40, 1, 1, 'Live'),
(228, 250, 15.00, 40, 1, 1, 'Live'),
(229, 19, 2.00, 40, 1, 1, 'Live'),
(230, 17, 8.00, 40, 1, 1, 'Live'),
(231, 39, 1.00, 40, 1, 1, 'Live'),
(232, 16, 92.00, 40, 1, 1, 'Live'),
(233, 295, 1.00, 38, 1, 1, 'Live'),
(234, 43, 5.00, 38, 1, 1, 'Live'),
(235, 98, 10.00, 38, 1, 1, 'Live'),
(236, 226, 50.00, 38, 1, 1, 'Live'),
(237, 279, 1.00, 38, 1, 1, 'Live'),
(238, 333, 20.00, 237, 1, 1, 'Live'),
(239, 267, 2.00, 237, 1, 1, 'Live'),
(240, 320, 1.00, 237, 1, 1, 'Live'),
(241, 235, 0.50, 237, 1, 1, 'Live'),
(242, 98, 20.00, 237, 1, 1, 'Live'),
(243, 290, 10.00, 237, 1, 1, 'Live'),
(244, 250, 15.00, 237, 1, 1, 'Live'),
(245, 16, 125.00, 237, 1, 1, 'Live'),
(246, 15, 10.00, 237, 1, 1, 'Live'),
(247, 218, 3.00, 237, 1, 1, 'Live'),
(248, 209, 20.00, 237, 1, 1, 'Live'),
(249, 295, 1.00, 238, 1, 1, 'Live'),
(250, 40, 1.00, 238, 1, 1, 'Live'),
(251, 45, 5.00, 238, 1, 1, 'Live'),
(252, 213, 7.00, 238, 1, 1, 'Live'),
(253, 52, 1.00, 238, 1, 1, 'Live'),
(254, 58, 2.00, 238, 1, 1, 'Live'),
(255, 212, 50.00, 238, 1, 1, 'Live'),
(256, 11, 20.00, 238, 1, 1, 'Live'),
(257, 204, 133.50, 238, 1, 1, 'Live'),
(258, 17, 17.00, 204, 1, 1, 'Live'),
(259, 16, 84.00, 204, 1, 1, 'Live'),
(260, 211, 20.00, 239, 1, 1, 'Live'),
(261, 189, 0.50, 239, 1, 1, 'Live'),
(262, 333, 15.00, 239, 1, 1, 'Live'),
(263, 267, 2.00, 239, 1, 1, 'Live'),
(264, 295, 1.00, 239, 1, 1, 'Live'),
(265, 222, 20.00, 239, 1, 1, 'Live'),
(266, 293, 50.00, 239, 1, 1, 'Live'),
(267, 335, 40.00, 239, 1, 1, 'Live'),
(268, 98, 10.00, 239, 1, 1, 'Live'),
(269, 250, 15.00, 239, 1, 1, 'Live'),
(270, 17, 8.00, 239, 1, 1, 'Live'),
(271, 324, 10.00, 239, 1, 1, 'Live'),
(272, 16, 92.00, 239, 1, 1, 'Live'),
(273, 57, 1.00, 240, 1, 1, 'Live'),
(274, 34, 2.00, 240, 1, 1, 'Live'),
(275, 329, 10.00, 240, 1, 1, 'Live'),
(276, 20, 10.00, 240, 1, 1, 'Live'),
(277, 326, 30.00, 240, 1, 1, 'Live'),
(278, 16, 104.00, 240, 1, 1, 'Live'),
(279, 17, 11.00, 240, 1, 1, 'Live'),
(280, 269, 3.00, 240, 1, 1, 'Live'),
(281, 338, 15.00, 240, 1, 1, 'Live'),
(282, 57, 0.06, 241, 1, 1, 'Live'),
(283, 329, 2.00, 241, 1, 1, 'Live'),
(284, 35, 1.00, 241, 1, 1, 'Live'),
(285, 20, 10.00, 241, 1, 1, 'Live'),
(286, 326, 30.00, 241, 1, 1, 'Live'),
(287, 17, 11.00, 241, 1, 1, 'Live'),
(288, 16, 104.00, 241, 1, 1, 'Live'),
(289, 269, 3.00, 241, 1, 1, 'Live'),
(290, 338, 15.00, 241, 1, 1, 'Live'),
(291, 57, 0.06, 242, 1, 1, 'Live'),
(292, 329, 2.00, 242, 1, 1, 'Live'),
(293, 37, 1.00, 242, 1, 1, 'Live'),
(294, 20, 10.00, 242, 1, 1, 'Live'),
(295, 326, 30.00, 242, 1, 1, 'Live'),
(296, 100, 5.00, 242, 1, 1, 'Live'),
(297, 17, 11.00, 242, 1, 1, 'Live'),
(298, 16, 104.00, 242, 1, 1, 'Live'),
(299, 338, 15.00, 242, 1, 1, 'Live'),
(300, 57, 0.03, 243, 1, 1, 'Live'),
(301, 36, 1.00, 243, 1, 1, 'Live'),
(302, 329, 2.00, 243, 1, 1, 'Live'),
(303, 100, 5.00, 243, 1, 1, 'Live'),
(304, 17, 11.00, 243, 1, 1, 'Live'),
(305, 16, 104.00, 243, 1, 1, 'Live'),
(306, 285, 1.00, 209, 1, 1, 'Live'),
(307, 211, 20.00, 43, 1, 1, 'Live'),
(308, 320, 0.50, 43, 1, 1, 'Live'),
(309, 189, 1.00, 43, 1, 1, 'Live'),
(310, 335, 40.00, 43, 1, 1, 'Live'),
(311, 98, 5.00, 43, 1, 1, 'Live'),
(312, 297, 1.00, 43, 1, 1, 'Live'),
(313, 186, 160.00, 43, 1, 1, 'Live'),
(314, 334, 72.00, 43, 1, 1, 'Live'),
(315, 250, 20.00, 43, 1, 1, 'Live'),
(316, 305, 200.00, 43, 1, 1, 'Live'),
(317, 336, 190.00, 43, 1, 1, 'Live'),
(318, 324, 10.00, 43, 1, 1, 'Live'),
(319, 307, 1.00, 43, 1, 1, 'Live'),
(320, 212, 20.00, 43, 1, 1, 'Live'),
(321, 299, 20.00, 43, 1, 1, 'Live'),
(322, 211, 20.00, 44, 1, 1, 'Live'),
(323, 189, 1.00, 44, 1, 1, 'Live'),
(324, 187, 50.00, 44, 1, 1, 'Live'),
(325, 320, 0.50, 44, 1, 1, 'Live'),
(326, 335, 40.00, 44, 1, 1, 'Live'),
(327, 98, 5.00, 44, 1, 1, 'Live'),
(328, 250, 20.00, 44, 1, 1, 'Live'),
(329, 336, 190.00, 44, 1, 1, 'Live'),
(330, 324, 10.00, 44, 1, 1, 'Live'),
(331, 212, 10.00, 44, 1, 1, 'Live'),
(332, 211, 20.00, 45, 1, 1, 'Live'),
(333, 189, 1.00, 45, 1, 1, 'Live'),
(334, 295, 1.00, 45, 1, 1, 'Live'),
(335, 320, 0.50, 45, 1, 1, 'Live'),
(336, 335, 40.00, 45, 1, 1, 'Live'),
(337, 98, 5.00, 45, 1, 1, 'Live'),
(338, 250, 20.00, 45, 1, 1, 'Live'),
(339, 336, 190.00, 45, 1, 1, 'Live'),
(340, 324, 10.00, 45, 1, 1, 'Live'),
(341, 212, 20.00, 45, 1, 1, 'Live'),
(342, 333, 20.00, 42, 1, 1, 'Live'),
(343, 251, 1.00, 42, 1, 1, 'Live'),
(344, 291, 20.00, 42, 1, 1, 'Live'),
(345, 18, 60.00, 42, 1, 1, 'Live'),
(346, 287, 20.00, 42, 1, 1, 'Live'),
(347, 213, 20.00, 42, 1, 1, 'Live'),
(348, 243, 5.00, 42, 1, 1, 'Live'),
(349, 13, 2.00, 42, 1, 1, 'Live'),
(350, 334, 80.00, 42, 1, 1, 'Live'),
(351, 252, 1.00, 42, 1, 1, 'Live'),
(352, 324, 10.00, 42, 1, 1, 'Live'),
(353, 58, 2.00, 42, 1, 1, 'Live'),
(354, 244, 50.00, 42, 1, 1, 'Live'),
(355, 284, 10.00, 42, 1, 1, 'Live'),
(356, 219, 10.00, 42, 1, 1, 'Live'),
(357, 320, 0.50, 48, 1, 1, 'Live'),
(358, 213, 20.00, 48, 1, 1, 'Live'),
(359, 268, 1.00, 48, 1, 1, 'Live'),
(360, 13, 2.00, 48, 1, 1, 'Live'),
(361, 334, 80.00, 48, 1, 1, 'Live'),
(362, 17, 8.00, 48, 1, 1, 'Live'),
(363, 231, 1.00, 48, 1, 1, 'Live'),
(364, 58, 2.00, 48, 1, 1, 'Live'),
(365, 16, 92.00, 48, 1, 1, 'Live'),
(366, 284, 10.00, 48, 1, 1, 'Live'),
(367, 320, 0.50, 49, 1, 1, 'Live'),
(368, 213, 200.00, 49, 1, 1, 'Live'),
(369, 268, 1.00, 49, 1, 1, 'Live'),
(370, 13, 2.00, 49, 1, 1, 'Live'),
(371, 17, 8.00, 49, 1, 1, 'Live'),
(372, 58, 2.00, 49, 1, 1, 'Live'),
(373, 16, 92.00, 49, 1, 1, 'Live'),
(374, 284, 10.00, 49, 1, 1, 'Live'),
(375, 302, 1.00, 49, 1, 1, 'Live'),
(376, 224, 20.00, 46, 1, 1, 'Live'),
(377, 13, 2.00, 46, 1, 1, 'Live'),
(378, 217, 1.00, 46, 1, 1, 'Live'),
(379, 16, 92.00, 46, 1, 1, 'Live'),
(380, 17, 8.00, 46, 1, 1, 'Live'),
(381, 224, 20.00, 47, 1, 1, 'Live'),
(382, 18, 120.00, 47, 1, 1, 'Live'),
(383, 13, 2.00, 47, 1, 1, 'Live'),
(384, 217, 1.00, 47, 1, 1, 'Live'),
(385, 320, 1.25, 57, 1, 1, 'Live'),
(386, 285, 1.00, 57, 1, 1, 'Live'),
(387, 250, 40.00, 57, 1, 1, 'Live'),
(388, 17, 8.00, 57, 1, 1, 'Live'),
(389, 16, 92.00, 57, 1, 1, 'Live'),
(390, 323, 50.00, 57, 1, 1, 'Live'),
(391, 204, 83.50, 57, 1, 1, 'Live'),
(392, 320, 1.24, 244, 1, 1, 'Live'),
(393, 285, 1.00, 244, 1, 1, 'Live'),
(394, 250, 40.00, 244, 1, 1, 'Live'),
(395, 337, 72.00, 244, 1, 1, 'Live'),
(396, 17, 8.00, 244, 1, 1, 'Live'),
(397, 323, 50.00, 244, 1, 1, 'Live'),
(398, 16, 92.00, 244, 1, 1, 'Live'),
(399, 187, 60.00, 60, 1, 1, 'Live'),
(400, 320, 1.00, 60, 1, 1, 'Live'),
(401, 12, 20.00, 60, 1, 1, 'Live'),
(402, 103, 5.00, 60, 1, 1, 'Live'),
(403, 250, 10.00, 60, 1, 1, 'Live'),
(404, 17, 8.00, 60, 1, 1, 'Live'),
(405, 16, 92.00, 60, 1, 1, 'Live'),
(406, 266, 30.00, 60, 1, 1, 'Live'),
(407, 30, 1.00, 60, 1, 1, 'Live'),
(408, 12, 20.00, 59, 1, 1, 'Live'),
(409, 103, 5.00, 59, 1, 1, 'Live'),
(410, 334, 72.00, 59, 1, 1, 'Live'),
(411, 250, 19.00, 59, 1, 1, 'Live'),
(412, 30, 1.00, 59, 1, 1, 'Live'),
(413, 266, 30.00, 59, 1, 1, 'Live'),
(414, 320, 1.25, 58, 1, 1, 'Live'),
(415, 103, 2.00, 58, 1, 1, 'Live'),
(416, 250, 10.00, 58, 1, 1, 'Live'),
(417, 246, 100.00, 58, 1, 1, 'Live'),
(418, 19, 2.00, 58, 1, 1, 'Live'),
(419, 38, 1.00, 58, 1, 1, 'Live'),
(420, 337, 72.00, 58, 1, 1, 'Live'),
(421, 43, 5.00, 58, 1, 1, 'Live'),
(422, 17, 8.00, 58, 1, 1, 'Live'),
(423, 323, 50.00, 58, 1, 1, 'Live'),
(424, 16, 92.00, 58, 1, 1, 'Live'),
(425, 189, 0.50, 245, 1, 1, 'Live'),
(426, 320, 1.00, 245, 1, 1, 'Live'),
(427, 235, 0.50, 245, 1, 1, 'Live'),
(428, 98, 10.00, 245, 1, 1, 'Live'),
(429, 103, 10.00, 245, 1, 1, 'Live'),
(430, 250, 10.00, 245, 1, 1, 'Live'),
(431, 19, 2.00, 245, 1, 1, 'Live'),
(432, 17, 8.00, 245, 1, 1, 'Live'),
(433, 43, 5.00, 245, 1, 1, 'Live'),
(434, 16, 92.00, 245, 1, 1, 'Live'),
(435, 320, 1.25, 246, 1, 1, 'Live'),
(436, 103, 2.00, 246, 1, 1, 'Live'),
(437, 250, 10.00, 246, 1, 1, 'Live'),
(438, 246, 100.00, 246, 1, 1, 'Live'),
(439, 19, 2.00, 246, 1, 1, 'Live'),
(440, 38, 1.00, 246, 1, 1, 'Live'),
(441, 17, 8.00, 246, 1, 1, 'Live'),
(442, 43, 5.00, 246, 1, 1, 'Live'),
(443, 323, 50.00, 246, 1, 1, 'Live'),
(444, 16, 92.00, 246, 1, 1, 'Live'),
(445, 204, 83.50, 246, 1, 1, 'Live'),
(446, 320, 1.25, 247, 1, 1, 'Live'),
(447, 103, 2.00, 247, 1, 1, 'Live'),
(448, 250, 10.00, 247, 1, 1, 'Live'),
(449, 337, 72.00, 247, 1, 1, 'Live'),
(450, 17, 8.00, 247, 1, 1, 'Live'),
(451, 323, 50.00, 247, 1, 1, 'Live'),
(452, 16, 92.00, 247, 1, 1, 'Live'),
(453, 282, 50.00, 247, 1, 1, 'Live'),
(454, 295, 1.00, 69, 1, 1, 'Live'),
(455, 45, 7.00, 69, 1, 1, 'Live'),
(456, 320, 1.00, 69, 1, 1, 'Live'),
(457, 213, 7.00, 69, 1, 1, 'Live'),
(458, 250, 15.00, 69, 1, 1, 'Live'),
(459, 40, 1.00, 69, 1, 1, 'Live'),
(460, 99, 5.00, 69, 1, 1, 'Live'),
(461, 16, 125.00, 69, 1, 1, 'Live'),
(462, 60, 1.00, 69, 1, 1, 'Live'),
(463, 218, 2.00, 69, 1, 1, 'Live'),
(464, 11, 10.00, 69, 1, 1, 'Live'),
(465, 295, 1.00, 64, 1, 1, 'Live'),
(466, 320, 1.00, 64, 1, 1, 'Live'),
(467, 45, 5.00, 64, 1, 1, 'Live'),
(468, 213, 50.00, 64, 1, 1, 'Live'),
(469, 250, 15.00, 64, 1, 1, 'Live'),
(470, 14, 5.00, 64, 1, 1, 'Live'),
(471, 215, 15.00, 64, 1, 1, 'Live'),
(472, 255, 0.50, 64, 1, 1, 'Live'),
(473, 256, 50.00, 64, 1, 1, 'Live'),
(474, 16, 125.00, 64, 1, 1, 'Live'),
(475, 60, 1.00, 64, 1, 1, 'Live'),
(476, 218, 2.00, 64, 1, 1, 'Live'),
(477, 33, 15.00, 67, 1, 1, 'Live'),
(478, 335, 40.00, 67, 1, 1, 'Live'),
(479, 320, 0.50, 67, 1, 1, 'Live'),
(480, 98, 10.00, 67, 1, 1, 'Live'),
(481, 13, 2.00, 67, 1, 1, 'Live'),
(482, 250, 15.00, 67, 1, 1, 'Live'),
(483, 294, 1.00, 67, 1, 1, 'Live'),
(484, 16, 125.00, 67, 1, 1, 'Live'),
(485, 218, 2.00, 67, 1, 1, 'Live'),
(486, 229, 5.00, 67, 1, 1, 'Live'),
(487, 320, 1.00, 68, 1, 1, 'Live'),
(488, 45, 7.00, 68, 1, 1, 'Live'),
(489, 213, 7.00, 68, 1, 1, 'Live'),
(490, 334, 72.00, 68, 1, 1, 'Live'),
(491, 250, 15.00, 68, 1, 1, 'Live'),
(492, 40, 1.00, 68, 1, 1, 'Live'),
(493, 99, 5.00, 68, 1, 1, 'Live'),
(494, 16, 125.00, 68, 1, 1, 'Live'),
(495, 60, 1.00, 68, 1, 1, 'Live'),
(496, 218, 2.00, 68, 1, 1, 'Live'),
(497, 11, 10.00, 68, 1, 1, 'Live'),
(498, 33, 15.00, 66, 1, 1, 'Live'),
(499, 320, 0.50, 66, 1, 1, 'Live'),
(500, 98, 10.00, 66, 1, 1, 'Live'),
(501, 297, 1.00, 66, 1, 1, 'Live'),
(502, 13, 2.00, 66, 1, 1, 'Live'),
(503, 186, 160.00, 66, 1, 1, 'Live'),
(504, 334, 72.00, 66, 1, 1, 'Live'),
(505, 250, 15.00, 66, 1, 1, 'Live'),
(506, 305, 200.00, 66, 1, 1, 'Live'),
(507, 307, 1.00, 66, 1, 1, 'Live'),
(508, 16, 125.00, 66, 1, 1, 'Live'),
(509, 218, 2.00, 66, 1, 1, 'Live'),
(510, 299, 20.00, 66, 1, 1, 'Live'),
(511, 269, 5.00, 66, 1, 1, 'Live'),
(512, 267, 2.00, 65, 1, 1, 'Live'),
(513, 320, 0.50, 65, 1, 1, 'Live'),
(514, 98, 10.00, 65, 1, 1, 'Live'),
(515, 45, 7.00, 65, 1, 1, 'Live'),
(516, 213, 7.00, 65, 1, 1, 'Live'),
(517, 29, 1.00, 65, 1, 1, 'Live'),
(518, 334, 72.00, 65, 1, 1, 'Live'),
(519, 250, 15.00, 65, 1, 1, 'Live'),
(520, 256, 50.00, 65, 1, 1, 'Live'),
(521, 16, 125.00, 65, 1, 1, 'Live'),
(522, 218, 2.00, 65, 1, 1, 'Live'),
(523, 239, 2.00, 65, 1, 1, 'Live'),
(532, 320, 0.40, 81, 1, 1, 'Live'),
(533, 326, 15.00, 81, 1, 1, 'Live'),
(534, 206, 1.00, 81, 1, 1, 'Live'),
(535, 283, 1.00, 81, 1, 1, 'Live'),
(536, 227, 25.00, 81, 1, 1, 'Live'),
(537, 100, 5.00, 81, 1, 1, 'Live'),
(538, 221, 1.00, 81, 1, 1, 'Live'),
(539, 320, 0.40, 80, 1, 1, 'Live'),
(540, 206, 1.00, 80, 1, 1, 'Live'),
(541, 326, 15.00, 80, 1, 1, 'Live'),
(542, 283, 1.00, 80, 1, 1, 'Live'),
(543, 227, 25.00, 80, 1, 1, 'Live'),
(544, 100, 5.00, 80, 1, 1, 'Live'),
(545, 323, 30.00, 80, 1, 1, 'Live'),
(546, 320, 0.25, 78, 1, 1, 'Live'),
(547, 326, 15.00, 78, 1, 1, 'Live'),
(548, 283, 1.00, 78, 1, 1, 'Live'),
(549, 227, 25.00, 78, 1, 1, 'Live'),
(550, 100, 5.00, 78, 1, 1, 'Live'),
(551, 17, 17.00, 78, 1, 1, 'Live'),
(552, 16, 84.00, 78, 1, 1, 'Live'),
(553, 204, 133.50, 78, 1, 1, 'Live'),
(554, 323, 25.00, 78, 1, 1, 'Live'),
(555, 219, 10.00, 78, 1, 1, 'Live'),
(556, 320, 0.40, 71, 1, 1, 'Live'),
(557, 326, 15.00, 71, 1, 1, 'Live'),
(558, 283, 1.00, 71, 1, 1, 'Live'),
(559, 227, 25.00, 71, 1, 1, 'Live'),
(560, 100, 5.00, 71, 1, 1, 'Live'),
(561, 17, 8.00, 71, 1, 1, 'Live'),
(562, 323, 30.00, 71, 1, 1, 'Live'),
(563, 16, 92.00, 71, 1, 1, 'Live'),
(564, 219, 10.00, 71, 1, 1, 'Live'),
(565, 320, 1.50, 76, 1, 1, 'Live'),
(566, 326, 15.00, 76, 1, 1, 'Live'),
(567, 254, 35.00, 76, 1, 1, 'Live'),
(568, 250, 10.00, 76, 1, 1, 'Live'),
(569, 283, 1.00, 76, 1, 1, 'Live'),
(570, 227, 25.00, 76, 1, 1, 'Live'),
(571, 100, 5.00, 76, 1, 1, 'Live'),
(572, 17, 17.00, 76, 1, 1, 'Live'),
(573, 323, 40.00, 76, 1, 1, 'Live'),
(574, 16, 84.00, 76, 1, 1, 'Live'),
(575, 321, 0.07, 76, 1, 1, 'Live'),
(576, 315, 0.16, 76, 1, 1, 'Live'),
(577, 219, 10.00, 76, 1, 1, 'Live'),
(578, 8, 3.00, 76, 1, 1, 'Live'),
(579, 320, 0.40, 73, 1, 1, 'Live'),
(580, 326, 15.00, 73, 1, 1, 'Live'),
(581, 283, 1.00, 73, 1, 1, 'Live'),
(582, 227, 25.00, 73, 1, 1, 'Live'),
(583, 100, 5.00, 73, 1, 1, 'Live'),
(584, 17, 8.00, 73, 1, 1, 'Live'),
(585, 323, 30.00, 73, 1, 1, 'Live'),
(586, 16, 92.00, 73, 1, 1, 'Live'),
(587, 221, 1.00, 73, 1, 1, 'Live'),
(588, 219, 10.00, 73, 1, 1, 'Live'),
(589, 320, 0.40, 72, 1, 1, 'Live'),
(590, 326, 15.00, 72, 1, 1, 'Live'),
(591, 254, 35.00, 72, 1, 1, 'Live'),
(592, 283, 1.00, 72, 1, 1, 'Live'),
(593, 227, 25.00, 72, 1, 1, 'Live'),
(594, 100, 5.00, 72, 1, 1, 'Live'),
(595, 17, 8.00, 72, 1, 1, 'Live'),
(596, 323, 30.00, 72, 1, 1, 'Live'),
(597, 16, 92.00, 72, 1, 1, 'Live'),
(598, 219, 10.00, 72, 1, 1, 'Live'),
(599, 320, 0.50, 74, 1, 1, 'Live'),
(600, 326, 15.00, 74, 1, 1, 'Live'),
(601, 283, 1.00, 74, 1, 1, 'Live'),
(602, 227, 25.00, 74, 1, 1, 'Live'),
(603, 100, 5.00, 74, 1, 1, 'Live'),
(604, 17, 17.00, 74, 1, 1, 'Live'),
(605, 323, 30.00, 74, 1, 1, 'Live'),
(606, 16, 84.00, 74, 1, 1, 'Live'),
(607, 321, 0.07, 74, 1, 1, 'Live'),
(608, 315, 0.16, 74, 1, 1, 'Live'),
(609, 219, 10.00, 74, 1, 1, 'Live'),
(610, 320, 1.50, 75, 1, 1, 'Live'),
(611, 326, 15.00, 75, 1, 1, 'Live'),
(612, 250, 10.00, 75, 1, 1, 'Live'),
(613, 283, 1.00, 75, 1, 1, 'Live'),
(614, 227, 25.00, 75, 1, 1, 'Live'),
(615, 100, 5.00, 75, 1, 1, 'Live'),
(616, 17, 17.00, 75, 1, 1, 'Live'),
(617, 323, 35.00, 75, 1, 1, 'Live'),
(618, 16, 84.00, 75, 1, 1, 'Live'),
(619, 321, 0.07, 75, 1, 1, 'Live'),
(620, 315, 0.16, 75, 1, 1, 'Live'),
(621, 219, 10.00, 75, 1, 1, 'Live'),
(622, 8, 3.00, 75, 1, 1, 'Live'),
(623, 320, 0.40, 82, 1, 1, 'Live'),
(624, 206, 1.00, 82, 1, 1, 'Live'),
(625, 326, 15.00, 82, 1, 1, 'Live'),
(626, 254, 35.00, 82, 1, 1, 'Live'),
(627, 283, 1.00, 82, 1, 1, 'Live'),
(628, 227, 25.00, 82, 1, 1, 'Live'),
(629, 53, 5.00, 82, 1, 1, 'Live'),
(630, 323, 30.00, 82, 1, 1, 'Live'),
(631, 322, 10.00, 83, 1, 1, 'Live'),
(632, 320, 0.20, 83, 1, 1, 'Live'),
(633, 326, 15.00, 83, 1, 1, 'Live'),
(634, 100, 5.00, 83, 1, 1, 'Live'),
(635, 323, 20.00, 83, 1, 1, 'Live'),
(636, 315, 0.50, 83, 1, 1, 'Live'),
(645, 320, 1.00, 86, 1, 1, 'Live'),
(646, 250, 10.00, 86, 1, 1, 'Live'),
(647, 320, 0.40, 85, 1, 1, 'Live'),
(648, 326, 15.00, 85, 1, 1, 'Live'),
(649, 227, 25.00, 85, 1, 1, 'Live'),
(650, 100, 5.00, 85, 1, 1, 'Live'),
(651, 323, 50.00, 85, 1, 1, 'Live'),
(652, 212, 60.00, 85, 1, 1, 'Live'),
(653, 326, 15.00, 87, 1, 1, 'Live'),
(654, 227, 25.00, 87, 1, 1, 'Live'),
(655, 100, 5.00, 87, 1, 1, 'Live'),
(656, 8, 5.00, 87, 1, 1, 'Live'),
(657, 335, 40.00, 19, 1, 1, 'Live'),
(658, 334, 72.00, 19, 1, 1, 'Live'),
(659, 250, 15.00, 19, 1, 1, 'Live'),
(660, 336, 190.00, 19, 1, 1, 'Live'),
(661, 316, 10.00, 19, 1, 1, 'Live'),
(662, 30, 1.00, 19, 1, 1, 'Live'),
(663, 187, 60.00, 20, 1, 1, 'Live'),
(664, 335, 40.00, 20, 1, 1, 'Live'),
(665, 250, 15.00, 20, 1, 1, 'Live'),
(666, 336, 190.00, 20, 1, 1, 'Live'),
(667, 316, 10.00, 20, 1, 1, 'Live'),
(668, 30, 1.00, 20, 1, 1, 'Live'),
(669, 320, 2.00, 25, 1, 1, 'Live'),
(670, 335, 20.00, 25, 1, 1, 'Live'),
(671, 207, 1.00, 25, 1, 1, 'Live'),
(672, 320, 1.00, 24, 1, 1, 'Live'),
(673, 335, 20.00, 24, 1, 1, 'Live'),
(674, 206, 1.00, 24, 1, 1, 'Live'),
(675, 57, 0.01, 91, 1, 1, 'Live'),
(676, 320, 0.50, 91, 1, 1, 'Live'),
(677, 330, 10.00, 91, 1, 1, 'Live'),
(678, 32, 1.00, 91, 1, 1, 'Live'),
(679, 213, 7.00, 91, 1, 1, 'Live'),
(680, 28, 1.00, 91, 1, 1, 'Live'),
(681, 286, 30.00, 91, 1, 1, 'Live'),
(682, 323, 50.00, 91, 1, 1, 'Live'),
(683, 57, 0.01, 93, 1, 1, 'Live'),
(684, 320, 1.00, 93, 1, 1, 'Live'),
(685, 330, 20.00, 93, 1, 1, 'Live'),
(686, 32, 2.00, 93, 1, 1, 'Live'),
(687, 213, 14.00, 93, 1, 1, 'Live'),
(688, 28, 1.00, 93, 1, 1, 'Live'),
(689, 286, 60.00, 93, 1, 1, 'Live'),
(690, 323, 100.00, 93, 1, 1, 'Live'),
(691, 57, 0.01, 92, 1, 1, 'Live'),
(692, 320, 10.00, 92, 1, 1, 'Live'),
(693, 330, 30.00, 92, 1, 1, 'Live'),
(694, 213, 21.00, 92, 1, 1, 'Live'),
(695, 32, 3.00, 92, 1, 1, 'Live'),
(696, 286, 90.00, 92, 1, 1, 'Live'),
(697, 28, 1.00, 92, 1, 1, 'Live'),
(698, 323, 150.00, 92, 1, 1, 'Live'),
(699, 57, 0.01, 94, 1, 1, 'Live'),
(700, 320, 2.00, 94, 1, 1, 'Live'),
(701, 330, 50.00, 94, 1, 1, 'Live'),
(702, 32, 5.00, 94, 1, 1, 'Live'),
(703, 213, 35.00, 94, 1, 1, 'Live'),
(704, 28, 1.00, 94, 1, 1, 'Live'),
(705, 323, 250.00, 94, 1, 1, 'Live'),
(706, 57, 0.01, 95, 1, 1, 'Live'),
(707, 330, 10.00, 95, 1, 1, 'Live'),
(708, 20, 10.00, 95, 1, 1, 'Live'),
(709, 32, 1.00, 95, 1, 1, 'Live'),
(710, 213, 7.00, 95, 1, 1, 'Live'),
(711, 28, 1.00, 95, 1, 1, 'Live'),
(712, 250, 10.00, 95, 1, 1, 'Live'),
(713, 15, 5.00, 95, 1, 1, 'Live'),
(714, 286, 30.00, 95, 1, 1, 'Live'),
(715, 57, 0.01, 96, 1, 1, 'Live'),
(716, 330, 20.00, 96, 1, 1, 'Live'),
(717, 20, 20.00, 96, 1, 1, 'Live'),
(718, 32, 2.00, 96, 1, 1, 'Live'),
(719, 213, 14.00, 96, 1, 1, 'Live'),
(720, 28, 1.00, 96, 1, 1, 'Live'),
(721, 286, 60.00, 96, 1, 1, 'Live'),
(722, 250, 20.00, 96, 1, 1, 'Live'),
(723, 15, 10.00, 96, 1, 1, 'Live'),
(724, 57, 0.01, 97, 1, 1, 'Live'),
(725, 330, 30.00, 97, 1, 1, 'Live'),
(726, 20, 30.00, 97, 1, 1, 'Live'),
(727, 32, 3.00, 97, 1, 1, 'Live'),
(728, 213, 21.00, 97, 1, 1, 'Live'),
(729, 28, 1.00, 97, 1, 1, 'Live'),
(730, 286, 90.00, 97, 1, 1, 'Live'),
(731, 250, 30.00, 97, 1, 1, 'Live'),
(732, 15, 15.00, 97, 1, 1, 'Live'),
(733, 57, 0.01, 248, 1, 1, 'Live'),
(734, 330, 50.00, 248, 1, 1, 'Live'),
(735, 20, 50.00, 248, 1, 1, 'Live'),
(736, 32, 5.00, 248, 1, 1, 'Live'),
(737, 213, 35.00, 248, 1, 1, 'Live'),
(738, 28, 1.00, 248, 1, 1, 'Live'),
(739, 286, 150.00, 248, 1, 1, 'Live'),
(740, 250, 50.00, 248, 1, 1, 'Live'),
(741, 15, 25.00, 248, 1, 1, 'Live'),
(742, 57, 0.01, 249, 1, 1, 'Live'),
(743, 98, 5.00, 249, 1, 1, 'Live'),
(744, 330, 10.00, 249, 1, 1, 'Live'),
(745, 20, 10.00, 249, 1, 1, 'Live'),
(746, 32, 1.00, 249, 1, 1, 'Live'),
(747, 326, 120.00, 249, 1, 1, 'Live'),
(748, 213, 7.00, 249, 1, 1, 'Live'),
(749, 28, 1.00, 249, 1, 1, 'Live'),
(750, 286, 30.00, 249, 1, 1, 'Live'),
(751, 250, 10.00, 249, 1, 1, 'Live'),
(752, 15, 5.00, 249, 1, 1, 'Live'),
(753, 282, 30.00, 249, 1, 1, 'Live'),
(754, 57, 0.01, 98, 1, 1, 'Live'),
(755, 330, 10.00, 98, 1, 1, 'Live'),
(756, 20, 10.00, 98, 1, 1, 'Live'),
(757, 213, 7.00, 98, 1, 1, 'Live'),
(758, 28, 1.00, 98, 1, 1, 'Live'),
(759, 286, 30.00, 98, 1, 1, 'Live'),
(760, 254, 35.00, 98, 1, 1, 'Live'),
(761, 250, 10.00, 98, 1, 1, 'Live'),
(762, 15, 5.00, 98, 1, 1, 'Live'),
(763, 291, 15.00, 8, 1, 1, 'Live'),
(764, 287, 15.00, 8, 1, 1, 'Live'),
(765, 225, 1.00, 8, 1, 1, 'Live'),
(766, 190, 150.00, 8, 1, 1, 'Live'),
(767, 241, 30.00, 8, 1, 1, 'Live'),
(768, 291, 30.00, 9, 1, 1, 'Live'),
(769, 320, 0.25, 9, 1, 1, 'Live'),
(770, 287, 30.00, 9, 1, 1, 'Live'),
(771, 27, 50.00, 9, 1, 1, 'Live'),
(772, 323, 20.00, 9, 1, 1, 'Live'),
(773, 204, 166.50, 9, 1, 1, 'Live'),
(774, 225, 1.00, 9, 1, 1, 'Live'),
(775, 190, 100.00, 9, 1, 1, 'Live'),
(776, 241, 30.00, 9, 1, 1, 'Live'),
(777, 291, 303.00, 10, 1, 1, 'Live'),
(778, 287, 30.00, 10, 1, 1, 'Live'),
(779, 257, 6.00, 10, 1, 1, 'Live'),
(780, 225, 1.00, 10, 1, 1, 'Live'),
(781, 190, 100.00, 10, 1, 1, 'Live'),
(782, 241, 30.00, 10, 1, 1, 'Live'),
(783, 291, 30.00, 11, 1, 1, 'Live'),
(784, 287, 30.00, 11, 1, 1, 'Live'),
(785, 301, 6.00, 11, 1, 1, 'Live'),
(786, 225, 1.00, 11, 1, 1, 'Live'),
(787, 190, 100.00, 11, 1, 1, 'Live'),
(788, 241, 30.00, 11, 1, 1, 'Live'),
(789, 291, 30.00, 12, 1, 1, 'Live'),
(790, 320, 0.25, 12, 1, 1, 'Live'),
(791, 287, 30.00, 12, 1, 1, 'Live'),
(792, 27, 50.00, 12, 1, 1, 'Live'),
(793, 323, 20.00, 12, 1, 1, 'Live'),
(794, 257, 2.00, 12, 1, 1, 'Live'),
(795, 301, 2.00, 12, 1, 1, 'Live'),
(796, 204, 50.00, 12, 1, 1, 'Live'),
(797, 225, 1.00, 12, 1, 1, 'Live'),
(798, 190, 100.00, 12, 1, 1, 'Live'),
(799, 241, 30.00, 12, 1, 1, 'Live'),
(800, 333, 50.00, 250, 1, 1, 'Live'),
(801, 281, 5.00, 250, 1, 1, 'Live'),
(802, 340, 1.00, 250, 1, 1, 'Live'),
(803, 208, 100.00, 250, 1, 1, 'Live'),
(804, 103, 5.00, 250, 1, 1, 'Live'),
(805, 198, 5.00, 250, 1, 1, 'Live'),
(806, 27, 30.00, 250, 1, 1, 'Live'),
(807, 227, 50.00, 250, 1, 1, 'Live'),
(808, 241, 30.00, 250, 1, 1, 'Live'),
(809, 298, 1.00, 251, 1, 1, 'Live'),
(810, 44, 10.00, 251, 1, 1, 'Live'),
(811, 298, 1.00, 252, 1, 1, 'Live'),
(812, 312, 15.00, 252, 1, 1, 'Live'),
(813, 221, 30.00, 252, 1, 1, 'Live'),
(814, 333, 50.00, 253, 1, 1, 'Live'),
(815, 281, 5.00, 253, 1, 1, 'Live'),
(816, 208, 50.00, 253, 1, 1, 'Live'),
(817, 232, 3.00, 253, 1, 1, 'Live'),
(818, 103, 5.00, 253, 1, 1, 'Live'),
(819, 198, 5.00, 253, 1, 1, 'Live'),
(820, 27, 30.00, 253, 1, 1, 'Live'),
(821, 227, 50.00, 253, 1, 1, 'Live'),
(822, 241, 30.00, 253, 1, 1, 'Live'),
(823, 333, 50.00, 254, 1, 1, 'Live'),
(824, 281, 5.00, 254, 1, 1, 'Live'),
(825, 341, 4.00, 254, 1, 1, 'Live'),
(826, 51, 20.00, 254, 1, 1, 'Live'),
(827, 103, 5.00, 254, 1, 1, 'Live'),
(828, 198, 5.00, 254, 1, 1, 'Live'),
(829, 19, 2.00, 254, 1, 1, 'Live'),
(830, 27, 30.00, 254, 1, 1, 'Live'),
(831, 227, 50.00, 254, 1, 1, 'Live'),
(832, 39, 0.50, 254, 1, 1, 'Live'),
(833, 241, 30.00, 254, 1, 1, 'Live'),
(834, 333, 50.00, 255, 1, 1, 'Live'),
(835, 281, 5.00, 255, 1, 1, 'Live'),
(836, 331, 2.00, 255, 1, 1, 'Live'),
(837, 188, 1.00, 255, 1, 1, 'Live'),
(838, 51, 20.00, 255, 1, 1, 'Live'),
(839, 103, 5.00, 255, 1, 1, 'Live'),
(840, 198, 5.00, 255, 1, 1, 'Live'),
(841, 19, 2.00, 255, 1, 1, 'Live'),
(842, 27, 30.00, 255, 1, 1, 'Live'),
(843, 227, 50.00, 255, 1, 1, 'Live'),
(844, 39, 0.50, 255, 1, 1, 'Live'),
(845, 241, 30.00, 255, 1, 1, 'Live'),
(846, 20, 10.00, 113, 1, 1, 'Live'),
(847, 202, 70.00, 113, 1, 1, 'Live'),
(848, 4, 1.00, 113, 1, 1, 'Live'),
(849, 342, 1.00, 113, 1, 1, 'Live'),
(850, 260, 1.00, 113, 1, 1, 'Live'),
(851, 300, 10.00, 113, 1, 1, 'Live'),
(852, 261, 1.00, 113, 1, 1, 'Live'),
(853, 20, 10.00, 110, 1, 1, 'Live'),
(854, 4, 1.00, 110, 1, 1, 'Live'),
(855, 342, 1.00, 110, 1, 1, 'Live'),
(856, 260, 1.00, 110, 1, 1, 'Live'),
(857, 300, 10.00, 110, 1, 1, 'Live'),
(858, 201, 70.00, 110, 1, 1, 'Live'),
(859, 261, 1.00, 110, 1, 1, 'Live'),
(860, 20, 10.00, 112, 1, 1, 'Live'),
(861, 4, 1.00, 112, 1, 1, 'Live'),
(862, 342, 1.00, 112, 1, 1, 'Live'),
(863, 260, 1.00, 112, 1, 1, 'Live'),
(864, 300, 10.00, 112, 1, 1, 'Live'),
(865, 203, 70.00, 112, 1, 1, 'Live'),
(866, 261, 1.00, 112, 1, 1, 'Live'),
(867, 20, 10.00, 111, 1, 1, 'Live'),
(868, 201, 35.00, 111, 1, 1, 'Live'),
(869, 4, 1.00, 111, 1, 1, 'Live'),
(870, 342, 1.00, 111, 1, 1, 'Live'),
(871, 260, 1.00, 111, 1, 1, 'Live'),
(872, 300, 10.00, 111, 1, 1, 'Live'),
(873, 202, 35.00, 111, 1, 1, 'Live'),
(874, 203, 35.00, 111, 1, 1, 'Live'),
(875, 261, 1.00, 111, 1, 1, 'Live'),
(882, 20, 10.00, 114, 1, 1, 'Live'),
(883, 201, 70.00, 114, 1, 1, 'Live'),
(884, 4, 1.00, 114, 1, 1, 'Live'),
(885, 260, 1.00, 114, 1, 1, 'Live'),
(886, 300, 10.00, 114, 1, 1, 'Live'),
(887, 261, 15.00, 114, 1, 1, 'Live'),
(888, 343, 1.00, 114, 1, 1, 'Live'),
(889, 20, 10.00, 115, 1, 1, 'Live'),
(890, 203, 70.00, 115, 1, 1, 'Live'),
(891, 4, 1.00, 115, 1, 1, 'Live'),
(892, 260, 1.00, 115, 1, 1, 'Live'),
(893, 300, 10.00, 115, 1, 1, 'Live'),
(894, 261, 15.00, 115, 1, 1, 'Live'),
(895, 343, 1.00, 115, 1, 1, 'Live'),
(896, 20, 10.00, 116, 1, 1, 'Live'),
(897, 202, 70.00, 116, 1, 1, 'Live'),
(898, 4, 1.00, 116, 1, 1, 'Live'),
(899, 260, 1.00, 116, 1, 1, 'Live'),
(900, 300, 10.00, 116, 1, 1, 'Live'),
(901, 261, 15.00, 116, 1, 1, 'Live'),
(902, 343, 1.00, 116, 1, 1, 'Live'),
(903, 20, 30.00, 117, 1, 1, 'Live'),
(904, 312, 30.00, 117, 1, 1, 'Live'),
(905, 201, 70.00, 117, 1, 1, 'Live'),
(906, 4, 1.00, 117, 1, 1, 'Live'),
(907, 260, 1.00, 117, 1, 1, 'Live'),
(908, 146, 50.00, 117, 1, 1, 'Live'),
(909, 261, 1.00, 117, 1, 1, 'Live'),
(910, 47, 1.00, 117, 1, 1, 'Live'),
(911, 343, 3.00, 117, 1, 1, 'Live'),
(912, 174, 30.00, 117, 1, 1, 'Live'),
(913, 221, 1.00, 117, 1, 1, 'Live'),
(914, 194, 1.00, 117, 1, 1, 'Live'),
(915, 20, 30.00, 118, 1, 1, 'Live'),
(916, 312, 30.00, 118, 1, 1, 'Live'),
(917, 4, 1.00, 118, 1, 1, 'Live'),
(918, 260, 1.00, 118, 1, 1, 'Live'),
(919, 203, 60.00, 118, 1, 1, 'Live'),
(920, 146, 50.00, 118, 1, 1, 'Live'),
(921, 261, 1.00, 118, 1, 1, 'Live'),
(922, 47, 1.00, 118, 1, 1, 'Live'),
(923, 343, 3.00, 118, 1, 1, 'Live'),
(924, 174, 30.00, 118, 1, 1, 'Live'),
(925, 221, 1.00, 118, 1, 1, 'Live'),
(926, 194, 1.00, 118, 1, 1, 'Live'),
(927, 20, 30.00, 119, 1, 1, 'Live'),
(928, 4, 1.00, 119, 1, 1, 'Live'),
(929, 312, 30.00, 119, 1, 1, 'Live'),
(930, 260, 1.00, 119, 1, 1, 'Live'),
(931, 202, 60.00, 119, 1, 1, 'Live'),
(932, 146, 50.00, 119, 1, 1, 'Live'),
(933, 261, 1.00, 119, 1, 1, 'Live'),
(934, 47, 1.00, 119, 1, 1, 'Live'),
(935, 343, 3.00, 119, 1, 1, 'Live'),
(936, 174, 30.00, 119, 1, 1, 'Live'),
(937, 221, 1.00, 119, 1, 1, 'Live'),
(938, 194, 1.00, 119, 1, 1, 'Live'),
(939, 41, 35.00, 120, 1, 1, 'Live'),
(940, 20, 10.00, 120, 1, 1, 'Live'),
(941, 312, 10.00, 120, 1, 1, 'Live'),
(942, 343, 1.00, 120, 1, 1, 'Live'),
(943, 41, 50.00, 121, 1, 1, 'Live'),
(944, 20, 10.00, 121, 1, 1, 'Live'),
(945, 312, 10.00, 121, 1, 1, 'Live'),
(946, 272, 80.00, 121, 1, 1, 'Live'),
(947, 343, 1.00, 121, 1, 1, 'Live'),
(948, 312, 5.00, 256, 1, 1, 'Live'),
(949, 300, 5.00, 256, 1, 1, 'Live'),
(950, 272, 150.00, 256, 1, 1, 'Live'),
(951, 47, 15.00, 256, 1, 1, 'Live'),
(952, 325, 20.00, 256, 1, 1, 'Live'),
(953, 312, 5.00, 257, 1, 1, 'Live'),
(954, 300, 5.00, 257, 1, 1, 'Live'),
(955, 325, 20.00, 257, 1, 1, 'Live'),
(956, 221, 30.00, 257, 1, 1, 'Live'),
(957, 272, 150.00, 257, 1, 1, 'Live'),
(958, 312, 5.00, 258, 1, 1, 'Live'),
(959, 300, 5.00, 258, 1, 1, 'Live'),
(960, 272, 150.00, 258, 1, 1, 'Live'),
(961, 47, 15.00, 258, 1, 1, 'Live'),
(962, 221, 30.00, 258, 1, 1, 'Live'),
(963, 325, 20.00, 258, 1, 1, 'Live'),
(964, 20, 10.00, 259, 1, 1, 'Live'),
(965, 312, 5.00, 259, 1, 1, 'Live'),
(966, 300, 5.00, 259, 1, 1, 'Live'),
(967, 272, 150.00, 259, 1, 1, 'Live'),
(968, 47, 15.00, 259, 1, 1, 'Live'),
(969, 20, 10.00, 260, 1, 1, 'Live'),
(970, 312, 5.00, 260, 1, 1, 'Live'),
(971, 300, 5.00, 260, 1, 1, 'Live'),
(972, 272, 150.00, 260, 1, 1, 'Live'),
(973, 221, 30.00, 260, 1, 1, 'Live'),
(974, 20, 10.00, 261, 1, 1, 'Live'),
(975, 312, 5.00, 261, 1, 1, 'Live'),
(976, 300, 5.00, 261, 1, 1, 'Live'),
(977, 272, 150.00, 261, 1, 1, 'Live'),
(978, 47, 15.00, 261, 1, 1, 'Live'),
(979, 221, 30.00, 261, 1, 1, 'Live'),
(980, 20, 10.00, 262, 1, 1, 'Live'),
(981, 312, 10.00, 262, 1, 1, 'Live'),
(982, 343, 1.00, 262, 1, 1, 'Live'),
(983, 253, 35.00, 262, 1, 1, 'Live'),
(984, 20, 10.00, 263, 1, 1, 'Live'),
(985, 312, 10.00, 263, 1, 1, 'Live'),
(986, 272, 80.00, 263, 1, 1, 'Live'),
(987, 343, 1.00, 263, 1, 1, 'Live'),
(988, 253, 35.00, 263, 1, 1, 'Live'),
(989, 20, 10.00, 264, 1, 1, 'Live'),
(990, 312, 10.00, 264, 1, 1, 'Live'),
(991, 253, 35.00, 264, 1, 1, 'Live'),
(992, 343, 1.00, 264, 1, 1, 'Live'),
(993, 20, 10.00, 265, 1, 1, 'Live'),
(994, 312, 10.00, 265, 1, 1, 'Live'),
(995, 272, 80.00, 265, 1, 1, 'Live'),
(996, 343, 1.00, 265, 1, 1, 'Live'),
(997, 253, 35.00, 265, 1, 1, 'Live'),
(998, 344, 200.00, 133, 1, 1, 'Live'),
(999, 312, 30.00, 133, 1, 1, 'Live'),
(1000, 318, 13.00, 133, 1, 1, 'Live'),
(1001, 297, 1.00, 134, 1, 1, 'Live'),
(1002, 186, 160.00, 134, 1, 1, 'Live'),
(1003, 344, 30.00, 134, 1, 1, 'Live'),
(1004, 312, 13.00, 134, 1, 1, 'Live'),
(1005, 344, 200.00, 135, 1, 1, 'Live'),
(1006, 312, 30.00, 135, 1, 1, 'Live'),
(1007, 228, 13.00, 135, 1, 1, 'Live'),
(1008, 297, 1.00, 136, 1, 1, 'Live'),
(1009, 186, 160.00, 136, 1, 1, 'Live'),
(1010, 344, 200.00, 136, 1, 1, 'Live'),
(1011, 312, 30.00, 136, 1, 1, 'Live'),
(1012, 228, 13.00, 136, 1, 1, 'Live'),
(1013, 344, 200.00, 137, 1, 1, 'Live'),
(1014, 312, 30.00, 137, 1, 1, 'Live'),
(1015, 247, 1.00, 137, 1, 1, 'Live'),
(1016, 248, 4.00, 138, 1, 1, 'Live'),
(1017, 297, 1.00, 138, 1, 1, 'Live'),
(1018, 186, 160.00, 138, 1, 1, 'Live'),
(1019, 344, 200.00, 138, 1, 1, 'Live'),
(1020, 312, 30.00, 138, 1, 1, 'Live'),
(1021, 247, 1.00, 138, 1, 1, 'Live'),
(1022, 345, 1.00, 128, 1, 1, 'Live'),
(1023, 344, 200.00, 129, 1, 1, 'Live'),
(1024, 317, 1.00, 129, 1, 1, 'Live'),
(1025, 297, 1.00, 130, 1, 1, 'Live'),
(1026, 186, 160.00, 130, 1, 1, 'Live'),
(1027, 344, 200.00, 130, 1, 1, 'Live'),
(1028, 344, 200.00, 131, 1, 1, 'Live'),
(1029, 317, 1.00, 131, 1, 1, 'Live'),
(1030, 198, 30.00, 131, 1, 1, 'Live'),
(1031, 297, 1.00, 132, 1, 1, 'Live'),
(1032, 186, 160.00, 132, 1, 1, 'Live'),
(1033, 198, 30.00, 132, 1, 1, 'Live'),
(1034, 344, 200.00, 132, 1, 1, 'Live'),
(1035, 7, 1.00, 266, 1, 1, 'Live'),
(1036, 297, 1.00, 266, 1, 1, 'Live'),
(1037, 186, 160.00, 266, 1, 1, 'Live'),
(1038, 7, 1.00, 267, 1, 1, 'Live'),
(1039, 297, 1.00, 267, 1, 1, 'Live'),
(1040, 186, 160.00, 267, 1, 1, 'Live'),
(1041, 203, 60.00, 267, 1, 1, 'Live'),
(1042, 297, 1.00, 154, 1, 1, 'Live'),
(1043, 186, 80.00, 154, 1, 1, 'Live'),
(1044, 344, 150.00, 154, 1, 1, 'Live'),
(1045, 194, 1.00, 154, 1, 1, 'Live'),
(1052, 297, 1.00, 150, 1, 1, 'Live'),
(1053, 186, 80.00, 150, 1, 1, 'Live'),
(1054, 344, 50.00, 150, 1, 1, 'Live'),
(1055, 246, 150.00, 150, 1, 1, 'Live'),
(1056, 200, 40.00, 150, 1, 1, 'Live'),
(1057, 247, 1.00, 150, 1, 1, 'Live'),
(1058, 297, 0.50, 147, 1, 1, 'Live'),
(1059, 344, 50.00, 147, 1, 1, 'Live'),
(1060, 198, 10.00, 147, 1, 1, 'Live'),
(1061, 246, 100.00, 147, 1, 1, 'Live'),
(1062, 200, 40.00, 147, 1, 1, 'Live'),
(1063, 297, 0.50, 151, 1, 1, 'Live'),
(1064, 344, 50.00, 151, 1, 1, 'Live'),
(1065, 198, 10.00, 151, 1, 1, 'Live'),
(1066, 246, 100.00, 151, 1, 1, 'Live'),
(1067, 280, 40.00, 151, 1, 1, 'Live'),
(1068, 297, 0.50, 152, 1, 1, 'Live'),
(1069, 186, 80.00, 152, 1, 1, 'Live'),
(1070, 344, 50.00, 152, 1, 1, 'Live'),
(1071, 198, 10.00, 152, 1, 1, 'Live'),
(1072, 246, 100.00, 152, 1, 1, 'Live'),
(1073, 280, 40.00, 152, 1, 1, 'Live'),
(1074, 297, 0.50, 153, 1, 1, 'Live'),
(1075, 186, 80.00, 153, 1, 1, 'Live'),
(1076, 344, 50.00, 153, 1, 1, 'Live'),
(1077, 246, 100.00, 153, 1, 1, 'Live'),
(1078, 299, 10.00, 153, 1, 1, 'Live'),
(1079, 194, 1.00, 153, 1, 1, 'Live'),
(1080, 297, 0.50, 148, 1, 1, 'Live'),
(1081, 344, 50.00, 148, 1, 1, 'Live'),
(1082, 246, 150.00, 148, 1, 1, 'Live'),
(1083, 194, 1.00, 148, 1, 1, 'Live'),
(1084, 297, 0.50, 149, 1, 1, 'Live'),
(1085, 186, 80.00, 149, 1, 1, 'Live'),
(1086, 344, 50.00, 149, 1, 1, 'Live'),
(1087, 246, 100.00, 149, 1, 1, 'Live'),
(1088, 194, 1.00, 149, 1, 1, 'Live'),
(1089, 344, 600.00, 145, 1, 1, 'Live'),
(1090, 59, 3.00, 145, 1, 1, 'Live'),
(1091, 344, 600.00, 146, 1, 1, 'Live'),
(1092, 191, 3.00, 146, 1, 1, 'Live'),
(1093, 344, 45.00, 155, 1, 1, 'Live'),
(1094, 203, 60.00, 155, 1, 1, 'Live'),
(1095, 47, 10.00, 155, 1, 1, 'Live'),
(1096, 228, 18.00, 155, 1, 1, 'Live'),
(1097, 344, 45.00, 156, 1, 1, 'Live'),
(1098, 228, 18.00, 156, 1, 1, 'Live'),
(1099, 344, 200.00, 157, 1, 1, 'Live'),
(1100, 197, 1.00, 157, 1, 1, 'Live'),
(1101, 228, 18.00, 157, 1, 1, 'Live'),
(1102, 344, 200.00, 268, 1, 1, 'Live'),
(1103, 228, 18.00, 268, 1, 1, 'Live'),
(1104, 344, 200.00, 269, 1, 1, 'Live'),
(1105, 312, 30.00, 269, 1, 1, 'Live'),
(1106, 228, 18.00, 269, 1, 1, 'Live'),
(1107, 344, 45.00, 158, 1, 1, 'Live'),
(1108, 246, 75.00, 158, 1, 1, 'Live'),
(1109, 197, 1.00, 158, 1, 1, 'Live'),
(1110, 228, 18.00, 158, 1, 1, 'Live'),
(1111, 297, 1.00, 159, 1, 1, 'Live'),
(1112, 186, 80.00, 159, 1, 1, 'Live'),
(1113, 344, 45.00, 159, 1, 1, 'Live'),
(1114, 198, 20.00, 159, 1, 1, 'Live'),
(1115, 246, 75.00, 159, 1, 1, 'Live'),
(1116, 228, 18.00, 159, 1, 1, 'Live'),
(1117, 344, 45.00, 160, 1, 1, 'Live'),
(1118, 246, 100.00, 160, 1, 1, 'Live'),
(1119, 197, 1.00, 160, 1, 1, 'Live'),
(1120, 228, 18.00, 160, 1, 1, 'Live'),
(1121, 297, 1.00, 161, 1, 1, 'Live'),
(1122, 186, 80.00, 161, 1, 1, 'Live'),
(1123, 344, 45.00, 161, 1, 1, 'Live'),
(1124, 198, 20.00, 161, 1, 1, 'Live'),
(1125, 246, 100.00, 161, 1, 1, 'Live'),
(1126, 228, 18.00, 161, 1, 1, 'Live'),
(1127, 344, 45.00, 162, 1, 1, 'Live'),
(1128, 246, 75.00, 162, 1, 1, 'Live'),
(1129, 197, 1.00, 162, 1, 1, 'Live'),
(1130, 228, 18.00, 162, 1, 1, 'Live'),
(1131, 297, 1.00, 163, 1, 1, 'Live'),
(1132, 186, 80.00, 163, 1, 1, 'Live'),
(1133, 344, 45.00, 163, 1, 1, 'Live'),
(1134, 198, 30.00, 163, 1, 1, 'Live'),
(1135, 246, 75.00, 163, 1, 1, 'Live'),
(1136, 228, 18.00, 163, 1, 1, 'Live'),
(1137, 344, 45.00, 164, 1, 1, 'Live'),
(1138, 246, 75.00, 164, 1, 1, 'Live'),
(1139, 49, 5.00, 164, 1, 1, 'Live'),
(1140, 197, 1.00, 164, 1, 1, 'Live'),
(1141, 228, 18.00, 164, 1, 1, 'Live'),
(1142, 297, 1.00, 165, 1, 1, 'Live'),
(1143, 186, 80.00, 165, 1, 1, 'Live'),
(1144, 344, 45.00, 165, 1, 1, 'Live'),
(1145, 198, 20.00, 165, 1, 1, 'Live'),
(1146, 246, 75.00, 165, 1, 1, 'Live'),
(1147, 49, 5.00, 165, 1, 1, 'Live'),
(1148, 228, 18.00, 165, 1, 1, 'Live'),
(1149, 344, 100.00, 166, 1, 1, 'Live'),
(1150, 246, 100.00, 166, 1, 1, 'Live'),
(1151, 48, 1.00, 166, 1, 1, 'Live'),
(1152, 300, 15.00, 166, 1, 1, 'Live'),
(1153, 297, 1.00, 167, 1, 1, 'Live'),
(1154, 186, 70.00, 167, 1, 1, 'Live'),
(1155, 344, 100.00, 167, 1, 1, 'Live'),
(1156, 246, 100.00, 167, 1, 1, 'Live'),
(1157, 95, 1.00, 167, 1, 1, 'Live'),
(1158, 300, 30.00, 167, 1, 1, 'Live'),
(1159, 297, 1.00, 169, 1, 1, 'Live'),
(1160, 186, 80.00, 169, 1, 1, 'Live'),
(1161, 344, 45.00, 169, 1, 1, 'Live'),
(1162, 198, 20.00, 169, 1, 1, 'Live'),
(1163, 246, 75.00, 169, 1, 1, 'Live'),
(1164, 332, 10.00, 169, 1, 1, 'Live'),
(1165, 228, 18.00, 169, 1, 1, 'Live'),
(1166, 297, 1.00, 171, 1, 1, 'Live'),
(1167, 186, 80.00, 171, 1, 1, 'Live'),
(1168, 344, 45.00, 171, 1, 1, 'Live'),
(1169, 198, 20.00, 171, 1, 1, 'Live'),
(1170, 246, 75.00, 171, 1, 1, 'Live'),
(1171, 199, 20.00, 171, 1, 1, 'Live'),
(1172, 228, 18.00, 171, 1, 1, 'Live'),
(1177, 297, 1.00, 271, 1, 1, 'Live'),
(1178, 186, 160.00, 271, 1, 1, 'Live'),
(1179, 344, 200.00, 271, 1, 1, 'Live'),
(1180, 312, 30.00, 271, 1, 1, 'Live'),
(1181, 196, 20.00, 271, 1, 1, 'Live'),
(1182, 228, 18.00, 271, 1, 1, 'Live'),
(1183, 262, 1.00, 177, 1, 1, 'Live'),
(1184, 297, 1.00, 177, 1, 1, 'Live'),
(1185, 186, 115.00, 177, 1, 1, 'Live'),
(1186, 196, 35.00, 177, 1, 1, 'Live'),
(1187, 262, 1.00, 178, 1, 1, 'Live'),
(1188, 297, 1.00, 178, 1, 1, 'Live'),
(1189, 186, 115.00, 178, 1, 1, 'Live'),
(1190, 344, 45.00, 178, 1, 1, 'Live'),
(1191, 196, 35.00, 178, 1, 1, 'Live'),
(1192, 228, 18.00, 178, 1, 1, 'Live'),
(1193, 262, 1.00, 179, 1, 1, 'Live'),
(1194, 297, 1.00, 179, 1, 1, 'Live'),
(1195, 186, 115.00, 179, 1, 1, 'Live'),
(1196, 247, 1.00, 179, 1, 1, 'Live'),
(1197, 300, 10.00, 179, 1, 1, 'Live'),
(1198, 196, 35.00, 179, 1, 1, 'Live'),
(1199, 262, 1.00, 180, 1, 1, 'Live'),
(1200, 297, 1.00, 180, 1, 1, 'Live'),
(1201, 186, 115.00, 180, 1, 1, 'Live'),
(1202, 344, 45.00, 180, 1, 1, 'Live'),
(1203, 312, 10.00, 180, 1, 1, 'Live'),
(1204, 247, 1.00, 180, 1, 1, 'Live'),
(1205, 196, 35.00, 180, 1, 1, 'Live'),
(1206, 228, 18.00, 180, 1, 1, 'Live'),
(1207, 262, 1.00, 181, 1, 1, 'Live'),
(1208, 297, 1.00, 181, 1, 1, 'Live'),
(1209, 186, 115.00, 181, 1, 1, 'Live'),
(1210, 271, 1.00, 181, 1, 1, 'Live'),
(1211, 196, 35.00, 181, 1, 1, 'Live'),
(1212, 262, 1.00, 182, 1, 1, 'Live'),
(1213, 297, 1.00, 182, 1, 1, 'Live'),
(1214, 186, 115.00, 182, 1, 1, 'Live'),
(1215, 344, 45.00, 182, 1, 1, 'Live'),
(1216, 196, 35.00, 182, 1, 1, 'Live'),
(1217, 203, 35.00, 182, 1, 1, 'Live'),
(1218, 228, 18.00, 182, 1, 1, 'Live'),
(1219, 262, 1.00, 233, 1, 1, 'Live'),
(1220, 297, 1.00, 233, 1, 1, 'Live'),
(1221, 186, 115.00, 233, 1, 1, 'Live'),
(1222, 344, 45.00, 233, 1, 1, 'Live'),
(1223, 201, 35.00, 233, 1, 1, 'Live'),
(1224, 196, 35.00, 233, 1, 1, 'Live'),
(1225, 228, 18.00, 233, 1, 1, 'Live'),
(1226, 262, 1.00, 230, 1, 1, 'Live'),
(1227, 297, 1.00, 230, 1, 1, 'Live'),
(1228, 186, 115.00, 230, 1, 1, 'Live'),
(1229, 247, 1.00, 230, 1, 1, 'Live'),
(1230, 300, 10.00, 230, 1, 1, 'Live'),
(1231, 203, 35.00, 230, 1, 1, 'Live'),
(1232, 196, 35.00, 230, 1, 1, 'Live'),
(1233, 262, 1.00, 232, 1, 1, 'Live'),
(1234, 297, 1.00, 232, 1, 1, 'Live'),
(1235, 186, 115.00, 232, 1, 1, 'Live'),
(1236, 201, 35.00, 232, 1, 1, 'Live'),
(1237, 247, 1.00, 232, 1, 1, 'Live'),
(1238, 300, 10.00, 232, 1, 1, 'Live'),
(1239, 196, 35.00, 232, 1, 1, 'Live'),
(1240, 262, 1.00, 231, 1, 1, 'Live'),
(1241, 297, 1.00, 231, 1, 1, 'Live'),
(1242, 186, 95.00, 231, 1, 1, 'Live'),
(1243, 344, 45.00, 231, 1, 1, 'Live'),
(1244, 247, 1.00, 231, 1, 1, 'Live'),
(1245, 300, 10.00, 231, 1, 1, 'Live'),
(1246, 203, 35.00, 231, 1, 1, 'Live'),
(1247, 196, 35.00, 231, 1, 1, 'Live'),
(1248, 228, 18.00, 231, 1, 1, 'Live'),
(1262, 297, 1.00, 234, 1, 1, 'Live'),
(1263, 186, 160.00, 234, 1, 1, 'Live'),
(1264, 27, 20.00, 234, 1, 1, 'Live'),
(1265, 305, 100.00, 234, 1, 1, 'Live'),
(1266, 346, 100.00, 234, 1, 1, 'Live'),
(1267, 297, 1.00, 235, 1, 1, 'Live'),
(1268, 186, 160.00, 235, 1, 1, 'Live'),
(1269, 306, 1.00, 235, 1, 1, 'Live'),
(1270, 305, 200.00, 235, 1, 1, 'Live'),
(1271, 259, 20.00, 235, 1, 1, 'Live'),
(1272, 297, 1.00, 236, 1, 1, 'Live'),
(1273, 186, 160.00, 236, 1, 1, 'Live'),
(1274, 305, 200.00, 236, 1, 1, 'Live'),
(1275, 242, 20.00, 236, 1, 1, 'Live'),
(1276, 297, 1.00, 273, 1, 1, 'Live'),
(1277, 186, 160.00, 273, 1, 1, 'Live'),
(1278, 305, 200.00, 273, 1, 1, 'Live'),
(1279, 307, 1.00, 273, 1, 1, 'Live'),
(1280, 299, 20.00, 273, 1, 1, 'Live'),
(1281, 297, 1.00, 274, 1, 1, 'Live'),
(1282, 186, 160.00, 274, 1, 1, 'Live'),
(1283, 305, 80.00, 274, 1, 1, 'Live'),
(1284, 310, 120.00, 274, 1, 1, 'Live'),
(1285, 297, 1.00, 275, 1, 1, 'Live'),
(1286, 186, 160.00, 275, 1, 1, 'Live'),
(1287, 305, 80.00, 275, 1, 1, 'Live'),
(1288, 240, 120.00, 275, 1, 1, 'Live'),
(1293, 186, 180.00, 196, 1, 1, 'Live'),
(1294, 326, 75.00, 196, 1, 1, 'Live'),
(1295, 344, 200.00, 196, 1, 1, 'Live'),
(1296, 296, 1.00, 196, 1, 1, 'Live'),
(1297, 242, 40.00, 196, 1, 1, 'Live'),
(1298, 172, 1.00, 196, 1, 1, 'Live'),
(1299, 297, 1.00, 195, 1, 1, 'Live'),
(1300, 186, 180.00, 195, 1, 1, 'Live'),
(1301, 344, 100.00, 195, 1, 1, 'Live'),
(1302, 317, 1.00, 195, 1, 1, 'Live'),
(1303, 198, 20.00, 195, 1, 1, 'Live'),
(1304, 27, 20.00, 195, 1, 1, 'Live'),
(1305, 346, 100.00, 195, 1, 1, 'Live'),
(1306, 297, 1.00, 202, 1, 1, 'Live'),
(1307, 198, 30.00, 202, 1, 1, 'Live'),
(1308, 236, 1.00, 202, 1, 1, 'Live'),
(1309, 297, 1.00, 203, 1, 1, 'Live'),
(1310, 186, 180.00, 203, 1, 1, 'Live'),
(1311, 198, 20.00, 203, 1, 1, 'Live'),
(1312, 236, 1.00, 203, 1, 1, 'Live'),
(1317, 10, 1.00, 199, 1, 1, 'Live'),
(1318, 296, 1.00, 199, 1, 1, 'Live'),
(1319, 186, 180.00, 201, 1, 1, 'Live'),
(1320, 198, 10.00, 201, 1, 1, 'Live'),
(1321, 10, 1.00, 201, 1, 1, 'Live'),
(1322, 296, 1.00, 201, 1, 1, 'Live'),
(1323, 297, 1.00, 197, 1, 1, 'Live'),
(1324, 186, 180.00, 197, 1, 1, 'Live'),
(1325, 344, 150.00, 197, 1, 1, 'Live'),
(1326, 317, 1.00, 197, 1, 1, 'Live'),
(1327, 198, 20.00, 197, 1, 1, 'Live'),
(1328, 238, 20.00, 197, 1, 1, 'Live'),
(1329, 237, 45.00, 197, 1, 1, 'Live'),
(1330, 297, 1.00, 99, 1, 1, 'Live'),
(1331, 186, 270.00, 99, 1, 1, 'Live'),
(1332, 258, 250.00, 99, 1, 1, 'Live'),
(1333, 297, 1.00, 100, 1, 1, 'Live'),
(1334, 186, 270.00, 100, 1, 1, 'Live'),
(1335, 2, 250.00, 100, 1, 1, 'Live'),
(1336, 297, 1.00, 101, 1, 1, 'Live'),
(1337, 186, 270.00, 101, 1, 1, 'Live'),
(1338, 270, 250.00, 101, 1, 1, 'Live'),
(1339, 297, 1.00, 102, 1, 1, 'Live'),
(1340, 186, 270.00, 102, 1, 1, 'Live'),
(1341, 240, 250.00, 102, 1, 1, 'Live'),
(1342, 297, 1.00, 105, 1, 1, 'Live'),
(1343, 186, 270.00, 105, 1, 1, 'Live'),
(1344, 195, 250.00, 105, 1, 1, 'Live'),
(1345, 297, 1.00, 106, 1, 1, 'Live'),
(1346, 186, 270.00, 106, 1, 1, 'Live'),
(1347, 303, 250.00, 106, 1, 1, 'Live'),
(1348, 297, 1.00, 107, 1, 1, 'Live'),
(1349, 186, 270.00, 107, 1, 1, 'Live'),
(1350, 278, 250.00, 107, 1, 1, 'Live'),
(1351, 297, 1.00, 108, 1, 1, 'Live'),
(1352, 186, 270.00, 108, 1, 1, 'Live'),
(1353, 344, 200.00, 108, 1, 1, 'Live'),
(1354, 198, 60.00, 108, 1, 1, 'Live'),
(1355, 214, 1.00, 108, 1, 1, 'Live'),
(1356, 297, 1.00, 109, 1, 1, 'Live'),
(1357, 186, 270.00, 109, 1, 1, 'Live'),
(1358, 270, 125.00, 109, 1, 1, 'Live'),
(1359, 258, 125.00, 109, 1, 1, 'Live'),
(1360, 344, 200.00, 270, 1, 1, 'Live'),
(1361, 312, 30.00, 270, 1, 1, 'Live'),
(1362, 196, 20.00, 270, 1, 1, 'Live'),
(1363, 228, 18.00, 270, 1, 1, 'Live'),
(1364, 262, 1.00, 272, 1, 1, 'Live'),
(1365, 297, 1.00, 272, 1, 1, 'Live'),
(1366, 186, 95.00, 272, 1, 1, 'Live'),
(1367, 344, 45.00, 272, 1, 1, 'Live'),
(1368, 201, 35.00, 272, 1, 1, 'Live'),
(1369, 247, 1.00, 272, 1, 1, 'Live'),
(1370, 300, 10.00, 272, 1, 1, 'Live'),
(1371, 196, 35.00, 272, 1, 1, 'Live'),
(1372, 228, 18.00, 272, 1, 1, 'Live'),
(1373, 297, 1.00, 276, 1, 1, 'Live'),
(1374, 186, 160.00, 276, 1, 1, 'Live'),
(1375, 305, 80.00, 276, 1, 1, 'Live'),
(1376, 270, 120.00, 276, 1, 1, 'Live'),
(1461, 344, 200.00, 279, 1, 1, 'Live'),
(1462, 3, 20.00, 280, 1, 1, 'Live'),
(1467, 344, 200.00, 278, 1, 1, 'Live'),
(1468, 242, 25.00, 278, 1, 1, 'Live'),
(1469, 186, 200.00, 278, 1, 1, 'Live'),
(1503, 344, 200.00, 281, 1, 1, 'Live'),
(1504, 258, 20.00, 281, 1, 1, 'Live'),
(1505, 186, 50.00, 281, 1, 1, 'Live'),
(1508, 344, 200.00, 277, 1, 1, 'Live'),
(1509, 296, 1.00, 277, 1, 1, 'Live'),
(1510, 46, 1.00, 277, 1, 1, 'Live'),
(1542, 345, 1.00, 282, 1, 1, 'Live'),
(1543, 344, 600.00, 282, 1, 1, 'Live'),
(1557, 345, 3.00, 283, 1, 1, 'Live'),
(1558, 344, 200.00, 283, 1, 1, 'Live'),
(1559, 2, 30.00, 283, 1, 1, 'Live'),
(1560, 3, 12.00, 283, 1, 1, 'Live'),
(1567, 2, 100.00, 284, 1, 1, 'Live'),
(1568, 345, 10.00, 284, 1, 1, 'Live'),
(1569, 4, 2.00, 284, 1, 1, 'Live'),
(1573, 344, 220.00, 286, 1, 1, 'Live'),
(1580, 209, 200.00, 287, 1, 1, 'Live'),
(1581, 3, 1.00, 287, 1, 1, 'Live'),
(1582, 344, 100.00, 287, 1, 1, 'Live'),
(1590, 7, 1.00, 288, 1, 1, 'Live'),
(1591, 2, 1.00, 288, 1, 1, 'Live'),
(1592, 344, 100.00, 285, 1, 1, 'Live'),
(1593, 2, 200.00, 285, 1, 1, 'Live'),
(1594, 322, 10.00, 84, 1, 1, 'Live'),
(1595, 320, 0.20, 84, 1, 1, 'Live'),
(1596, 51, 20.00, 84, 1, 1, 'Live'),
(1597, 326, 15.00, 84, 1, 1, 'Live'),
(1598, 227, 25.00, 84, 1, 1, 'Live'),
(1599, 53, 5.00, 84, 1, 1, 'Live'),
(1600, 323, 20.00, 84, 1, 1, 'Live'),
(1601, 321, 0.25, 84, 1, 1, 'Live');

-- --------------------------------------------------------

--
-- Table structure for table `tbl_food_menus_modifiers`
--

CREATE TABLE `tbl_food_menus_modifiers` (
  `id` bigint(50) NOT NULL,
  `modifier_id` int(10) DEFAULT NULL,
  `food_menu_id` int(10) DEFAULT NULL,
  `user_id` int(10) DEFAULT NULL,
  `outlet_id` int(10) DEFAULT NULL,
  `company_id` int(10) DEFAULT NULL,
  `del_status` varchar(10) DEFAULT 'Live'
) ENGINE=InnoDB DEFAULT CHARSET=latin1;

--
-- Dumping data for table `tbl_food_menus_modifiers`
--

INSERT INTO `tbl_food_menus_modifiers` (`id`, `modifier_id`, `food_menu_id`, `user_id`, `outlet_id`, `company_id`, `del_status`) VALUES
(1, 1, 204, 1, NULL, 1, 'Live'),
(2, 4, 1, 1, NULL, 1, 'Live'),
(3, 3, 1, 1, NULL, 1, 'Live'),
(4, 5, 1, 1, NULL, 1, 'Live'),
(5, 2, 1, 1, NULL, 1, 'Live'),
(6, 4, 2, 1, NULL, 1, 'Live'),
(7, 3, 2, 1, NULL, 1, 'Live'),
(8, 5, 2, 1, NULL, 1, 'Live'),
(9, 2, 2, 1, NULL, 1, 'Live'),
(10, 4, 3, 1, NULL, 1, 'Live'),
(11, 3, 3, 1, NULL, 1, 'Live'),
(12, 5, 3, 1, NULL, 1, 'Live'),
(13, 2, 3, 1, NULL, 1, 'Live'),
(14, 6, 15, 1, NULL, 1, 'Live'),
(15, 6, 18, 1, NULL, 1, 'Live'),
(16, 6, 23, 1, NULL, 1, 'Live'),
(17, 6, 14, 1, NULL, 1, 'Live'),
(18, 6, 121, 1, NULL, 1, 'Live'),
(19, 6, 22, 1, NULL, 1, 'Live'),
(20, 6, 13, 1, NULL, 1, 'Live'),
(21, 6, 16, 1, NULL, 1, 'Live'),
(22, 6, 21, 1, NULL, 1, 'Live'),
(23, 7, 19, 1, NULL, 1, 'Live'),
(24, 7, 20, 1, NULL, 1, 'Live'),
(32, 14, 27, 1, NULL, 1, 'Live'),
(33, 9, 27, 1, NULL, 1, 'Live'),
(34, 10, 27, 1, NULL, 1, 'Live'),
(35, 11, 27, 1, NULL, 1, 'Live'),
(36, 12, 27, 1, NULL, 1, 'Live'),
(37, 13, 27, 1, NULL, 1, 'Live'),
(38, 15, 27, 1, NULL, 1, 'Live'),
(39, 7, 27, 1, NULL, 1, 'Live'),
(56, 14, 26, 1, NULL, 1, 'Live'),
(57, 9, 26, 1, NULL, 1, 'Live'),
(58, 10, 26, 1, NULL, 1, 'Live'),
(59, 11, 26, 1, NULL, 1, 'Live'),
(60, 12, 26, 1, NULL, 1, 'Live'),
(61, 13, 26, 1, NULL, 1, 'Live'),
(62, 15, 26, 1, NULL, 1, 'Live'),
(63, 7, 26, 1, NULL, 1, 'Live'),
(64, 8, 26, 1, NULL, 1, 'Live'),
(65, 14, 32, 1, NULL, 1, 'Live'),
(66, 9, 32, 1, NULL, 1, 'Live'),
(67, 10, 32, 1, NULL, 1, 'Live'),
(68, 11, 32, 1, NULL, 1, 'Live'),
(69, 12, 32, 1, NULL, 1, 'Live'),
(70, 13, 32, 1, NULL, 1, 'Live'),
(71, 15, 32, 1, NULL, 1, 'Live'),
(72, 7, 32, 1, NULL, 1, 'Live'),
(73, 14, 29, 1, NULL, 1, 'Live'),
(74, 9, 29, 1, NULL, 1, 'Live'),
(75, 10, 29, 1, NULL, 1, 'Live'),
(76, 11, 29, 1, NULL, 1, 'Live'),
(77, 12, 29, 1, NULL, 1, 'Live'),
(78, 13, 29, 1, NULL, 1, 'Live'),
(79, 15, 29, 1, NULL, 1, 'Live'),
(80, 7, 29, 1, NULL, 1, 'Live'),
(81, 8, 29, 1, NULL, 1, 'Live'),
(82, 14, 28, 1, NULL, 1, 'Live'),
(83, 9, 28, 1, NULL, 1, 'Live'),
(84, 10, 28, 1, NULL, 1, 'Live'),
(85, 11, 28, 1, NULL, 1, 'Live'),
(86, 12, 28, 1, NULL, 1, 'Live'),
(87, 13, 28, 1, NULL, 1, 'Live'),
(88, 15, 28, 1, NULL, 1, 'Live'),
(89, 7, 28, 1, NULL, 1, 'Live'),
(90, 8, 28, 1, NULL, 1, 'Live'),
(91, 14, 37, 1, NULL, 1, 'Live'),
(92, 9, 37, 1, NULL, 1, 'Live'),
(93, 10, 37, 1, NULL, 1, 'Live'),
(94, 11, 37, 1, NULL, 1, 'Live'),
(95, 12, 37, 1, NULL, 1, 'Live'),
(96, 13, 37, 1, NULL, 1, 'Live'),
(97, 15, 37, 1, NULL, 1, 'Live'),
(98, 7, 37, 1, NULL, 1, 'Live'),
(99, 14, 31, 1, NULL, 1, 'Live'),
(100, 9, 31, 1, NULL, 1, 'Live'),
(101, 10, 31, 1, NULL, 1, 'Live'),
(102, 11, 31, 1, NULL, 1, 'Live'),
(103, 12, 31, 1, NULL, 1, 'Live'),
(104, 13, 31, 1, NULL, 1, 'Live'),
(105, 15, 31, 1, NULL, 1, 'Live'),
(106, 14, 30, 1, NULL, 1, 'Live'),
(107, 9, 30, 1, NULL, 1, 'Live'),
(108, 10, 30, 1, NULL, 1, 'Live'),
(109, 11, 30, 1, NULL, 1, 'Live'),
(110, 12, 30, 1, NULL, 1, 'Live'),
(111, 13, 30, 1, NULL, 1, 'Live'),
(112, 15, 30, 1, NULL, 1, 'Live'),
(113, 14, 25, 1, NULL, 1, 'Live'),
(114, 9, 25, 1, NULL, 1, 'Live'),
(115, 10, 25, 1, NULL, 1, 'Live'),
(116, 11, 25, 1, NULL, 1, 'Live'),
(117, 12, 25, 1, NULL, 1, 'Live'),
(118, 13, 25, 1, NULL, 1, 'Live'),
(119, 15, 25, 1, NULL, 1, 'Live'),
(120, 7, 25, 1, NULL, 1, 'Live'),
(121, 8, 25, 1, NULL, 1, 'Live'),
(122, 14, 24, 1, NULL, 1, 'Live'),
(123, 9, 24, 1, NULL, 1, 'Live'),
(124, 10, 24, 1, NULL, 1, 'Live'),
(125, 11, 24, 1, NULL, 1, 'Live'),
(126, 12, 24, 1, NULL, 1, 'Live'),
(127, 13, 24, 1, NULL, 1, 'Live'),
(128, 15, 24, 1, NULL, 1, 'Live'),
(129, 7, 24, 1, NULL, 1, 'Live'),
(130, 8, 24, 1, NULL, 1, 'Live'),
(131, 6, 39, 1, NULL, 1, 'Live'),
(132, 6, 40, 1, NULL, 1, 'Live'),
(133, 7, 38, 1, NULL, 1, 'Live'),
(134, 6, 237, 1, NULL, 1, 'Live'),
(136, 16, 238, 1, NULL, 1, 'Live'),
(137, 7, 238, 1, NULL, 1, 'Live'),
(138, 6, 239, 1, NULL, 1, 'Live'),
(139, 15, 240, 1, NULL, 1, 'Live'),
(140, 15, 241, 1, NULL, 1, 'Live'),
(141, 15, 242, 1, NULL, 1, 'Live'),
(142, 15, 243, 1, NULL, 1, 'Live'),
(143, 6, 43, 1, NULL, 1, 'Live'),
(144, 6, 44, 1, NULL, 1, 'Live'),
(145, 6, 45, 1, NULL, 1, 'Live'),
(146, 6, 42, 1, NULL, 1, 'Live'),
(147, 6, 48, 1, NULL, 1, 'Live'),
(150, 7, 47, 1, NULL, 1, 'Live'),
(151, 7, 46, 1, NULL, 1, 'Live'),
(152, 6, 49, 1, NULL, 1, 'Live'),
(153, 7, 57, 1, NULL, 1, 'Live'),
(154, 8, 57, 1, NULL, 1, 'Live'),
(155, 7, 244, 1, NULL, 1, 'Live'),
(156, 8, 244, 1, NULL, 1, 'Live'),
(157, 7, 60, 1, NULL, 1, 'Live'),
(158, 7, 59, 1, NULL, 1, 'Live'),
(159, 6, 58, 1, NULL, 1, 'Live'),
(160, 6, 245, 1, NULL, 1, 'Live'),
(161, 6, 246, 1, NULL, 1, 'Live'),
(162, 7, 247, 1, NULL, 1, 'Live'),
(163, 8, 247, 1, NULL, 1, 'Live'),
(164, 17, 247, 1, NULL, 1, 'Live'),
(165, 7, 69, 1, NULL, 1, 'Live'),
(166, 7, 67, 1, NULL, 1, 'Live'),
(167, 7, 68, 1, NULL, 1, 'Live'),
(168, 7, 66, 1, NULL, 1, 'Live'),
(235, 14, 83, 1, NULL, 1, 'Live'),
(236, 18, 83, 1, NULL, 1, 'Live'),
(237, 16, 83, 1, NULL, 1, 'Live'),
(238, 15, 83, 1, NULL, 1, 'Live'),
(239, 19, 83, 1, NULL, 1, 'Live'),
(240, 14, 84, 1, NULL, 1, 'Live'),
(241, 18, 84, 1, NULL, 1, 'Live'),
(242, 16, 84, 1, NULL, 1, 'Live'),
(243, 15, 84, 1, NULL, 1, 'Live'),
(244, 19, 84, 1, NULL, 1, 'Live'),
(245, 14, 86, 1, NULL, 1, 'Live'),
(246, 18, 86, 1, NULL, 1, 'Live'),
(247, 16, 86, 1, NULL, 1, 'Live'),
(248, 15, 86, 1, NULL, 1, 'Live'),
(249, 19, 86, 1, NULL, 1, 'Live'),
(250, 14, 85, 1, NULL, 1, 'Live'),
(251, 18, 85, 1, NULL, 1, 'Live'),
(252, 16, 85, 1, NULL, 1, 'Live'),
(253, 15, 85, 1, NULL, 1, 'Live'),
(254, 19, 85, 1, NULL, 1, 'Live'),
(255, 14, 87, 1, NULL, 1, 'Live'),
(256, 18, 87, 1, NULL, 1, 'Live'),
(257, 16, 87, 1, NULL, 1, 'Live'),
(258, 15, 87, 1, NULL, 1, 'Live'),
(259, 19, 87, 1, NULL, 1, 'Live'),
(260, 14, 80, 1, NULL, 1, 'Live'),
(261, 18, 80, 1, NULL, 1, 'Live'),
(262, 16, 80, 1, NULL, 1, 'Live'),
(263, 15, 80, 1, NULL, 1, 'Live'),
(264, 19, 80, 1, NULL, 1, 'Live'),
(265, 20, 80, 1, NULL, 1, 'Live'),
(266, 21, 80, 1, NULL, 1, 'Live'),
(267, 7, 80, 1, NULL, 1, 'Live'),
(268, 8, 80, 1, NULL, 1, 'Live'),
(269, 14, 81, 1, NULL, 1, 'Live'),
(270, 18, 81, 1, NULL, 1, 'Live'),
(271, 16, 81, 1, NULL, 1, 'Live'),
(272, 15, 81, 1, NULL, 1, 'Live'),
(273, 19, 81, 1, NULL, 1, 'Live'),
(274, 20, 81, 1, NULL, 1, 'Live'),
(275, 21, 81, 1, NULL, 1, 'Live'),
(276, 7, 81, 1, NULL, 1, 'Live'),
(277, 8, 81, 1, NULL, 1, 'Live'),
(278, 14, 78, 1, NULL, 1, 'Live'),
(279, 18, 78, 1, NULL, 1, 'Live'),
(280, 16, 78, 1, NULL, 1, 'Live'),
(281, 15, 78, 1, NULL, 1, 'Live'),
(282, 19, 78, 1, NULL, 1, 'Live'),
(283, 20, 78, 1, NULL, 1, 'Live'),
(284, 21, 78, 1, NULL, 1, 'Live'),
(285, 7, 78, 1, NULL, 1, 'Live'),
(286, 8, 78, 1, NULL, 1, 'Live'),
(296, 14, 71, 1, NULL, 1, 'Live'),
(297, 18, 71, 1, NULL, 1, 'Live'),
(298, 16, 71, 1, NULL, 1, 'Live'),
(299, 15, 71, 1, NULL, 1, 'Live'),
(300, 19, 71, 1, NULL, 1, 'Live'),
(301, 20, 71, 1, NULL, 1, 'Live'),
(302, 21, 71, 1, NULL, 1, 'Live'),
(303, 7, 71, 1, NULL, 1, 'Live'),
(304, 8, 71, 1, NULL, 1, 'Live'),
(305, 14, 73, 1, NULL, 1, 'Live'),
(306, 18, 73, 1, NULL, 1, 'Live'),
(307, 16, 73, 1, NULL, 1, 'Live'),
(308, 15, 73, 1, NULL, 1, 'Live'),
(309, 19, 73, 1, NULL, 1, 'Live'),
(310, 20, 73, 1, NULL, 1, 'Live'),
(311, 21, 73, 1, NULL, 1, 'Live'),
(312, 14, 72, 1, NULL, 1, 'Live'),
(313, 18, 72, 1, NULL, 1, 'Live'),
(314, 16, 72, 1, NULL, 1, 'Live'),
(315, 15, 72, 1, NULL, 1, 'Live'),
(316, 19, 72, 1, NULL, 1, 'Live'),
(317, 20, 72, 1, NULL, 1, 'Live'),
(318, 21, 72, 1, NULL, 1, 'Live'),
(319, 14, 74, 1, NULL, 1, 'Live'),
(320, 18, 74, 1, NULL, 1, 'Live'),
(321, 16, 74, 1, NULL, 1, 'Live'),
(322, 15, 74, 1, NULL, 1, 'Live'),
(323, 19, 74, 1, NULL, 1, 'Live'),
(324, 20, 74, 1, NULL, 1, 'Live'),
(325, 21, 74, 1, NULL, 1, 'Live'),
(326, 14, 75, 1, NULL, 1, 'Live'),
(327, 18, 75, 1, NULL, 1, 'Live'),
(328, 16, 75, 1, NULL, 1, 'Live'),
(329, 15, 75, 1, NULL, 1, 'Live'),
(330, 19, 75, 1, NULL, 1, 'Live'),
(331, 20, 75, 1, NULL, 1, 'Live'),
(332, 21, 75, 1, NULL, 1, 'Live'),
(333, 14, 76, 1, NULL, 1, 'Live'),
(334, 18, 76, 1, NULL, 1, 'Live'),
(335, 16, 76, 1, NULL, 1, 'Live'),
(336, 15, 76, 1, NULL, 1, 'Live'),
(337, 19, 76, 1, NULL, 1, 'Live'),
(338, 20, 76, 1, NULL, 1, 'Live'),
(339, 21, 76, 1, NULL, 1, 'Live'),
(340, 14, 82, 1, NULL, 1, 'Live'),
(341, 18, 82, 1, NULL, 1, 'Live'),
(342, 16, 82, 1, NULL, 1, 'Live'),
(343, 15, 82, 1, NULL, 1, 'Live'),
(344, 19, 82, 1, NULL, 1, 'Live'),
(345, 20, 82, 1, NULL, 1, 'Live'),
(346, 21, 82, 1, NULL, 1, 'Live'),
(347, 22, 91, 1, NULL, 1, 'Live'),
(348, 23, 91, 1, NULL, 1, 'Live'),
(351, 24, 93, 1, NULL, 1, 'Live'),
(352, 25, 93, 1, NULL, 1, 'Live'),
(353, 27, 92, 1, NULL, 1, 'Live'),
(354, 26, 92, 1, NULL, 1, 'Live'),
(355, 29, 94, 1, NULL, 1, 'Live'),
(356, 28, 94, 1, NULL, 1, 'Live'),
(357, 22, 95, 1, NULL, 1, 'Live'),
(358, 23, 95, 1, NULL, 1, 'Live'),
(359, 24, 96, 1, NULL, 1, 'Live'),
(360, 25, 96, 1, NULL, 1, 'Live'),
(361, 27, 97, 1, NULL, 1, 'Live'),
(362, 26, 97, 1, NULL, 1, 'Live'),
(363, 29, 248, 1, NULL, 1, 'Live'),
(364, 28, 248, 1, NULL, 1, 'Live'),
(370, 15, 98, 1, NULL, 1, 'Live'),
(371, 30, 98, 1, NULL, 1, 'Live'),
(372, 22, 98, 1, NULL, 1, 'Live'),
(373, 23, 98, 1, NULL, 1, 'Live'),
(374, 7, 98, 1, NULL, 1, 'Live'),
(375, 8, 98, 1, NULL, 1, 'Live'),
(376, 17, 98, 1, NULL, 1, 'Live'),
(377, 15, 249, 1, NULL, 1, 'Live'),
(378, 30, 249, 1, NULL, 1, 'Live'),
(379, 22, 249, 1, NULL, 1, 'Live'),
(380, 23, 249, 1, NULL, 1, 'Live'),
(381, 7, 249, 1, NULL, 1, 'Live'),
(382, 8, 249, 1, NULL, 1, 'Live'),
(383, 17, 249, 1, NULL, 1, 'Live'),
(384, 31, 262, 1, NULL, 1, 'Live'),
(385, 32, 262, 1, NULL, 1, 'Live'),
(386, 14, 262, 1, NULL, 1, 'Live'),
(387, 31, 263, 1, NULL, 1, 'Live'),
(388, 32, 263, 1, NULL, 1, 'Live'),
(389, 14, 263, 1, NULL, 1, 'Live'),
(390, 31, 264, 1, NULL, 1, 'Live'),
(391, 32, 264, 1, NULL, 1, 'Live'),
(392, 14, 264, 1, NULL, 1, 'Live'),
(393, 36, 264, 1, NULL, 1, 'Live'),
(394, 34, 264, 1, NULL, 1, 'Live'),
(395, 35, 264, 1, NULL, 1, 'Live'),
(396, 31, 265, 1, NULL, 1, 'Live'),
(397, 32, 265, 1, NULL, 1, 'Live'),
(398, 14, 265, 1, NULL, 1, 'Live'),
(399, 36, 265, 1, NULL, 1, 'Live'),
(400, 34, 265, 1, NULL, 1, 'Live'),
(401, 35, 265, 1, NULL, 1, 'Live'),
(402, 13, 284, 1, NULL, 1, 'Live'),
(403, 19, 284, 1, NULL, 1, 'Live'),
(404, 4, 277, 1, NULL, 1, 'Live'),
(405, 18, 288, 1, NULL, 1, 'Live'),
(406, 9, 288, 1, NULL, 1, 'Live'),
(407, 11, 288, 1, NULL, 1, 'Live'),
(408, 12, 288, 1, NULL, 1, 'Live'),
(409, 15, 288, 1, NULL, 1, 'Live'),
(410, 30, 288, 1, NULL, 1, 'Live'),
(411, 6, 288, 1, NULL, 1, 'Live');

-- --------------------------------------------------------

--
-- Table structure for table `tbl_food_menu_categories`
--

CREATE TABLE `tbl_food_menu_categories` (
  `id` int(10) NOT NULL,
  `category_name` varchar(50) DEFAULT NULL,
  `description` varchar(50) DEFAULT NULL,
  `ma_ca_id` int(11) NOT NULL,
  `user_id` int(10) DEFAULT NULL,
  `company_id` int(10) UNSIGNED DEFAULT NULL,
  `del_status` varchar(50) DEFAULT 'Live'
) ENGINE=InnoDB DEFAULT CHARSET=utf8;

--
-- Dumping data for table `tbl_food_menu_categories`
--

INSERT INTO `tbl_food_menu_categories` (`id`, `category_name`, `description`, `ma_ca_id`, `user_id`, `company_id`, `del_status`) VALUES
(1, 'Ala Carte Geprek (Belum termasuk sambal)', 'Makanan', 1, 1, 1, 'Live'),
(2, 'Avocado Special', 'Minuman', 2, 1, 1, 'Live'),
(3, 'Chef\'s Nasi Gurih', 'Makanan', 1, 1, 1, 'Deleted'),
(4, 'Chef\'s Spesial', 'Makanan', 1, 1, 1, 'Deleted'),
(5, 'Coffee Special', 'Minuman', 2, 1, 1, 'Live'),
(6, 'Dessert', 'Dessert', 3, 1, 1, 'Live'),
(7, 'Fruit Juices', 'Minuman', 2, 1, 1, 'Live'),
(8, 'Geprek Set (Sudah termasuk 1 jenis sambal)', 'Makanan', 1, 1, 1, 'Live'),
(9, 'Indomie Ayam Geprek', 'Makanan', 1, 1, 1, 'Live'),
(10, 'Indomie seleraku', 'Makanan', 1, 1, 1, 'Live'),
(11, 'Kids Menu', 'Makanan', 1, 1, 1, 'Live'),
(12, 'Kopitiam', 'Makanan', 1, 1, 1, 'Live'),
(13, 'Kopitiam Specialities', 'Minuman', 2, 1, 1, 'Live'),
(14, 'Korean/Japanese Drink', 'Minuman', 2, 1, 1, 'Live'),
(15, 'Merchandise', 'Merchandise', 4, 1, 1, 'Live'),
(16, 'Minuman warung', 'Minuman', 2, 1, 1, 'Live'),
(17, 'Nasi goreng', 'Makanan', 1, 1, 1, 'Live'),
(18, 'Oriental specials', 'Makanan', 1, 1, 1, 'Live'),
(19, 'Pisang Bakar', 'Dessert', 3, 1, 1, 'Live'),
(20, 'Rice Bowl Special (Sudah termasuk telor)', 'Makanan', 1, 1, 1, 'Live'),
(21, 'Roti Panggang', 'Dessert', 3, 1, 1, 'Live'),
(22, 'Sate Taichan', 'Makanan', 1, 1, 1, 'Live'),
(23, 'Small bites & snacks', 'Makanan', 1, 1, 1, 'Live'),
(24, 'Soda Special', 'Minuman', 2, 1, 1, 'Live'),
(25, 'Small bites &amp; snacks', NULL, 0, 1, 1, 'Live'),
(26, 'Indomie Spesial', NULL, 0, 1, 1, 'Live'),
(27, 'Chefs Spesial', NULL, 0, 1, 1, 'Live'),
(28, 'Chefs Nasi Gurih', NULL, 0, 1, 1, 'Live'),
(29, 'Add-On', NULL, 0, 1, 1, 'Live'),
(30, 'Tropical Drinks', '', 0, 1, 1, 'Live'),
(31, 'All', '', 0, 1, 1, 'Deleted');

-- --------------------------------------------------------

--
-- Table structure for table `tbl_holds`
--

CREATE TABLE `tbl_holds` (
  `id` int(10) NOT NULL,
  `customer_id` varchar(50) DEFAULT NULL,
  `hold_no` varchar(30) NOT NULL DEFAULT '000000',
  `total_items` int(10) DEFAULT NULL,
  `sub_total` float(10,2) DEFAULT NULL,
  `paid_amount` double(10,2) DEFAULT NULL,
  `due_amount` double(10,2) DEFAULT NULL,
  `due_payment_date` date DEFAULT NULL,
  `disc` varchar(50) DEFAULT NULL,
  `disc_actual` float(10,2) DEFAULT NULL,
  `vat` float(10,2) DEFAULT NULL,
  `total_payable` float(10,2) DEFAULT NULL,
  `payment_method_id` int(10) DEFAULT NULL,
  `table_id` int(10) DEFAULT NULL,
  `total_item_discount_amount` float(10,2) NOT NULL,
  `sub_total_with_discount` float(10,2) NOT NULL,
  `sub_total_discount_amount` float(10,2) NOT NULL,
  `total_discount_amount` float(10,2) NOT NULL,
  `delivery_charge` float(10,2) NOT NULL,
  `sub_total_discount_value` varchar(10) NOT NULL,
  `sub_total_discount_type` varchar(20) NOT NULL,
  `token_no` varchar(50) DEFAULT NULL,
  `sale_date` varchar(20) NOT NULL,
  `date_time` timestamp NOT NULL DEFAULT current_timestamp(),
  `sale_time` varchar(15) NOT NULL,
  `user_id` int(10) DEFAULT NULL,
  `waiter_id` int(10) DEFAULT 0,
  `outlet_id` int(10) DEFAULT NULL,
  `order_status` tinyint(1) DEFAULT NULL COMMENT '1=new order, 2=cancelled order, 3=invoiced order',
  `sale_vat_objects` text DEFAULT NULL,
  `order_type` tinyint(1) DEFAULT NULL COMMENT '1=dine in, 2 = take away, 3 = delivery',
  `del_status` varchar(50) DEFAULT 'Live'
) ENGINE=InnoDB DEFAULT CHARSET=utf8 ROW_FORMAT=COMPACT;

-- --------------------------------------------------------

--
-- Table structure for table `tbl_holds_details`
--

CREATE TABLE `tbl_holds_details` (
  `id` int(10) NOT NULL,
  `food_menu_id` int(10) DEFAULT NULL,
  `menu_name` varchar(50) DEFAULT NULL,
  `qty` int(10) DEFAULT NULL,
  `menu_price_without_discount` float(10,2) NOT NULL,
  `menu_price_with_discount` float(10,2) NOT NULL,
  `menu_unit_price` float(10,2) NOT NULL,
  `menu_vat_percentage` float(10,2) NOT NULL,
  `menu_taxes` text DEFAULT NULL,
  `menu_discount_value` varchar(20) DEFAULT NULL,
  `discount_type` varchar(20) NOT NULL,
  `menu_note` varchar(150) DEFAULT NULL,
  `discount_amount` double(10,2) DEFAULT NULL,
  `holds_id` int(10) DEFAULT NULL,
  `user_id` int(10) DEFAULT NULL,
  `outlet_id` int(10) DEFAULT NULL,
  `del_status` varchar(50) DEFAULT 'Live'
) ENGINE=InnoDB DEFAULT CHARSET=utf8 ROW_FORMAT=COMPACT;

-- --------------------------------------------------------

--
-- Table structure for table `tbl_holds_details_modifiers`
--

CREATE TABLE `tbl_holds_details_modifiers` (
  `id` int(15) NOT NULL,
  `modifier_id` int(15) NOT NULL,
  `modifier_price` float(10,2) NOT NULL,
  `food_menu_id` int(10) NOT NULL,
  `holds_id` int(15) NOT NULL,
  `holds_details_id` int(15) NOT NULL,
  `user_id` int(15) NOT NULL,
  `outlet_id` int(15) NOT NULL,
  `customer_id` int(15) NOT NULL
) ENGINE=InnoDB DEFAULT CHARSET=utf8;

-- --------------------------------------------------------

--
-- Table structure for table `tbl_ingredients`
--

CREATE TABLE `tbl_ingredients` (
  `id` int(10) NOT NULL,
  `code` varchar(50) NOT NULL DEFAULT '0',
  `name` varchar(50) DEFAULT NULL,
  `category_id` int(10) DEFAULT NULL,
  `purchase_price` float(10,2) DEFAULT NULL,
  `alert_quantity` float(10,2) DEFAULT NULL,
  `unit_id` int(10) DEFAULT NULL,
  `user_id` int(11) DEFAULT NULL,
  `company_id` int(11) DEFAULT NULL,
  `del_status` varchar(10) DEFAULT 'Live'
) ENGINE=InnoDB DEFAULT CHARSET=utf8 ROW_FORMAT=COMPACT;

--
-- Dumping data for table `tbl_ingredients`
--

INSERT INTO `tbl_ingredients` (`id`, `code`, `name`, `category_id`, `purchase_price`, `alert_quantity`, `unit_id`, `user_id`, `company_id`, `del_status`) VALUES
(1, '001', 'Bawang Goreng', 1, 10000.00, 1.00, 1, 1, 1, 'Live'),
(2, '355319', 'Apple Juice / Jus Apel', 8, 14.00, 3000.00, 10, 1, 1, 'Live'),
(3, '354229', 'Astor Matcha', 9, 643.00, 0.00, 11, 1, 1, 'Live'),
(4, '354230', 'Astor Twister Black (1pck=140gr=32pcs)', 9, 530.00, 42.00, 12, 1, 1, 'Live'),
(5, '372244', 'Ayam Basil / Basil Chicken Nasi Bakar', 10, 6000.00, 0.00, 13, 1, 1, 'Live'),
(6, '377494', 'Ayam Basil / Basil Chicken Rice Bowl', 10, 7049.00, 0.00, 14, 1, 1, 'Live'),
(7, '653294', 'Badak', 8, 6459.00, 12.00, 15, 1, 1, 'Live'),
(8, '354289', 'Bakso Sapi (50-p/pack)', 10, 1101.00, 20.00, 16, 1, 1, 'Live'),
(9, '354235', 'Barley (Lemon Barley Tea)', 8, 2000.00, 6.00, 17, 1, 1, 'Live'),
(10, '355640', 'Barley (Winter Melon)', 8, 5000.00, 6.00, 17, 1, 1, 'Live'),
(11, '378733', 'Batang Sereh', 10, 12.00, 0.00, 18, 1, 1, 'Live'),
(12, '354291', 'Bawang Bombay', 10, 21.00, 0.00, 18, 1, 1, 'Live'),
(13, '354292', 'Bawang Goreng', 10, 166.00, 200.00, 18, 1, 1, 'Live'),
(14, '354294', 'Bawang Merah', 10, 27.00, 0.00, 18, 1, 1, 'Live'),
(15, '354296', 'Bawang Putih', 10, 30.00, 0.00, 18, 1, 1, 'Live'),
(16, '354298', 'Beras', 10, 11.00, 5000.00, 18, 1, 1, 'Live'),
(17, '354299', 'Beras Ketan', 10, 16.00, 500.00, 18, 1, 1, 'Live'),
(18, '354301', 'Bihun - 480g basah/bks', 10, 16.00, 1440.00, 18, 1, 1, 'Live'),
(19, '354304', 'Biji Wijen / White Sesame Seeds', 10, 50.00, 500.00, 18, 1, 1, 'Live'),
(20, '354305', 'Blueband / Mentega', 9, 13.00, 250.00, 18, 1, 1, 'Live'),
(21, '354343', 'Blueberry Juice / Jus Blueberry', 8, 27.00, 2000.00, 19, 1, 1, 'Live'),
(22, '355407', 'Blueberry Syrup / Sirup Blueberry', 8, 71.00, 200.00, 20, 1, 1, 'Live'),
(23, '359482', 'Box Takeaway L', 11, 496.00, 0.00, 21, 1, 1, 'Live'),
(24, '359488', 'Box Takeaway M', 11, 249.00, 20.00, 22, 1, 1, 'Live'),
(25, '459437', 'Box Takeaway S', 11, 230.00, 20.00, 23, 1, 1, 'Live'),
(26, '459436', 'Brown Paper TW', 11, 98.00, 10.00, 24, 1, 1, 'Live'),
(27, '367816', 'Buah Lemon', 10, 25.00, 300.00, 18, 1, 1, 'Live'),
(28, '548585', 'Bubuk Jamur', 10, 125.00, 0.00, 18, 1, 1, 'Live'),
(29, '673827', 'Bubuk Kunyit', 10, 55.00, 0.00, 18, 1, 1, 'Live'),
(30, '357177', 'Bumbu Blackpepper / Lada Hitam', 10, 2000.00, 0.00, 25, 1, 1, 'Live'),
(31, '356603', 'Bumbu Indomie Becek', 10, 50.00, 0.00, 18, 1, 1, 'Live'),
(32, '377887', 'Bumbu Marinate Taichan (10g/porsi)', 10, 1000.00, 100.00, 26, 1, 1, 'Live'),
(33, '484972', 'Bumbu Nasgor', 10, 50.00, 250.00, 18, 1, 1, 'Live'),
(34, '622224', 'Bumbu Nasi Bakar - Ayam Basil', 10, 10000.00, 0.00, 27, 1, 1, 'Live'),
(35, '622230', 'Bumbu Nasi Bakar - Cumi Asin', 10, 10000.00, 0.00, 28, 1, 1, 'Live'),
(36, '591058', 'Bumbu Nasi Bakar - Ikan Peda', 10, 10000.00, 0.00, 29, 1, 1, 'Live'),
(37, '622226', 'Bumbu Nasi Bakar - Sambal Tongkol', 10, 10000.00, 0.00, 30, 1, 1, 'Live'),
(38, '376686', 'Bumbu Salted Egg Telur Asin + Susu Bubuk', 10, 6000.00, 6.00, 31, 1, 1, 'Live'),
(39, '356662', 'Bumbu Saus Teriyaki', 10, 3000.00, 10.00, 32, 1, 1, 'Live'),
(40, '356617', 'Bumbu Tomyum (1prs = 75gr)', 10, 7000.00, 5.00, 33, 1, 1, 'Live'),
(41, '414348', 'Butterscotch Sauce (50g/prs)', 9, 100.00, 3.00, 18, 1, 1, 'Live'),
(42, '354311', 'Cabe Ijo Besar', 10, 41.00, 0.00, 18, 1, 1, 'Live'),
(43, '354312', 'Cabe Merah Besar', 10, 47.00, 0.00, 18, 1, 1, 'Live'),
(44, '354313', 'Cabe Rawit Ijo', 10, 30.00, 0.00, 18, 1, 1, 'Live'),
(45, '354314', 'Cabe Rawit Merah', 10, 39.00, 0.00, 18, 1, 1, 'Live'),
(46, '354247', 'Calamansi / Kietna (80g/porsi=Rp.3.500)', 8, 3744.00, 5.00, 17, 1, 1, 'Live'),
(47, '354325', 'Ceres / Chocolate Sprinkles (1prs = 30gr', 9, 30.00, 150.00, 18, 1, 1, 'Live'),
(48, '446762', 'Chocolate Powder', 8, 2108.00, 5.00, 17, 1, 1, 'Live'),
(49, '374997', 'Cocoa Powder', 8, 113.00, 25.00, 18, 1, 1, 'Live'),
(50, '354345', 'Cranberry Juice / Jus Cranberry', 8, 18.00, 250.00, 34, 1, 1, 'Live'),
(51, '354330', 'Daun Bawang', 10, 18.00, 0.00, 18, 1, 1, 'Live'),
(52, '354332', 'Daun Jeruk', 10, 33.00, 0.00, 18, 1, 1, 'Live'),
(53, '354333', 'Daun Kemangi', 10, 15.00, 0.00, 18, 1, 1, 'Live'),
(54, '354334', 'Daun Ketumbar', 10, 36.00, 0.00, 18, 1, 1, 'Live'),
(55, '354335', 'Daun Melinjo', 10, 38.00, 0.00, 18, 1, 1, 'Live'),
(56, '354336', 'Daun Parsley', 10, 34.00, 0.00, 18, 1, 1, 'Live'),
(57, '355659', 'Daun Pisang 1 ikat = 9lbr', 10, 8096.00, 0.00, 35, 1, 1, 'Live'),
(58, '354341', 'Daun Seledri', 10, 23.00, 0.00, 18, 1, 1, 'Live'),
(59, '355428', 'Daun Sencha / Green Tea Leaves', 8, 1000.00, 21.00, 18, 1, 1, 'Live'),
(60, '447306', 'DC Acar', 12, 1200.00, 0.00, 36, 1, 1, 'Live'),
(61, '354226', 'DC Air Mineral 330cc', 12, 1163.00, 0.00, 37, 1, 1, 'Live'),
(62, '431991', 'DC Ayam Goreng Nasi Gurih', 12, 8000.00, 0.00, 38, 1, 1, 'Live'),
(63, '355643', 'DC Box Mika Kotak / Kotak Mika', 12, 1000.00, 0.00, 39, 1, 1, 'Live'),
(64, '355358', 'DC Bubuk Kaldu Ayam', 12, 35.00, 0.00, 18, 1, 1, 'Live'),
(65, '474709', 'DC Bumbu Nasi Gurih + santan', 12, 11000.00, 3.00, 40, 1, 1, 'Live'),
(66, '354240', 'DC Cincau Bubuk', 12, 0.00, 0.00, 18, 1, 1, 'Live'),
(67, '376627', 'DC CM100 (MW &amp; Coffee)', 12, 2500.00, 0.00, 41, 1, 1, 'Live'),
(68, '313654', 'DC Coca Cola', 12, 3000.00, 0.00, 17, 1, 1, 'Live'),
(69, '412777', 'DC Coffee Syrup / Sirup Kopi', 12, 25.00, 0.00, 42, 1, 1, 'Live'),
(70, '413031', 'DC Cuka', 12, 27.00, 0.00, 43, 1, 1, 'Live'),
(71, '602401', 'DC Cumi Asin', 13, 120.00, 0.00, 18, 1, 1, 'Live'),
(72, '354328', 'DC Cumi Kupas / Cumi Beku (1kg = 530g)', 12, 128.00, 0.00, 18, 1, 1, 'Live'),
(73, '354351', 'DC Ebi Kering / Udang Kecil Kering', 13, 0.00, 0.00, 18, 1, 1, 'Live'),
(74, '313655', 'DC Fanta Merah', 12, 3000.00, 0.00, 44, 1, 1, 'Live'),
(75, '369414', 'DC Fanta Orange', 12, 3000.00, 0.00, 45, 1, 1, 'Live'),
(76, '354348', 'DC Garam', 13, 15.00, 0.00, 18, 1, 1, 'Live'),
(77, '354353', 'DC Green Tea Powder', 12, 50.00, 75.00, 18, 1, 1, 'Live'),
(78, '355119', 'DC Gula Merah Cair', 12, 700.00, 0.00, 46, 1, 1, 'Live'),
(79, '602402', 'DC Ikan Cue', 13, 3000.00, 0.00, 40, 1, 1, 'Live'),
(80, '587784', 'DC Ikan Peda', 13, 164.00, 0.00, 47, 1, 1, 'Live'),
(81, '355128', 'DC Indomie Salted Egg', 12, 3955.00, 15.00, 48, 1, 1, 'Live'),
(82, '357355', 'DC Ingredient - Ang Ciu / Angciu', 12, 60.00, 0.00, 49, 1, 1, 'Live'),
(83, '355393', 'DC Ingredient - MSG Sasa', 13, 35.00, 0.00, 18, 1, 1, 'Live'),
(84, '355312', 'DC Jamur Kaleng / Merang / Musrom', 12, 90.00, 0.00, 18, 1, 1, 'Live'),
(85, '355330', 'DC Kacang Geprek / Kacang Kupas', 13, 25.00, 500.00, 18, 1, 1, 'Live'),
(86, '412996', 'DC Kacang Nasi Gurih', 12, 25.00, 100.00, 18, 1, 1, 'Live'),
(87, '355347', 'DC Kangkung', 12, 10.00, 0.00, 18, 1, 1, 'Live'),
(88, '436731', 'DC Kikkoman - Shoyu', 13, 49.00, 0.00, 50, 1, 1, 'Live'),
(89, '380598', 'DC Kotak Bento', 12, 1500.00, 0.00, 51, 1, 1, 'Live'),
(90, '355380', 'DC Krim Mocha', 12, 120.00, 100.00, 18, 1, 1, 'Live'),
(91, '355357', 'DC Krupuk Putih', 12, 0.00, 0.00, 52, 1, 1, 'Live'),
(92, '396179', 'DC Kuah Soto Indomie (No Ayam/Prdkl)', 12, 5000.00, 10.00, 53, 1, 1, 'Live'),
(93, '354247', 'Calamansi / Kietna (80g/porsi=Rp.3.500)', 8, 3744.00, 5.00, 17, 1, 1, 'Live'),
(94, '354325', 'Ceres / Chocolate Sprinkles (1prs = 30gr', 9, 30.00, 150.00, 18, 1, 1, 'Live'),
(95, '446762', 'Chocolate Powder', 8, 2108.00, 5.00, 17, 1, 1, 'Live'),
(96, '374997', 'Cocoa Powder', 8, 113.00, 25.00, 18, 1, 1, 'Live'),
(97, '354345', 'Cranberry Juice / Jus Cranberry', 8, 18.00, 250.00, 54, 1, 1, 'Live'),
(98, '354330', 'Daun Bawang', 10, 18.00, 0.00, 18, 1, 1, 'Live'),
(99, '354332', 'Daun Jeruk', 10, 33.00, 0.00, 18, 1, 1, 'Live'),
(100, '354333', 'Daun Kemangi', 10, 15.00, 0.00, 18, 1, 1, 'Live'),
(101, '354334', 'Daun Ketumbar', 10, 36.00, 0.00, 18, 1, 1, 'Live'),
(102, '354335', 'Daun Melinjo', 10, 38.00, 0.00, 18, 1, 1, 'Live'),
(103, '354336', 'Daun Parsley', 10, 34.00, 0.00, 18, 1, 1, 'Live'),
(104, '355659', 'Daun Pisang 1 ikat = 9lbr', 10, 8096.00, 0.00, 35, 1, 1, 'Live'),
(105, '354341', 'Daun Seledri', 10, 23.00, 0.00, 18, 1, 1, 'Live'),
(106, '355428', 'Daun Sencha / Green Tea Leaves', 8, 1000.00, 21.00, 18, 1, 1, 'Live'),
(107, '447306', 'DC Acar', 12, 1200.00, 0.00, 55, 1, 1, 'Live'),
(108, '354226', 'DC Air Mineral 330cc', 12, 1163.00, 0.00, 56, 1, 1, 'Live'),
(109, '431991', 'DC Ayam Goreng Nasi Gurih', 12, 8000.00, 0.00, 57, 1, 1, 'Live'),
(110, '355643', 'DC Box Mika Kotak / Kotak Mika', 12, 1000.00, 0.00, 58, 1, 1, 'Live'),
(111, '355358', 'DC Bubuk Kaldu Ayam', 12, 35.00, 0.00, 18, 1, 1, 'Live'),
(112, '474709', 'DC Bumbu Nasi Gurih + santan', 12, 11000.00, 3.00, 40, 1, 1, 'Live'),
(113, '354240', 'DC Cincau Bubuk', 12, 0.00, 0.00, 18, 1, 1, 'Live'),
(114, '376627', 'DC CM100 (MW &amp; Coffee)', 12, 2500.00, 0.00, 59, 1, 1, 'Live'),
(115, '313654', 'DC Coca Cola', 12, 3000.00, 0.00, 17, 1, 1, 'Live'),
(116, '412777', 'DC Coffee Syrup / Sirup Kopi', 12, 25.00, 0.00, 60, 1, 1, 'Live'),
(117, '413031', 'DC Cuka', 12, 27.00, 0.00, 61, 1, 1, 'Live'),
(118, '602401', 'DC Cumi Asin', 13, 120.00, 0.00, 18, 1, 1, 'Live'),
(119, '354328', 'DC Cumi Kupas / Cumi Beku (1kg = 530g)', 12, 128.00, 0.00, 18, 1, 1, 'Live'),
(120, '354351', 'DC Ebi Kering / Udang Kecil Kering', 13, 0.00, 0.00, 18, 1, 1, 'Live'),
(121, '313655', 'DC Fanta Merah', 12, 3000.00, 0.00, 62, 1, 1, 'Live'),
(122, '369414', 'DC Fanta Orange', 12, 3000.00, 0.00, 63, 1, 1, 'Live'),
(123, '354348', 'DC Garam', 13, 15.00, 0.00, 18, 1, 1, 'Live'),
(124, '354353', 'DC Green Tea Powder', 12, 50.00, 75.00, 18, 1, 1, 'Live'),
(125, '355119', 'DC Gula Merah Cair', 12, 700.00, 0.00, 64, 1, 1, 'Live'),
(126, '602402', 'DC Ikan Cue', 13, 3000.00, 0.00, 40, 1, 1, 'Live'),
(127, '587784', 'DC Ikan Peda', 13, 164.00, 0.00, 47, 1, 1, 'Live'),
(128, '355128', 'DC Indomie Salted Egg', 12, 3955.00, 15.00, 65, 1, 1, 'Live'),
(129, '357355', 'DC Ingredient - Ang Ciu / Angciu', 12, 60.00, 0.00, 66, 1, 1, 'Live'),
(130, '355393', 'DC Ingredient - MSG Sasa', 13, 35.00, 0.00, 18, 1, 1, 'Live'),
(131, '355312', 'DC Jamur Kaleng / Merang / Musrom', 12, 90.00, 0.00, 18, 1, 1, 'Live'),
(132, '355330', 'DC Kacang Geprek / Kacang Kupas', 13, 25.00, 500.00, 18, 1, 1, 'Live'),
(133, '412996', 'DC Kacang Nasi Gurih', 12, 25.00, 100.00, 18, 1, 1, 'Live'),
(134, '355347', 'DC Kangkung', 12, 10.00, 0.00, 18, 1, 1, 'Live'),
(135, '436731', 'DC Kikkoman - Shoyu', 13, 49.00, 0.00, 67, 1, 1, 'Live'),
(136, '380598', 'DC Kotak Bento', 12, 1500.00, 0.00, 68, 1, 1, 'Live'),
(137, '355380', 'DC Krim Mocha', 12, 120.00, 100.00, 18, 1, 1, 'Live'),
(138, '355357', 'DC Krupuk Putih', 12, 0.00, 0.00, 69, 1, 1, 'Live'),
(139, '396179', 'DC Kuah Soto Indomie (No Ayam/Prdkl)', 12, 5000.00, 10.00, 70, 1, 1, 'Live'),
(140, '355372', 'DC Lobak', 12, 11.00, 0.00, 18, 1, 1, 'Live'),
(141, '429759', 'DC Matcha Sauce (70g/prs)', 12, 4000.00, 200.00, 71, 1, 1, 'Live'),
(142, '313612', 'DC Multigrain Soy', 12, 0.00, 0.00, 72, 1, 1, 'Live'),
(143, '367784', 'DC Nasi Gurih - Nasi Saja', 12, 3000.00, 5.00, 73, 1, 1, 'Live'),
(144, '313611', 'DC Nata De Coco', 12, 27.00, 0.00, 18, 1, 1, 'Live'),
(145, '355422', 'DC Nori Seaweed', 12, 700.00, 0.00, 74, 1, 1, 'Live'),
(146, '355346', 'DC Nougat / Peanut Crumbs /Kacang Ropang', 12, 45.00, 50.00, 18, 1, 1, 'Live'),
(147, '355424', 'DC Nutella', 12, 140.00, 100.00, 18, 1, 1, 'Live'),
(148, '355382', 'DC Ovomaltine', 12, 150.00, 380.00, 18, 1, 1, 'Live'),
(149, '323010', 'DC Pepsi Blue', 12, 6.00, 1000.00, 75, 1, 1, 'Live'),
(150, '378429', 'DC Pisang Goreng / Kepok (1 porsi=2pcs)', 12, 4169.00, 2.00, 76, 1, 1, 'Live'),
(151, '429758', 'DC Red Velvet Sauce (70g/prs)', 12, 196.00, 160.00, 77, 1, 1, 'Live'),
(152, '354285', 'DC Rendang Ayam Nasi Gurih', 12, 8000.00, 10.00, 78, 1, 1, 'Live'),
(153, '354284', 'DC Rendang Ayam Rice Bowl', 12, 10000.00, 0.00, 79, 1, 1, 'Live'),
(154, '431995', 'DC Rendang Sapi Nasi Gurih', 12, 10000.00, 10.00, 80, 1, 1, 'Live'),
(155, '349063', 'DC Ropang Green Tea', 12, 0.00, 0.00, 81, 1, 1, 'Live'),
(156, '349062', 'DC Ropang Oreo', 12, 0.00, 0.00, 82, 1, 1, 'Live'),
(157, '349060', 'DC Ropang Srikaya', 12, 0.00, 0.00, 83, 1, 1, 'Live'),
(158, '355412', 'DC Roti Soft Bread Loaf', 12, 0.00, 0.00, 84, 1, 1, 'Live'),
(159, '413024', 'DC Royko', 12, 38.00, 0.00, 18, 1, 1, 'Live'),
(160, '315154', 'DC Sake Matsuyuki', 13, 37.00, 0.00, 85, 1, 1, 'Live'),
(161, '377489', 'DC Sambal Balado (Telur = 20g)', 12, 50.00, 100.00, 18, 1, 1, 'Live'),
(162, '412997', 'DC Sambal Nasi Gurih (1 porsi = 10g)', 12, 50.00, 75.00, 18, 1, 1, 'Live'),
(163, '357463', 'DC Sambal Padang (Ayam/Bakso = 50g)', 12, 50.00, 0.00, 18, 1, 1, 'Live'),
(164, '437815', 'DC Sambal Rica (Telur = 20g, Ayam = 50g)', 12, 50.00, 150.00, 18, 1, 1, 'Live'),
(165, '315729', 'DC Samyang', 12, 15000.00, 0.00, 86, 1, 1, 'Live'),
(166, '478186', 'DC Santan kara 200ml', 13, 41.00, 0.00, 87, 1, 1, 'Live'),
(167, '355391', 'DC Santan Makanan', 12, 35.00, 0.00, 88, 1, 1, 'Live'),
(168, '313640', 'DC Santan Minuman', 12, 24.00, 0.00, 17, 1, 1, 'Live'),
(169, '573455', 'DC Sasa', 13, 35.00, 0.00, 18, 1, 1, 'Live'),
(170, '354339', 'DC Selada Air', 12, 0.00, 0.00, 18, 1, 1, 'Live'),
(171, '354340', 'DC Selada Kriting', 12, 14.00, 0.00, 18, 1, 1, 'Live'),
(172, '323058', 'DC Selasih', 12, 53.00, 0.00, 18, 1, 1, 'Live'),
(173, '365460', 'DC Sprite 390 ml', 12, 3000.00, 0.00, 89, 1, 1, 'Live'),
(174, '355415', 'DC Srikaya', 12, 70.00, 100.00, 18, 1, 1, 'Live'),
(175, '313656', 'DC S-Tee', 12, 3000.00, 0.00, 90, 1, 1, 'Live'),
(176, '355431', 'DC Tahu Kuning', 12, 400.00, 0.00, 91, 1, 1, 'Live'),
(177, '313653', 'DC Teh Botol', 12, 3000.00, 0.00, 92, 1, 1, 'Live'),
(178, '355610', 'DC Telur Kampung', 12, 2400.00, 0.00, 93, 1, 1, 'Live'),
(179, '355629', 'DC Terasi', 13, 72.00, 0.00, 18, 1, 1, 'Live'),
(180, '355630', 'DC Teri Medan', 12, 0.00, 0.00, 18, 1, 1, 'Live'),
(181, '355632', 'DC Terong Ungu', 12, 0.00, 0.00, 18, 1, 1, 'Live'),
(182, '355638', 'DC Udang Cooked / Udang Beku (1kg=660g)', 12, 161.00, 0.00, 18, 1, 1, 'Live'),
(183, '375038', 'DC Whipe Cream', 12, 0.00, 0.00, 94, 1, 1, 'Live'),
(184, '429761', 'DC White Orange Sauce (50g/prs)', 12, 80.00, 0.00, 95, 1, 1, 'Live'),
(185, '412993', 'Emping / Krupuk / Keripik (3g/prs)', 10, 16.00, 0.00, 18, 1, 1, 'Live'),
(186, '444164', 'Es Batu', 8, 2.00, 28000.00, 18, 1, 1, 'Live'),
(187, '363510', 'Fillet Sapi', 10, 100.00, 2000.00, 18, 1, 1, 'Live'),
(188, '503894', 'Fish Ball (4 pcs /pors)', 10, 3583.00, 5.00, 96, 1, 1, 'Live'),
(189, '491928', 'Formula Siram (60g/prs)', 10, 3500.00, 0.00, 97, 1, 1, 'Live'),
(190, '354347', 'French Fries / Kentang (1 bal = 2.5kg)', 10, 25.00, 500.00, 18, 1, 1, 'Live'),
(191, '354352', 'Genmaicha', 8, 100.00, 0.00, 18, 1, 1, 'Live'),
(192, '354280', 'Geprek Dada Ayam', 10, 8215.00, 10.00, 98, 1, 1, 'Live'),
(193, '354281', 'Geprek Paha Ayam', 10, 8000.00, 10.00, 99, 1, 1, 'Live'),
(194, '354355', 'Green Tea Powder Premium (20g/prs)', 8, 6000.00, 5.00, 100, 1, 1, 'Live'),
(195, '354346', 'Guava Juice / Jus Jambu', 8, 19.00, 1000.00, 101, 1, 1, 'Live'),
(196, '377914', 'Gula Aren', 8, 18.00, 1000.00, 18, 1, 1, 'Live'),
(197, '399743', 'Gulaku Stick - 8gr', 8, 142.00, 10.00, 40, 1, 1, 'Live'),
(198, '355120', 'Gula Pasir', 8, 13.00, 3000.00, 18, 1, 1, 'Live'),
(199, '355408', 'Hazelnut Syrup / Sirup Hazelnut', 8, 108.00, 50.00, 102, 1, 1, 'Live'),
(200, '325726', 'Hojicha Latte (1 prs = 40g)', 8, 220.00, 80.00, 18, 1, 1, 'Live'),
(201, '354251', 'Ice Cream Coklat 8lt/bucket', 8, 17.00, 120.00, 18, 1, 1, 'Live'),
(202, '354327', 'Ice Cream Strawberry 8lt/bucket', 8, 19.00, 120.00, 18, 1, 1, 'Live'),
(203, '354249', 'Ice Cream Vanilla 8lt/bucket', 8, 17.00, 120.00, 18, 1, 1, 'Live'),
(204, '355123', 'Ikan Dori (1kg = 600gr)', 10, 50.00, 900.00, 18, 1, 1, 'Live'),
(205, '603160', 'Indomie Aceh untuk Indomie Becek', 10, 2325.00, 0.00, 103, 1, 1, 'Live'),
(206, '355125', 'Indomie Goreng', 10, 2185.00, 15.00, 104, 1, 1, 'Live'),
(207, '355126', 'Indomie Kuah', 10, 2242.00, 15.00, 105, 1, 1, 'Live'),
(208, '504576', 'Isi Cakwe', 10, 55.00, 420.00, 18, 1, 1, 'Live'),
(209, '355309', 'Jagung', 10, 11.00, 0.00, 18, 1, 1, 'Live'),
(210, '355310', 'Jahe', 10, 32.00, 0.00, 18, 1, 1, 'Live'),
(211, '355313', 'Jamur Kuping', 10, 25.00, 0.00, 18, 1, 1, 'Live'),
(212, '355314', 'Jamur Tiram /Jamur Putih', 10, 20.00, 0.00, 18, 1, 1, 'Live'),
(213, '355317', 'Jeruk Nipis', 10, 19.00, 0.00, 18, 1, 1, 'Live'),
(214, '355631', 'Jus Terong Belanda', 8, 5000.00, 5.00, 106, 1, 1, 'Live'),
(215, '312149', 'Kacang Mede', 10, 150.00, 0.00, 18, 1, 1, 'Live'),
(216, '355342', 'Kacang Panjang', 10, 15.00, 0.00, 18, 1, 1, 'Live'),
(217, '356624', 'Kari Medan - Ayam', 10, 10000.00, 10.00, 107, 1, 1, 'Live'),
(218, '355348', 'Kecap Asin (1 botol = 600ml = 22rb/botol', 10, 37.00, 6000.00, 108, 1, 1, 'Live'),
(219, '355350', 'Kecap Manis', 10, 35.00, 0.00, 109, 1, 1, 'Live'),
(220, '694915', 'Kecap Manis Sachet', 11, 385.00, 0.00, 110, 1, 1, 'Live'),
(221, '355353', 'Keju Parut / Cheese (1prs = 30gr)', 9, 50.00, 175.00, 18, 1, 1, 'Live'),
(222, '494188', 'Kembang Kol', 10, 16.00, 0.00, 18, 1, 1, 'Live'),
(223, '355355', 'Kemiri', 10, 51.00, 0.00, 18, 1, 1, 'Live'),
(224, '355356', 'Kentang Sayur', 10, 14.00, 0.00, 18, 1, 1, 'Live'),
(225, '359497', 'Kertas Serap Minyak', 10, 234.00, 20.00, 111, 1, 1, 'Live'),
(226, '356649', 'Kimchi', 10, 40.00, 0.00, 18, 1, 1, 'Live'),
(227, '355360', 'Kol Sayur', 10, 9.00, 0.00, 18, 1, 1, 'Live'),
(228, '355361', 'Kopi', 8, 100.00, 1000.00, 18, 1, 1, 'Live'),
(229, '341189', 'Krupuk Udang / Krupuk Nasi Goreng', 10, 20.00, 0.00, 18, 1, 1, 'Live'),
(230, '395548', 'Kuah Kari Indomie 250ml + Ayam', 10, 10000.00, 10.00, 112, 1, 1, 'Live'),
(231, '363760', 'Kuah Soto Medan (NO Ayam - NO Perkedel)', 10, 10000.00, 10.00, 113, 1, 1, 'Live'),
(232, '504584', 'Kulit Pangsit ( 50 lmbr = 16 porsi)', 10, 375.00, 0.00, 114, 1, 1, 'Live'),
(233, '355367', 'Kunyit', 10, 12.00, 0.00, 18, 1, 1, 'Live'),
(234, '355370', 'Lengkuas / Laos', 10, 11.00, 0.00, 18, 1, 1, 'Live'),
(235, '494337', 'Luncheon Ayam (4-p 450g)', 10, 3426.00, 20.00, 115, 1, 1, 'Live'),
(236, '409207', 'Luo Han Guo', 8, 3998.00, 5.00, 116, 1, 1, 'Live'),
(237, '354238', 'Lychee / Leci Kaleng 565gr/klg', 8, 35.00, 565.00, 18, 1, 1, 'Live'),
(238, '355409', 'Lychee Syrup / Sirup Leci', 8, 28.00, 50.00, 117, 1, 1, 'Live'),
(239, '312144', 'Maggie Seasoning Oil', 10, 140.00, 0.00, 118, 1, 1, 'Live'),
(240, '355325', 'Mango Juice / Jus Mangga', 8, 18.00, 1000.00, 119, 1, 1, 'Live'),
(241, '312173', 'Mayonnaise', 10, 20.00, 100.00, 18, 1, 1, 'Live'),
(242, '355429', 'Melon Syrup / Sirup Melon', 8, 36.00, 50.00, 120, 1, 1, 'Live'),
(243, '412994', 'Merah Putih / Krupuk / Keripik (5g/prs)', 10, 20.00, 300.00, 18, 1, 1, 'Live'),
(244, '355377', 'Mie Kuning / Mie Basah', 10, 13.00, 0.00, 18, 1, 1, 'Live'),
(245, '558449', 'Milk Susu Fresh Milk  / Susu Bar', 8, 18.00, 0.00, 121, 1, 1, 'Live'),
(246, '355419', 'Milk Susu UHT / Susu Kitchen', 10, 12.00, 0.00, 122, 1, 1, 'Live'),
(247, '354244', 'Milo Bubuk = 22gr/pack', 8, 1599.00, 11.00, 40, 1, 1, 'Live'),
(248, '700436', 'MIlo Cube 2.75g/cube', 8, 480.00, 0.00, 123, 1, 1, 'Live'),
(249, '410897', 'Minyak Ayam (1kg = 750ml = 30rb/botol)', 10, 40.00, 0.00, 124, 1, 1, 'Live'),
(250, '355379', 'Minyak Goreng', 10, 10.00, 12000.00, 125, 1, 1, 'Live'),
(251, '611418', 'Misop - Bakso saja (4pcs)', 10, 2000.00, 0.00, 126, 1, 1, 'Live'),
(252, '396180', 'Misop - kuah saja', 10, 4928.00, 10.00, 127, 1, 1, 'Live'),
(253, '429762', 'Mocha Dream Sauce', 9, 69.00, 10.00, 18, 1, 1, 'Live'),
(254, '355352', 'Mozarella Cheese / Keju Mozarella', 10, 97.00, 175.00, 18, 1, 1, 'Live'),
(255, '340872', 'Nanas Besar + Daun (1porsi = 0.5)', 10, 29.00, 0.00, 128, 1, 1, 'Live'),
(256, '340871', 'Nanas Madu', 10, 13.00, 0.00, 18, 1, 1, 'Live'),
(257, '355423', 'Nugget (500g = 24p) / Champ (1kg = 54p)', 10, 1371.00, 24.00, 129, 1, 1, 'Live'),
(258, '355322', 'Orange Juice / Jus Jeruk', 8, 18.00, 1000.00, 130, 1, 1, 'Live'),
(259, '355425', 'Orange Syrup / Sirup Jeruk', 8, 30.00, 50.00, 131, 1, 1, 'Live'),
(260, '355426', 'Oreo Biscuit / Biskuit Oreo (1pck=14pcs)', 9, 536.00, 10.00, 132, 1, 1, 'Live'),
(261, '355427', 'Oreo Crumbs / Remah Oreo', 9, 60.00, 0.00, 18, 1, 1, 'Live'),
(262, '376679', 'Package Avocado Juice', 8, 10000.00, 5.00, 17, 1, 1, 'Live'),
(263, '497174', 'Paper Bowl + Tutup', 11, 1236.00, 0.00, 133, 1, 1, 'Live'),
(264, '355645', 'Paper Cup', 11, 500.00, 0.00, 134, 1, 1, 'Live'),
(265, '355647', 'Paper Cup Lid', 11, 100.00, 0.00, 135, 1, 1, 'Live'),
(266, '355383', 'Paprika Merah, Kuning, Hijau', 10, 58.00, 0.00, 18, 1, 1, 'Live'),
(267, '457465', 'Penyedap Rasa', 10, 24.00, 0.00, 18, 1, 1, 'Live'),
(268, '431986', 'Perkedel', 10, 1197.00, 10.00, 136, 1, 1, 'Live'),
(269, '355386', 'Pete (1 papan  = 14p)', 10, 220.00, 0.00, 137, 1, 1, 'Live'),
(270, '355326', 'Pineapple Juice / Jus Nanas', 8, 18.00, 500.00, 138, 1, 1, 'Live'),
(271, '350407', 'Pink Ice - Pink Avocado', 8, 2500.00, 5.00, 17, 1, 1, 'Live'),
(272, '413019', 'Pisang Bakar / Tanduk (1 = 2 prs)', 9, 15.00, 500.00, 18, 1, 1, 'Live'),
(273, '459438', 'Plastic Bag TW (1 pack = 75lbr)', 11, 134.00, 25.00, 139, 1, 1, 'Live'),
(274, '355648', 'Plastic Cup', 11, 700.00, 0.00, 140, 1, 1, 'Live'),
(275, '355649', 'Plastic Seal', 11, 200.00, 0.00, 141, 1, 1, 'Live'),
(276, '413841', 'Plastik Lapis 20x20 TW (1pack = 100lbr)', 11, 96.00, 0.00, 142, 1, 1, 'Live'),
(277, '671660', 'Plastik Sendok (untuk isi sendok)', 11, 14.00, 100.00, 143, 1, 1, 'Live'),
(278, '355320', 'Pomegranate Juice / Jus Delima', 8, 19.00, 1000.00, 144, 1, 1, 'Live'),
(279, '355388', 'Ramyun', 10, 8600.00, 10.00, 145, 1, 1, 'Live'),
(280, '400550', 'Red Velvet Powder', 8, 84.00, 200.00, 18, 1, 1, 'Live'),
(281, '481484', 'Sambal Belibis', 10, 32.00, 100.00, 146, 1, 1, 'Live'),
(282, '411094', 'Sambal Dynamite / Sambal Taichan (30g)', 10, 50.00, 150.00, 18, 1, 1, 'Live'),
(283, '372241', 'Sambal Geprek (1 porsi = 50g)', 10, 2000.00, 250.00, 147, 1, 1, 'Live'),
(284, '354317', 'Sambal Ijo Misop / Soto (1 porsi = 10gr)', 10, 54.00, 200.00, 18, 1, 1, 'Live'),
(285, '447368', 'Sambal Matah (1 porsi = 50g)', 10, 2000.00, 0.00, 148, 1, 1, 'Live'),
(286, '372240', 'Sambal Taichan (50g)', 10, 50.00, 500.00, 18, 1, 1, 'Live'),
(287, '312151', 'Saus Sambal', 10, 18.00, 500.00, 18, 1, 1, 'Live'),
(288, '586615', 'Saus Sambal Belibis', 10, 20.00, 0.00, 18, 1, 1, 'Live'),
(289, '355671', 'Saus Sambal Sachet', 10, 350.00, 0.00, 149, 1, 1, 'Live'),
(290, '530273', 'Saus Tiram', 10, 41.00, 300.00, 150, 1, 1, 'Live'),
(291, '312152', 'Saus Tomat', 10, 14.00, 0.00, 18, 1, 1, 'Live'),
(292, '355394', 'Saus Tomat Sachet', 10, 350.00, 0.00, 151, 1, 1, 'Live'),
(293, '355395', 'Sawi Putih', 10, 14.00, 0.00, 18, 1, 1, 'Live'),
(294, '447320', 'Sayap Ayam - Nasgor Kampung', 10, 3086.00, 5.00, 152, 1, 1, 'Live'),
(295, '494148', 'Seafood (Udang + Bakso Ikan)', 10, 3500.00, 5.00, 153, 1, 1, 'Live'),
(296, '355651', 'Sedotan Besar', 11, 175.00, 0.00, 154, 1, 1, 'Live'),
(297, '355652', 'Sedotan Kecil', 11, 167.00, 0.00, 155, 1, 1, 'Live'),
(298, '504766', 'Singkong Cassava (150gr/porsi)', 10, 2500.00, 754.00, 156, 1, 1, 'Live'),
(299, '313618', 'Sirup Merah / Rose Syrup', 8, 30.00, 50.00, 157, 1, 1, 'Live'),
(300, '355418', 'SKM Coklat (1klg = 375ml)', 8, 27.00, 375.00, 158, 1, 1, 'Live'),
(301, '355413', 'Sosis (1kg = 40pcs)', 10, 900.00, 40.00, 159, 1, 1, 'Live'),
(302, '356629', 'Soto Medan Sapi (NO Perkedel)', 10, 15000.00, 10.00, 160, 1, 1, 'Live'),
(303, '355327', 'Soursop Juice / Jus Sirsak', 8, 23.00, 1000.00, 161, 1, 1, 'Live'),
(304, '355653', 'Spork - Sendok + Garpu 2in1', 11, 131.00, 0.00, 162, 1, 1, 'Live'),
(305, '355414', 'Sprite 1500 ml', 8, 7.00, 1500.00, 163, 1, 1, 'Live'),
(306, '444198', 'Squash - Orange', 8, 500.00, 5.00, 164, 1, 1, 'Live'),
(307, '444197', 'Squash - Strawberry', 8, 639.00, 5.00, 165, 1, 1, 'Live'),
(308, '513074', 'Sticker Takeaway', 11, 167.00, 10.00, 166, 1, 1, 'Live'),
(309, '456377', 'Strawberry Jam - Es Krim / Ice Cream', 9, 1491.00, 0.00, 167, 1, 1, 'Live'),
(310, '355328', 'Strawberry Juice / Jus Stroberi', 8, 20.00, 100.00, 168, 1, 1, 'Live'),
(311, '355410', 'Strawberry Syrup / Sirup Stroberi', 8, 35.00, 50.00, 169, 1, 1, 'Live'),
(312, '355417', 'Susu Kental Manis / SKM', 8, 26.00, 2258.00, 18, 1, 1, 'Live'),
(313, '355420', 'Sweetener / Pemanis', 8, 475.00, 0.00, 170, 1, 1, 'Live'),
(314, '414317', 'Tahu Coklat Segitiga 1pc = 2 prs)', 10, 269.00, 10.00, 171, 1, 1, 'Live'),
(315, '355432', 'Tahu Putih (1p = 2 crispy = 6 geprek)', 10, 778.00, 8.00, 172, 1, 1, 'Live'),
(316, '355489', 'Tauge', 10, 13.00, 0.00, 18, 1, 1, 'Live'),
(317, '349056', 'Teh Bendera (50g = 50 cup)', 8, 6.00, 0.00, 18, 1, 1, 'Live'),
(318, '355492', 'Teh Thailand / Teh Tarik', 8, 125.00, 800.00, 18, 1, 1, 'Live'),
(319, '410898', 'Telur Bebek', 10, 2414.00, 10.00, 173, 1, 1, 'Live'),
(320, '355611', 'Telur Negri', 10, 1509.00, 20.00, 174, 1, 1, 'Live'),
(321, '355628', 'Tempe-30 (1 ppn = 14 tebal = 4 tipis)', 10, 2673.00, 15.00, 175, 1, 1, 'Live'),
(322, '583887', 'Tepung Beras', 10, 9.00, 0.00, 18, 1, 1, 'Live'),
(323, '355627', 'Tepung Goreng / Tepung Geprek', 10, 21.00, 0.00, 18, 1, 1, 'Live'),
(324, '412844', 'Tepung Kanji / Tapioka / Maizena', 10, 14.00, 0.00, 18, 1, 1, 'Live'),
(325, '378092', 'Tepung Pisang Goreng', 10, 30.00, 10.00, 18, 1, 1, 'Live'),
(326, '355633', 'Timun / Cucumber', 10, 13.00, 0.00, 18, 1, 1, 'Live'),
(327, '497176', 'Tissue Sendok', 11, 47.00, 0.00, 176, 1, 1, 'Live'),
(328, '498987', 'Tomyum Soup (350ml/prs)', 10, 7000.00, 5.00, 177, 1, 1, 'Live'),
(329, '665098', 'Tusuk Gigi - Nasi Bakar', 10, 10.00, 150.00, 178, 1, 1, 'Live'),
(330, '386957', 'Tusuk Sate (1bks = 420 btg)', 10, 25.00, 420.00, 179, 1, 1, 'Live'),
(331, '512471', 'Tusuk Sate Jepang', 10, 334.00, 10.00, 180, 1, 1, 'Live'),
(332, '355411', 'Vanilla Syrup / Sirup Vanilla', 8, 43.00, 100.00, 181, 1, 1, 'Live'),
(333, '355641', 'Wortel', 10, 12.00, 0.00, 18, 1, 1, 'Live'),
(334, '334', 'Fillet Dada Ayam (1 kg = 800g)', 14, 45000.00, 100.00, 18, 1, 1, 'Live'),
(335, '335', 'Caisim (1kg = 500g)', 10, 5000.00, 100.00, 18, 1, 1, 'Live'),
(336, '336', 'Kwetiaw GP', 10, 5000.00, 100.00, 18, 1, 1, 'Live'),
(337, '337', 'Fillet Paha Ayam (1 kg = 800g)', 10, 40000.00, 100.00, 18, 1, 1, 'Live'),
(338, '338', 'Tomat', 10, 800.00, 100.00, 18, 1, 1, 'Live'),
(339, '339', 'Kids Menu', 12, 0.00, 0.00, 83, 1, 1, 'Live'),
(340, '340', 'Cakwe', 10, 1000.00, 100.00, 171, 1, 1, 'Live'),
(341, '341', 'Tofu Fish (4pcs/prs)', 10, 1000.00, 100.00, 171, 1, 1, 'Live'),
(342, '342', 'Roti es krim', 8, 5000.00, 100.00, 171, 1, 1, 'Live'),
(343, '343', 'Roti Tawar', 9, 1000.00, 100.00, 33, 1, 1, 'Live'),
(344, '344', 'Air Galon 19Lt', 8, 19000.00, 100.00, 4, 1, 1, 'Live'),
(345, '345', 'Air Mineral 600cc', 8, 5000.00, 100.00, 92, 1, 1, 'Live'),
(346, '346', 'Lemon Juice / Jus Lemon', 8, 5000.00, 100.00, 168, 1, 1, 'Live');

-- --------------------------------------------------------

--
-- Table structure for table `tbl_ingredient_categories`
--

CREATE TABLE `tbl_ingredient_categories` (
  `id` int(10) NOT NULL,
  `category_name` varchar(50) DEFAULT NULL,
  `description` varchar(50) DEFAULT NULL,
  `user_id` int(10) DEFAULT NULL,
  `company_id` int(10) DEFAULT NULL,
  `del_status` varchar(10) DEFAULT 'Live'
) ENGINE=InnoDB DEFAULT CHARSET=utf8 ROW_FORMAT=COMPACT;

--
-- Dumping data for table `tbl_ingredient_categories`
--

INSERT INTO `tbl_ingredient_categories` (`id`, `category_name`, `description`, `user_id`, `company_id`, `del_status`) VALUES
(1, 'Bawang', 'Bawang', 1, 1, 'Live'),
(2, 'Cabe', 'Cabe', 1, 1, 'Live'),
(3, 'Daging', 'Daging', 1, 1, 'Live'),
(4, 'Ikan', 'Ikan', 1, 1, 'Live'),
(5, 'Rempah', 'Rempah-Rempah', 1, 1, 'Live'),
(6, 'Sayuran', 'Sayuran Hijau', 1, 1, 'Live'),
(7, 'Telur', 'Telur', 1, 1, 'Live'),
(8, 'Bahan Baku Minuman', NULL, 1, 1, 'Live'),
(9, 'Bahan Baku Roti / Pisang', NULL, 1, 1, 'Live'),
(10, 'Bahan Baku Dapur', NULL, 1, 1, 'Live'),
(11, 'Takeaway', NULL, 1, 1, 'Live'),
(12, 'Discontinue', NULL, 1, 1, 'Live'),
(13, 'Pindah CK', NULL, 1, 1, 'Live'),
(14, 'Fillet Dada Ayam (1 kg = 800g)', '', 1, 1, 'Live');

-- --------------------------------------------------------

--
-- Table structure for table `tbl_inventory_adjustment`
--

CREATE TABLE `tbl_inventory_adjustment` (
  `id` int(11) NOT NULL,
  `reference_no` varchar(50) DEFAULT NULL,
  `date` date NOT NULL,
  `note` varchar(200) DEFAULT NULL,
  `employee_id` int(10) DEFAULT NULL,
  `user_id` int(10) DEFAULT NULL,
  `outlet_id` int(10) DEFAULT NULL,
  `del_status` varchar(50) DEFAULT 'Live'
) ENGINE=InnoDB DEFAULT CHARSET=utf8;

--
-- Dumping data for table `tbl_inventory_adjustment`
--

INSERT INTO `tbl_inventory_adjustment` (`id`, `reference_no`, `date`, `note`, `employee_id`, `user_id`, `outlet_id`, `del_status`) VALUES
(1, '000001', '2020-02-23', 'test', 1, 1, 1, 'Deleted'),
(2, '000002', '2020-02-24', '', 1, 1, 1, 'Live'),
(3, '000003', '2020-01-29', '', 8, 1, 1, 'Live'),
(4, '000004', '2020-02-24', '', 8, 1, 1, 'Live');

-- --------------------------------------------------------

--
-- Table structure for table `tbl_inventory_adjustment_ingredients`
--

CREATE TABLE `tbl_inventory_adjustment_ingredients` (
  `id` int(10) NOT NULL,
  `ingredient_id` int(10) DEFAULT NULL,
  `consumption_amount` float(10,2) DEFAULT NULL,
  `inventory_adjustment_id` int(10) DEFAULT NULL,
  `consumption_status` enum('Plus','Minus','','') DEFAULT NULL,
  `outlet_id` int(10) DEFAULT NULL,
  `del_status` varchar(10) DEFAULT 'Live'
) ENGINE=InnoDB DEFAULT CHARSET=utf8 ROW_FORMAT=COMPACT;

--
-- Dumping data for table `tbl_inventory_adjustment_ingredients`
--

INSERT INTO `tbl_inventory_adjustment_ingredients` (`id`, `ingredient_id`, `consumption_amount`, `inventory_adjustment_id`, `consumption_status`, `outlet_id`, `del_status`) VALUES
(0, 345, 10.00, 1, 'Plus', 1, 'Deleted'),
(0, 345, 10.00, 2, 'Plus', 1, 'Live'),
(0, 3, 10.00, 3, 'Plus', 1, 'Live'),
(0, 4, 5.00, 3, 'Plus', 1, 'Live'),
(0, 2, 10000000.00, 4, 'Plus', 1, 'Live');

-- --------------------------------------------------------

--
-- Table structure for table `tbl_modifiers`
--

CREATE TABLE `tbl_modifiers` (
  `id` int(11) NOT NULL,
  `name` varchar(50) DEFAULT NULL,
  `price` float(10,2) DEFAULT NULL,
  `description` varchar(300) DEFAULT NULL,
  `user_id` int(11) DEFAULT NULL,
  `company_id` int(11) DEFAULT NULL,
  `del_status` varchar(10) NOT NULL DEFAULT 'Live'
) ENGINE=InnoDB DEFAULT CHARSET=utf32;

--
-- Dumping data for table `tbl_modifiers`
--

INSERT INTO `tbl_modifiers` (`id`, `name`, `price`, `description`, `user_id`, `company_id`, `del_status`) VALUES
(1, 'sambel goreng', 10000.00, '', 1, 1, 'Deleted'),
(2, '0607 Iced Chocolate', 0.00, '', 1, 1, 'Live'),
(3, '0605 Strawberry Milk', 0.00, '', 1, 1, 'Live'),
(4, '0604 Fresh Milk', 0.00, '', 1, 1, 'Live'),
(5, '0606 Blueberry Milk', 0.00, '', 1, 1, 'Live'),
(6, 'Kids Menu', 0.00, '', 1, 1, 'Live'),
(7, 'Pedas', 0.00, '', 1, 1, 'Live'),
(8, 'Pedas II', 0.00, '', 1, 1, 'Live'),
(9, '0020 Telur', 5000.00, '', 1, 1, 'Live'),
(10, '0021 Bakso Sapi', 3000.00, '', 1, 1, 'Live'),
(11, '0022 Sosis', 3000.00, '', 1, 1, 'Live'),
(12, '0024 Indomie Goreng', 6000.00, '', 1, 1, 'Live'),
(13, '0025 Indomie Kuah', 6000.00, '', 1, 1, 'Live'),
(14, '0011 Cheese', 8000.00, '', 1, 1, 'Live'),
(15, '0028 Sambal Matah', 4000.00, '', 1, 1, 'Live'),
(16, '0023 Nasi', 4000.00, '', 1, 1, 'Live'),
(17, 'Pedas III', 0.00, '', 1, 1, 'Live'),
(18, '0012 Mozarella', 8000.00, '', 1, 1, 'Live'),
(19, '0029 Sambal Geprek', 4000.00, '', 1, 1, 'Live'),
(20, 'Geprek Dada Ayam', 0.00, '', 1, 1, 'Live'),
(21, 'Geprek Paha Ayam', 0.00, '', 1, 1, 'Live'),
(22, 'Fillet Dada Ayam (1 kg = 800g) (10P)', 40000.00, '', 1, 1, 'Live'),
(23, 'Fillet Paha Ayam (1 kg = 800g) (10P)', 40000.00, '', 1, 1, 'Live'),
(24, 'Fillet Dada Ayam (1 kg = 800g) (20 P)', 40000.00, '', 1, 1, 'Live'),
(25, 'Fillet Paha Ayam (1 kg = 800g) (20 P)', 40000.00, '', 1, 1, 'Live'),
(26, 'Fillet Paha Ayam (1 kg = 800g) (30 P)', 40000.00, '', 1, 1, 'Live'),
(27, 'Fillet Dada Ayam (1 kg = 800g) (30 P)', 40000.00, '', 1, 1, 'Live'),
(28, 'Fillet Paha Ayam (1 kg = 800g) (50 P)', 40000.00, '', 1, 1, 'Live'),
(29, 'Fillet Dada Ayam (1 kg = 800g) (50 P)', 40000.00, '', 1, 1, 'Live'),
(30, '0030 Sambal Dynamite', 6000.00, '', 1, 1, 'Live'),
(31, '0007 Choco', 6000.00, '', 1, 1, 'Live'),
(32, '0010 Oreo', 6000.00, '', 1, 1, 'Live'),
(33, '0011 Cheese', 8000.00, '', 1, 1, 'Live'),
(34, '0016  Chocolate', 6000.00, '', 1, 1, 'Live'),
(35, '0017 Strawberry', 6000.00, '', 1, 1, 'Live'),
(36, '0015 Vanilla', 6000.00, '', 1, 1, 'Live'),
(37, 'Air Galon 19Lt', 19000.00, '', 1, 1, 'Live'),
(38, 'Air Mineral 600cc', 5000.00, '', 1, 1, 'Live'),
(39, 'Lemon Juice / Jus Lemon', 0.00, '', 1, 1, 'Live');

-- --------------------------------------------------------

--
-- Table structure for table `tbl_modifier_ingredients`
--

CREATE TABLE `tbl_modifier_ingredients` (
  `id` bigint(50) NOT NULL,
  `ingredient_id` int(10) DEFAULT NULL,
  `consumption` float(10,2) DEFAULT NULL,
  `modifier_id` int(10) DEFAULT NULL,
  `user_id` int(10) DEFAULT NULL,
  `company_id` int(11) DEFAULT NULL,
  `del_status` varchar(10) DEFAULT 'Live'
) ENGINE=InnoDB DEFAULT CHARSET=utf8 ROW_FORMAT=COMPACT;

--
-- Dumping data for table `tbl_modifier_ingredients`
--

INSERT INTO `tbl_modifier_ingredients` (`id`, `ingredient_id`, `consumption`, `modifier_id`, `user_id`, `company_id`, `del_status`) VALUES
(1, 3, 3.00, 1, 1, 1, 'Live'),
(2, 2, 3.00, 1, 1, 1, 'Live'),
(3, 186, 30.00, 2, 1, 1, 'Live'),
(4, 246, 100.00, 2, 1, 1, 'Live'),
(5, 300, 30.00, 2, 1, 1, 'Live'),
(6, 186, 30.00, 3, 1, 1, 'Live'),
(7, 246, 100.00, 3, 1, 1, 'Live'),
(8, 299, 20.00, 3, 1, 1, 'Live'),
(9, 186, 30.00, 4, 1, 1, 'Live'),
(10, 246, 100.00, 4, 1, 1, 'Live'),
(11, 186, 30.00, 5, 1, 1, 'Live'),
(12, 246, 100.00, 5, 1, 1, 'Live'),
(13, 22, 20.00, 5, 1, 1, 'Live'),
(14, 339, 1.00, 6, 1, 1, 'Live'),
(15, 44, 3.00, 7, 1, 1, 'Live'),
(16, 45, 6.00, 8, 1, 1, 'Live'),
(17, 320, 1.00, 9, 1, 1, 'Live'),
(18, 8, 1.00, 10, 1, 1, 'Live'),
(22, 221, 50.00, 14, 1, 1, 'Live'),
(23, 285, 1.00, 15, 1, 1, 'Live'),
(24, 301, 1.00, 11, 1, 1, 'Live'),
(25, 206, 1.00, 12, 1, 1, 'Live'),
(26, 207, 1.00, 13, 1, 1, 'Live'),
(27, 17, 17.00, 16, 1, 1, 'Live'),
(28, 16, 84.00, 16, 1, 1, 'Live'),
(29, 44, 9.00, 17, 1, 1, 'Live'),
(30, 254, 35.00, 18, 1, 1, 'Live'),
(31, 283, 1.00, 19, 1, 1, 'Live'),
(32, 219, 10.00, 19, 1, 1, 'Live'),
(33, 192, 1.00, 20, 1, 1, 'Live'),
(34, 193, 1.00, 21, 1, 1, 'Live'),
(37, 337, 144.00, 23, 1, 1, 'Live'),
(38, 334, 144.00, 22, 1, 1, 'Live'),
(41, 334, 288.00, 24, 1, 1, 'Live'),
(42, 334, 288.00, 25, 1, 1, 'Live'),
(43, 337, 432.00, 26, 1, 1, 'Live'),
(44, 334, 432.00, 27, 1, 1, 'Live'),
(45, 337, 720.00, 28, 1, 1, 'Live'),
(46, 334, 720.00, 29, 1, 1, 'Live'),
(47, 282, 30.00, 30, 1, 1, 'Live'),
(48, 47, 30.00, 31, 1, 1, 'Live'),
(49, 261, 30.00, 32, 1, 1, 'Live'),
(50, 221, 50.00, 33, 1, 1, 'Live'),
(51, 201, 70.00, 34, 1, 1, 'Live'),
(52, 202, 70.00, 35, 1, 1, 'Live'),
(53, 203, 70.00, 36, 1, 1, 'Live'),
(54, 344, 200.00, 37, 1, 1, 'Live'),
(55, 345, 1.00, 38, 1, 1, 'Live'),
(56, 27, 1.00, 39, 1, 1, 'Live');

-- --------------------------------------------------------

--
-- Table structure for table `tbl_notifications`
--

CREATE TABLE `tbl_notifications` (
  `id` bigint(50) NOT NULL,
  `notification` text NOT NULL,
  `outlet_id` int(15) NOT NULL
) ENGINE=InnoDB DEFAULT CHARSET=utf8;

--
-- Dumping data for table `tbl_notifications`
--

INSERT INTO `tbl_notifications` (`id`, `notification`, `outlet_id`) VALUES
(241, 'Customer: Walk-in Customer, Order Number: B 000333 Take Away order is ready to take', 1),
(242, 'Customer: Walk-in Customer, Order Number: B 000333 Take Away order is ready to take', 1),
(243, 'Customer: nanda, Order Number: C 000335 Delivery order is ready to deliver', 1),
(244, 'Customer: Walk-in Customer, Order Number: B 000337 Take Away order is ready to take', 1),
(245, 'Customer: Walk-in Customer, Order Number: B 000339 Take Away order is ready to take', 1),
(246, 'Customer: Walk-in Customer, Order Number: B 000340 Take Away order is ready to take', 1),
(247, 'Customer: Walk-in Customer, Order Number: B 000343 Take Away order is ready to take', 1),
(248, 'Customer: Walk-in Customer, Order Number: B 000344 Take Away order is ready to take', 1);

-- --------------------------------------------------------

--
-- Table structure for table `tbl_notification_bar_kitchen_panel`
--

CREATE TABLE `tbl_notification_bar_kitchen_panel` (
  `id` int(15) NOT NULL,
  `notification` text NOT NULL,
  `outlet_id` int(15) NOT NULL
) ENGINE=InnoDB DEFAULT CHARSET=utf8;

--
-- Dumping data for table `tbl_notification_bar_kitchen_panel`
--

INSERT INTO `tbl_notification_bar_kitchen_panel` (`id`, `notification`, `outlet_id`) VALUES
(11, 'Order:B 000318 has been modified', 1),
(12, 'Order:B 000341 has been modified', 1),
(13, 'Order:B 000342 has been modified', 1);

-- --------------------------------------------------------

--
-- Table structure for table `tbl_orders_table`
--

CREATE TABLE `tbl_orders_table` (
  `id` bigint(50) NOT NULL,
  `persons` int(5) NOT NULL,
  `booking_time` datetime NOT NULL,
  `sale_id` int(10) NOT NULL,
  `sale_no` varchar(20) NOT NULL,
  `outlet_id` int(10) NOT NULL,
  `table_id` int(10) NOT NULL,
  `del_status` varchar(20) NOT NULL DEFAULT 'Live'
) ENGINE=InnoDB DEFAULT CHARSET=utf8;

--
-- Dumping data for table `tbl_orders_table`
--

INSERT INTO `tbl_orders_table` (`id`, `persons`, `booking_time`, `sale_id`, `sale_no`, `outlet_id`, `table_id`, `del_status`) VALUES
(3, 1, '2019-12-06 20:42:32', 12, '000012', 1, 1, 'Deleted'),
(4, 1, '2019-12-06 21:10:35', 13, '000013', 1, 1, 'Deleted'),
(6, 5, '2019-12-08 00:46:39', 2, '000002', 1, 1, 'Deleted'),
(7, 1, '2019-12-08 01:47:30', 4, '000004', 1, 1, 'Deleted'),
(8, 1, '2019-12-08 01:48:16', 5, '000005', 1, 1, 'Deleted'),
(9, 1, '2019-12-08 10:55:26', 6, '000006', 1, 1, 'Deleted'),
(10, 1, '2019-12-08 11:01:02', 7, '000007', 1, 1, 'Deleted'),
(14, 2, '2019-12-08 11:21:38', 11, '000011', 1, 1, 'Deleted'),
(15, 2, '2019-12-08 13:22:24', 13, '000013', 1, 1, 'Deleted'),
(16, 1, '2019-12-08 13:30:42', 14, '000014', 1, 1, 'Deleted'),
(17, 1, '2019-12-08 13:32:24', 15, '000015', 1, 1, 'Deleted'),
(18, 1, '2019-12-08 13:48:58', 16, '000016', 1, 1, 'Deleted'),
(19, 1, '2019-12-08 14:22:05', 18, '000018', 1, 1, 'Deleted'),
(20, 1, '2019-12-08 17:28:44', 19, '000019', 1, 1, 'Deleted'),
(21, 1, '2019-12-08 18:07:08', 20, '000020', 1, 1, 'Deleted'),
(22, 1, '2019-12-08 18:45:17', 21, '000021', 1, 1, 'Deleted'),
(23, 1, '2019-12-08 19:48:14', 22, '000022', 1, 1, 'Deleted'),
(25, 1, '2019-12-08 23:35:54', 25, '000025', 1, 1, 'Deleted'),
(26, 1, '2019-12-08 23:35:54', 25, '000025', 1, 2, 'Deleted'),
(27, 3, '2019-12-08 23:37:20', 26, '000026', 1, 3, 'Deleted'),
(28, 2, '2019-12-08 23:43:21', 27, '000027', 1, 1, 'Deleted'),
(29, 1, '2019-12-09 02:19:01', 28, '000028', 1, 1, 'Deleted'),
(30, 1, '2019-12-09 02:19:01', 28, '000028', 1, 2, 'Deleted'),
(31, 1, '2019-12-09 02:19:01', 28, '000028', 1, 3, 'Deleted'),
(32, 1, '2019-12-09 03:41:07', 29, '000029', 1, 1, 'Deleted'),
(33, 1, '2019-12-09 03:41:07', 29, '000029', 1, 2, 'Deleted'),
(34, 1, '2019-12-11 17:52:52', 30, '000030', 1, 1, 'Deleted'),
(35, 1, '2019-12-11 17:52:52', 30, '000030', 1, 2, 'Deleted'),
(36, 1, '2019-12-11 17:52:52', 30, '000030', 1, 3, 'Deleted'),
(37, 1, '2019-12-12 17:38:40', 32, '000032', 1, 1, 'Deleted'),
(38, 1, '2019-12-12 22:53:21', 33, '000033', 1, 1, 'Deleted'),
(39, 1, '2020-01-08 12:14:50', 36, '000036', 1, 2, 'Deleted'),
(40, 1, '2020-01-14 13:28:11', 38, '000038', 1, 2, 'Deleted'),
(41, 1, '2020-02-14 13:42:59', 39, '000039', 1, 3, 'Deleted'),
(42, 1, '2020-02-17 11:13:47', 40, '000040', 1, 1, 'Deleted'),
(44, 3, '2020-02-18 15:32:49', 61, '000061', 1, 1, 'Deleted'),
(45, 2, '2020-02-18 15:33:37', 62, '000062', 1, 1, 'Deleted'),
(46, 1, '2020-02-19 15:52:38', 71, '000071', 1, 1, 'Deleted'),
(47, 3, '2020-02-19 17:24:07', 81, '000081', 1, 2, 'Deleted'),
(56, 1, '2020-02-22 18:10:11', 207, '000207', 1, 1, 'Deleted'),
(57, 1, '2020-02-23 14:07:26', 253, '000253', 1, 1, 'Deleted'),
(58, 1, '2020-02-23 14:07:27', 254, '000254', 1, 1, 'Deleted'),
(59, 1, '2020-02-23 14:07:27', 255, '000255', 1, 1, 'Deleted'),
(61, 1, '2020-02-23 14:07:28', 257, '000257', 1, 1, 'Deleted'),
(62, 1, '2020-02-23 14:07:29', 258, '000258', 1, 1, 'Deleted'),
(63, 1, '2020-02-23 14:07:30', 259, '000259', 1, 1, 'Deleted'),
(64, 1, '2020-02-23 14:07:30', 260, '000260', 1, 1, 'Deleted'),
(65, 1, '2020-02-23 14:07:30', 261, '000261', 1, 1, 'Deleted'),
(66, 1, '2020-02-23 14:07:30', 262, '000262', 1, 1, 'Deleted'),
(67, 1, '2020-02-23 14:07:31', 263, '000263', 1, 1, 'Deleted'),
(68, 1, '2020-02-23 14:07:31', 264, '000264', 1, 1, 'Deleted'),
(69, 1, '2020-02-23 14:07:31', 265, '000265', 1, 1, 'Deleted'),
(70, 1, '2020-02-23 14:07:31', 266, '000266', 1, 1, 'Deleted'),
(71, 1, '2020-02-23 14:07:31', 267, '000267', 1, 1, 'Deleted'),
(72, 1, '2020-02-23 14:07:31', 268, '000268', 1, 1, 'Deleted'),
(73, 1, '2020-02-23 14:07:37', 269, '000269', 1, 1, 'Deleted'),
(74, 1, '2020-02-27 15:35:12', 306, '000306', 1, 1, 'Deleted');

-- --------------------------------------------------------

--
-- Table structure for table `tbl_outlets`
--

CREATE TABLE `tbl_outlets` (
  `id` int(10) NOT NULL,
  `outlet_name` varchar(50) DEFAULT NULL,
  `outlet_code` varchar(10) DEFAULT NULL,
  `address` varchar(100) DEFAULT NULL,
  `phone` varchar(15) DEFAULT NULL,
  `invoice_print` enum('Yes','No') DEFAULT NULL,
  `starting_date` date DEFAULT NULL,
  `invoice_footer` varchar(500) DEFAULT NULL,
  `collect_tax` varchar(10) DEFAULT NULL,
  `tax_title` varchar(10) DEFAULT NULL,
  `tax_registration_no` varchar(30) DEFAULT NULL,
  `tax_is_gst` varchar(10) NOT NULL,
  `state_code` varchar(10) DEFAULT NULL,
  `pre_or_post_payment` varchar(500) DEFAULT 'Post Payment',
  `user_id` int(10) DEFAULT NULL,
  `company_id` int(10) DEFAULT NULL,
  `del_status` varchar(10) DEFAULT 'Live'
) ENGINE=InnoDB DEFAULT CHARSET=utf8;

--
-- Dumping data for table `tbl_outlets`
--

INSERT INTO `tbl_outlets` (`id`, `outlet_name`, `outlet_code`, `address`, `phone`, `invoice_print`, `starting_date`, `invoice_footer`, `collect_tax`, `tax_title`, `tax_registration_no`, `tax_is_gst`, `state_code`, `pre_or_post_payment`, `user_id`, `company_id`, `del_status`) VALUES
(1, 'Warung Kukuruyuk', '000001', 'Tangerang', '081222260232', 'Yes', '2018-02-18', 'Terimakasih Telah Berkunjung!', 'No', '', '', 'No', '', 'Post Payment', 1, 1, 'Live');

-- --------------------------------------------------------

--
-- Table structure for table `tbl_outlet_taxes`
--

CREATE TABLE `tbl_outlet_taxes` (
  `id` int(15) NOT NULL,
  `tax` varchar(50) NOT NULL,
  `outlet_id` int(15) NOT NULL,
  `user_id` int(15) NOT NULL,
  `company_id` int(15) NOT NULL,
  `del_status` varchar(100) NOT NULL DEFAULT 'Live'
) ENGINE=InnoDB DEFAULT CHARSET=utf8;

-- --------------------------------------------------------

--
-- Table structure for table `tbl_payment_methods`
--

CREATE TABLE `tbl_payment_methods` (
  `id` int(10) NOT NULL,
  `name` varchar(50) NOT NULL,
  `description` varchar(50) NOT NULL,
  `user_id` int(11) NOT NULL,
  `company_id` int(11) NOT NULL,
  `del_status` varchar(10) NOT NULL DEFAULT 'Live'
) ENGINE=InnoDB DEFAULT CHARSET=latin1;

--
-- Dumping data for table `tbl_payment_methods`
--

INSERT INTO `tbl_payment_methods` (`id`, `name`, `description`, `user_id`, `company_id`, `del_status`) VALUES
(3, 'Cash', '', 1, 1, 'Deleted'),
(4, 'Card', '', 1, 1, 'Live'),
(5, 'Paypal', '', 1, 1, 'Live'),
(6, 'Tunai', '', 1, 1, 'Live');

-- --------------------------------------------------------

--
-- Table structure for table `tbl_purchase`
--

CREATE TABLE `tbl_purchase` (
  `id` int(10) NOT NULL,
  `reference_no` varchar(50) DEFAULT NULL,
  `supplier_id` int(10) DEFAULT NULL,
  `date` varchar(15) NOT NULL,
  `subtotal` float(10,2) DEFAULT NULL,
  `other` float(10,2) DEFAULT NULL,
  `grand_total` float(10,2) DEFAULT NULL,
  `paid` float(10,2) DEFAULT NULL,
  `due` float(10,2) DEFAULT NULL,
  `note` varchar(200) DEFAULT NULL,
  `user_id` int(10) DEFAULT NULL,
  `outlet_id` int(10) DEFAULT NULL,
  `del_status` varchar(50) DEFAULT 'Live'
) ENGINE=InnoDB DEFAULT CHARSET=utf8;

--
-- Dumping data for table `tbl_purchase`
--

INSERT INTO `tbl_purchase` (`id`, `reference_no`, `supplier_id`, `date`, `subtotal`, `other`, `grand_total`, `paid`, `due`, `note`, `user_id`, `outlet_id`, `del_status`) VALUES
(1, '000001', 1, '2020-02-18', NULL, NULL, 50000.00, 50000.00, 0.00, NULL, 1, 1, 'Live'),
(2, '000002', 1, '2020-02-23', NULL, NULL, 2000000.00, 1000000.00, 1000000.00, NULL, 1, 1, 'Live'),
(3, '000003', 1, '2020-02-23', NULL, NULL, 100000000.00, 100000000.00, 0.00, NULL, 1, 1, 'Live'),
(4, '000004', 1, '2020-02-24', NULL, NULL, 6459.00, 6459.00, 0.00, NULL, 1, 1, 'Live'),
(5, '000005', 2, '2020-02-29', NULL, NULL, 643000.00, 643000.00, 0.00, NULL, 1, 1, 'Live');

-- --------------------------------------------------------

--
-- Table structure for table `tbl_purchase_ingredients`
--

CREATE TABLE `tbl_purchase_ingredients` (
  `id` int(10) NOT NULL,
  `ingredient_id` int(10) DEFAULT NULL,
  `unit_price` float(10,2) DEFAULT NULL,
  `quantity_amount` float(10,2) DEFAULT NULL,
  `total` float(10,2) DEFAULT NULL,
  `purchase_id` int(10) DEFAULT NULL,
  `outlet_id` int(10) DEFAULT NULL,
  `del_status` varchar(10) DEFAULT 'Live'
) ENGINE=InnoDB DEFAULT CHARSET=utf8;

--
-- Dumping data for table `tbl_purchase_ingredients`
--

INSERT INTO `tbl_purchase_ingredients` (`id`, `ingredient_id`, `unit_price`, `quantity_amount`, `total`, `purchase_id`, `outlet_id`, `del_status`) VALUES
(1, 345, 5000.00, 10.00, 50000.00, 1, 1, 'Live'),
(3, 345, 5000.00, 400.00, 2000000.00, 2, 1, 'Live'),
(4, 344, 19000.00, 209000.00, 100000000.00, 3, 1, 'Live'),
(5, 7, 6459.00, 1.00, 6459.00, 4, 1, 'Live'),
(6, 3, 643.00, 1000.00, 643000.00, 5, 1, 'Live');

-- --------------------------------------------------------

--
-- Table structure for table `tbl_register`
--

CREATE TABLE `tbl_register` (
  `id` int(15) NOT NULL,
  `opening_balance` float(10,2) NOT NULL,
  `closing_balance` float(10,2) NOT NULL,
  `opening_balance_date_time` datetime NOT NULL,
  `closing_balance_date_time` datetime NOT NULL,
  `sale_paid_amount` float(10,2) NOT NULL,
  `customer_due_receive` float(10,2) NOT NULL,
  `payment_methods_sale` text NOT NULL,
  `register_status` tinyint(1) NOT NULL DEFAULT 1 COMMENT '1=open,2=closed',
  `user_id` int(15) NOT NULL,
  `outlet_id` int(15) NOT NULL,
  `company_id` int(15) NOT NULL
) ENGINE=InnoDB DEFAULT CHARSET=utf8;

--
-- Dumping data for table `tbl_register`
--

INSERT INTO `tbl_register` (`id`, `opening_balance`, `closing_balance`, `opening_balance_date_time`, `closing_balance_date_time`, `sale_paid_amount`, `customer_due_receive`, `payment_methods_sale`, `register_status`, `user_id`, `outlet_id`, `company_id`) VALUES
(1, 1000000.00, 0.00, '2019-12-01 00:38:05', '0000-00-00 00:00:00', 0.00, 0.00, '', 1, 1, 1, 1),
(2, 1000000.00, 0.00, '2019-12-01 06:26:16', '0000-00-00 00:00:00', 0.00, 0.00, '', 1, 9, 1, 1),
(3, 1000000.00, 0.00, '2019-12-02 00:19:48', '0000-00-00 00:00:00', 0.00, 0.00, '', 1, 1, 1, 1),
(4, 1000000.00, 0.00, '2019-12-04 03:20:21', '0000-00-00 00:00:00', 0.00, 0.00, '', 1, 1, 1, 1),
(5, 1500000.00, 0.00, '2019-12-06 15:13:36', '0000-00-00 00:00:00', 0.00, 0.00, '', 1, 1, 1, 1),
(6, 1500000.00, 1500000.00, '2019-12-07 00:13:43', '2019-12-07 17:54:58', 0.00, 0.00, '{\"Cash\": ,\"Paypal\": ,\"Card\": }', 2, 1, 1, 1),
(7, 1500000.00, 1500000.00, '2019-12-07 17:55:17', '2019-12-07 17:55:24', 0.00, 0.00, '{\"Cash\": ,\"Paypal\": ,\"Card\": }', 2, 1, 1, 1),
(8, 1500000.00, 0.00, '2019-12-07 19:31:05', '0000-00-00 00:00:00', 0.00, 0.00, '', 1, 1, 1, 1),
(9, 1500000.00, 0.00, '2019-12-08 00:05:15', '0000-00-00 00:00:00', 0.00, 0.00, '', 1, 1, 1, 1),
(10, 1500000.00, 0.00, '2019-12-09 00:53:30', '0000-00-00 00:00:00', 0.00, 0.00, '', 1, 1, 1, 1),
(11, 1500000.00, 0.00, '2019-12-10 00:01:04', '0000-00-00 00:00:00', 0.00, 0.00, '', 1, 1, 1, 1),
(12, 150000.00, 0.00, '2019-12-11 00:03:24', '0000-00-00 00:00:00', 0.00, 0.00, '', 1, 1, 1, 1),
(13, 1500000.00, 0.00, '2019-12-12 00:20:26', '0000-00-00 00:00:00', 0.00, 0.00, '', 1, 1, 1, 1),
(14, 1000000.00, 0.00, '2019-12-13 10:10:37', '0000-00-00 00:00:00', 0.00, 0.00, '', 1, 1, 1, 1),
(15, 1500000.00, 0.00, '2019-12-14 11:15:46', '0000-00-00 00:00:00', 0.00, 0.00, '', 1, 1, 1, 1),
(16, 100000.00, 0.00, '2019-12-18 20:02:01', '0000-00-00 00:00:00', 0.00, 0.00, '', 1, 1, 1, 1),
(17, 1500000.00, 0.00, '2019-12-25 22:42:36', '0000-00-00 00:00:00', 0.00, 0.00, '', 1, 1, 1, 1),
(18, 1500000.00, 0.00, '2019-12-25 22:43:11', '0000-00-00 00:00:00', 0.00, 0.00, '', 1, 1, 1, 1),
(19, 1000000.00, 0.00, '2020-01-03 11:26:16', '0000-00-00 00:00:00', 0.00, 0.00, '', 1, 1, 1, 1),
(20, 1000000.00, 0.00, '2020-01-03 11:26:24', '0000-00-00 00:00:00', 0.00, 0.00, '', 1, 1, 1, 1),
(21, 100000.00, 100000.00, '2020-01-07 08:41:41', '2020-01-07 11:36:20', 0.00, 0.00, '{\"Cash\": ,\"Paypal\": ,\"Card\": }', 2, 1, 1, 1),
(22, 100000000.00, 0.00, '2020-01-07 11:36:45', '0000-00-00 00:00:00', 0.00, 0.00, '', 1, 1, 1, 1),
(23, 1000000.00, 0.00, '2020-01-08 09:14:16', '0000-00-00 00:00:00', 0.00, 0.00, '', 1, 1, 1, 1),
(24, 1000000.00, 0.00, '2020-01-14 09:29:38', '0000-00-00 00:00:00', 0.00, 0.00, '', 1, 1, 1, 1),
(25, 1000000.00, 0.00, '2020-01-14 09:29:42', '0000-00-00 00:00:00', 0.00, 0.00, '', 1, 1, 1, 1),
(26, 100000.00, 0.00, '2020-01-16 22:00:46', '0000-00-00 00:00:00', 0.00, 0.00, '', 1, 1, 1, 1),
(27, 100000.00, 0.00, '2020-01-16 22:00:51', '0000-00-00 00:00:00', 0.00, 0.00, '', 1, 1, 1, 1),
(28, 100000.00, 0.00, '2020-01-17 21:45:24', '0000-00-00 00:00:00', 0.00, 0.00, '', 1, 1, 1, 1),
(29, 100000.00, 0.00, '2020-01-17 21:45:27', '0000-00-00 00:00:00', 0.00, 0.00, '', 1, 1, 1, 1),
(30, 100000.00, 0.00, '2020-01-29 08:09:31', '0000-00-00 00:00:00', 0.00, 0.00, '', 1, 1, 1, 1),
(31, 100000.00, 0.00, '2020-01-29 08:09:37', '0000-00-00 00:00:00', 0.00, 0.00, '', 1, 1, 1, 1),
(32, 1000000.00, 0.00, '2020-01-30 12:08:37', '0000-00-00 00:00:00', 0.00, 0.00, '', 1, 1, 1, 1),
(33, 1000000.00, 0.00, '2020-01-30 12:08:43', '0000-00-00 00:00:00', 0.00, 0.00, '', 1, 1, 1, 1),
(34, 200000.00, 0.00, '2020-01-31 14:38:02', '0000-00-00 00:00:00', 0.00, 0.00, '', 1, 1, 1, 1),
(35, 100000.00, 0.00, '2020-02-03 12:43:13', '0000-00-00 00:00:00', 0.00, 0.00, '', 1, 1, 1, 1),
(36, 100000.00, 0.00, '2020-02-13 11:13:05', '0000-00-00 00:00:00', 0.00, 0.00, '', 1, 1, 1, 1),
(37, 100000.00, 0.00, '2020-02-14 09:10:56', '0000-00-00 00:00:00', 0.00, 0.00, '', 1, 1, 1, 1),
(38, 1000000.00, 1117000.00, '2020-02-14 09:11:05', '2020-02-14 13:46:55', 117000.00, 0.00, '{\"Cash\": 117000.00,\"Paypal\": ,\"Card\": }', 2, 1, 1, 1),
(39, 90000.00, 0.00, '2020-02-15 09:39:49', '0000-00-00 00:00:00', 0.00, 0.00, '', 1, 1, 1, 1),
(40, 100000.00, 0.00, '2020-02-15 09:39:59', '0000-00-00 00:00:00', 0.00, 0.00, '', 1, 1, 1, 1),
(41, 100000.00, 0.00, '2020-02-16 21:22:33', '0000-00-00 00:00:00', 0.00, 0.00, '', 1, 1, 1, 1),
(42, 100000.00, 0.00, '2020-02-16 21:22:45', '0000-00-00 00:00:00', 0.00, 0.00, '', 1, 1, 1, 1),
(43, 100000.00, 0.00, '2020-02-17 09:26:40', '0000-00-00 00:00:00', 0.00, 0.00, '', 1, 1, 1, 1),
(44, 100000.00, 0.00, '2020-02-17 09:27:47', '0000-00-00 00:00:00', 0.00, 0.00, '', 1, 1, 1, 1),
(45, 100000.00, 0.00, '2020-02-18 05:52:47', '0000-00-00 00:00:00', 0.00, 0.00, '', 1, 1, 1, 1),
(46, 100000.00, 0.00, '2020-02-18 05:53:15', '0000-00-00 00:00:00', 0.00, 0.00, '', 1, 1, 1, 1),
(47, 100000.00, 0.00, '2020-02-19 09:48:34', '0000-00-00 00:00:00', 0.00, 0.00, '', 1, 1, 1, 1),
(48, 100000.00, 0.00, '2020-02-19 17:50:03', '0000-00-00 00:00:00', 0.00, 0.00, '', 1, 10, 1, 1),
(49, 1000000.00, 2609000.00, '2020-02-20 10:46:59', '2020-02-20 19:49:46', 1609000.00, 0.00, '{\"Cash\": 500000.00,\"Paypal\": ,\"Card\": }', 2, 1, 1, 1),
(50, 100000.00, 0.00, '2020-02-20 12:52:45', '0000-00-00 00:00:00', 0.00, 0.00, '', 1, 10, 1, 1),
(51, 100000.00, 0.00, '2020-02-20 12:52:53', '0000-00-00 00:00:00', 0.00, 0.00, '', 1, 10, 1, 1),
(52, 100000.00, 0.00, '2020-02-20 12:53:07', '0000-00-00 00:00:00', 0.00, 0.00, '', 1, 10, 1, 1),
(53, 10000.00, 0.00, '2020-02-21 08:04:55', '0000-00-00 00:00:00', 0.00, 0.00, '', 1, 1, 1, 1),
(54, 100000.00, 100000.00, '2020-02-21 08:05:00', '2020-02-21 10:57:14', 0.00, 0.00, '{\"Cash\": ,\"Paypal\": ,\"Card\": }', 2, 1, 1, 1),
(55, 10000.00, 0.00, '2020-02-21 10:43:45', '0000-00-00 00:00:00', 0.00, 0.00, '', 1, 10, 1, 1),
(56, 100000.00, 100000.00, '2020-02-21 10:44:02', '2020-02-21 10:55:45', 0.00, 0.00, '{\"Cash\": ,\"Paypal\": ,\"Card\": }', 2, 10, 1, 1),
(57, 100000.00, 0.00, '2020-02-21 13:37:48', '0000-00-00 00:00:00', 0.00, 0.00, '', 1, 11, 1, 1),
(58, 100000.00, 100000.00, '2020-02-22 13:45:23', '2020-02-22 15:49:19', 0.00, 0.00, '{\"Cash\": ,\"Paypal\": ,\"Card\": }', 2, 1, 1, 1),
(59, 1000000.00, 1095410.00, '2020-02-22 15:49:49', '2020-02-22 19:35:10', 95410.00, 0.00, '{\"Cash\": ,\"Paypal\": ,\"Card\": }', 2, 1, 1, 1),
(60, 1000000.00, 0.00, '2020-02-22 19:35:30', '0000-00-00 00:00:00', 0.00, 0.00, '', 1, 1, 1, 1),
(61, 1000000.00, 0.00, '2020-02-22 20:23:37', '0000-00-00 00:00:00', 0.00, 0.00, '', 1, 11, 1, 1),
(62, 200000.00, 0.00, '2020-02-23 07:30:20', '0000-00-00 00:00:00', 0.00, 0.00, '', 1, 1, 1, 1),
(63, 1000000.00, 0.00, '2020-02-23 11:30:32', '0000-00-00 00:00:00', 0.00, 0.00, '', 1, 11, 1, 1),
(64, 0.00, 0.00, '2020-02-23 13:29:55', '0000-00-00 00:00:00', 0.00, 0.00, '', 1, 11, 1, 1),
(65, 100000.00, 110000.00, '2020-02-24 00:52:13', '2020-02-24 12:27:21', 0.00, 10000.00, '{\"Cash\": ,\"Paypal\": ,\"Card\": }', 2, 1, 1, 1),
(66, 10000.00, 0.00, '2020-02-24 12:29:11', '0000-00-00 00:00:00', 0.00, 0.00, '', 1, 1, 1, 1),
(67, 1000000.00, 0.00, '2020-02-24 12:30:34', '0000-00-00 00:00:00', 0.00, 0.00, '', 1, 11, 1, 1),
(68, 1000000.00, 1000000.00, '2020-02-24 12:30:40', '2020-02-24 12:31:03', 0.00, 0.00, '{\"Cash\": ,\"Paypal\": ,\"Card\": }', 2, 11, 1, 1),
(69, 100000.00, 100000.00, '2020-02-25 11:42:36', '2020-02-25 16:50:44', 0.00, 0.00, '{\"Cash\": ,\"Paypal\": ,\"Card\": }', 2, 1, 1, 1),
(70, 100000.00, 0.00, '2020-02-25 16:51:00', '0000-00-00 00:00:00', 0.00, 0.00, '', 1, 1, 1, 1),
(71, 100000.00, 0.00, '2020-02-26 11:44:06', '0000-00-00 00:00:00', 0.00, 0.00, '', 1, 1, 1, 1),
(72, 100000.00, 0.00, '2020-02-26 16:22:32', '0000-00-00 00:00:00', 0.00, 0.00, '', 1, 11, 1, 1),
(73, 100000.00, 0.00, '2020-02-27 11:59:25', '0000-00-00 00:00:00', 0.00, 0.00, '', 1, 1, 1, 1),
(74, 100000.00, 0.00, '2020-02-28 10:49:04', '0000-00-00 00:00:00', 0.00, 0.00, '', 1, 1, 1, 1),
(75, 100000.00, 0.00, '2020-02-29 13:39:00', '0000-00-00 00:00:00', 0.00, 0.00, '', 1, 1, 1, 1),
(76, 100000.00, 0.00, '2020-03-02 11:37:15', '0000-00-00 00:00:00', 0.00, 0.00, '', 1, 1, 1, 1);

-- --------------------------------------------------------

--
-- Table structure for table `tbl_sales`
--

CREATE TABLE `tbl_sales` (
  `id` int(10) NOT NULL,
  `customer_id` varchar(50) DEFAULT NULL,
  `sale_no` varchar(30) NOT NULL DEFAULT '000000',
  `total_items` int(10) DEFAULT NULL,
  `sub_total` float(10,2) DEFAULT NULL,
  `paid_amount` double(10,2) DEFAULT NULL,
  `due_amount` float(10,2) DEFAULT NULL,
  `given_amount` float(10,2) DEFAULT NULL,
  `change_amount` float(10,2) DEFAULT NULL,
  `disc` varchar(50) DEFAULT NULL,
  `disc_actual` float(10,2) DEFAULT NULL,
  `vat` float(10,2) DEFAULT NULL,
  `total_payable` float(10,2) DEFAULT NULL,
  `payment_method_id` int(10) DEFAULT NULL,
  `close_time` time NOT NULL,
  `table_id` int(10) DEFAULT NULL,
  `total_item_discount_amount` float(10,2) NOT NULL,
  `sub_total_with_discount` float(10,2) NOT NULL,
  `sub_total_discount_amount` float(10,2) NOT NULL,
  `total_discount_amount` float(10,2) NOT NULL,
  `delivery_charge` float(10,2) NOT NULL,
  `tax_charge` int(20) NOT NULL,
  `sub_total_discount_value` varchar(10) NOT NULL,
  `sub_total_discount_type` varchar(20) NOT NULL,
  `sale_date` varchar(20) NOT NULL,
  `date_time` timestamp NOT NULL DEFAULT current_timestamp(),
  `order_time` time NOT NULL,
  `cooking_start_time` datetime DEFAULT NULL,
  `cooking_done_time` datetime DEFAULT NULL,
  `modified` enum('Yes','No') NOT NULL DEFAULT 'No',
  `user_id` int(10) DEFAULT NULL,
  `waiter_id` int(10) NOT NULL DEFAULT 0,
  `outlet_id` int(10) DEFAULT NULL,
  `order_status` tinyint(1) NOT NULL COMMENT '1=new order, 2=invoiced order, 3=closed order',
  `order_type` tinyint(1) NOT NULL COMMENT '1=dine in, 2 = take away, 3 = delivery',
  `del_status` varchar(50) DEFAULT 'Live',
  `sale_vat_objects` text DEFAULT NULL
) ENGINE=InnoDB DEFAULT CHARSET=utf8 ROW_FORMAT=COMPACT;

--
-- Dumping data for table `tbl_sales`
--

INSERT INTO `tbl_sales` (`id`, `customer_id`, `sale_no`, `total_items`, `sub_total`, `paid_amount`, `due_amount`, `given_amount`, `change_amount`, `disc`, `disc_actual`, `vat`, `total_payable`, `payment_method_id`, `close_time`, `table_id`, `total_item_discount_amount`, `sub_total_with_discount`, `sub_total_discount_amount`, `total_discount_amount`, `delivery_charge`, `tax_charge`, `sub_total_discount_value`, `sub_total_discount_type`, `sale_date`, `date_time`, `order_time`, `cooking_start_time`, `cooking_done_time`, `modified`, `user_id`, `waiter_id`, `outlet_id`, `order_status`, `order_type`, `del_status`, `sale_vat_objects`) VALUES
(1, '1', '000001', 2, 50000.00, 50000.00, 0.00, NULL, NULL, NULL, NULL, 0.00, 50000.00, 5, '00:44:23', NULL, 0.00, 50000.00, 0.00, 0.00, 0.00, 0, '', 'plain', '2019-12-08', '2019-12-07 17:28:40', '00:28:40', '2019-12-05 10:00:59', '2019-12-08 00:35:13', 'No', 1, 9, 1, 3, 1, 'Live', '[]'),
(2, '1', '000002', 1, 125000.00, 125000.00, 0.00, NULL, NULL, NULL, NULL, 0.00, 125000.00, 6, '00:47:46', NULL, 0.00, 125000.00, 0.00, 0.00, 0.00, 0, '', 'plain', '2019-12-08', '2019-12-07 17:46:39', '00:46:39', '0000-00-00 00:00:00', '2019-12-08 00:47:12', 'No', 1, 3, 1, 3, 1, 'Live', '[]'),
(3, '1', '000003', 2, 20000.00, 20000.00, 0.00, NULL, NULL, NULL, NULL, 0.00, 20000.00, 5, '00:52:38', NULL, 0.00, 20000.00, 0.00, 0.00, 0.00, 0, '', 'plain', '2019-12-08', '2019-12-07 17:50:36', '00:50:36', '0000-00-00 00:00:00', '2019-12-08 00:51:46', 'No', 1, 4, 1, 3, 1, 'Live', '[]'),
(4, '1', '000004', 1, 25000.00, 25000.00, 0.00, NULL, NULL, NULL, NULL, 0.00, 25000.00, 6, '01:47:46', NULL, 0.00, 25000.00, 0.00, 0.00, 0.00, 0, '', 'plain', '2019-12-08', '2019-12-07 18:47:30', '01:47:30', NULL, NULL, 'No', 1, 4, 1, 3, 1, 'Live', '[]'),
(5, '1', '000005', 2, 20000.00, 20000.00, 0.00, 59000.00, NULL, NULL, NULL, 0.00, 20000.00, 5, '10:44:38', NULL, 0.00, 20000.00, 0.00, 0.00, 0.00, 0, '', 'plain', '2019-12-08', '2019-12-07 18:48:16', '01:48:16', NULL, '2019-12-08 10:34:45', 'No', 1, 4, 1, 3, 1, 'Live', '[]'),
(6, '2', '000006', 2, 30000.00, 0.00, 30000.00, 50000.00, NULL, NULL, NULL, 0.00, 30000.00, 4, '10:58:47', NULL, 0.00, 30000.00, 0.00, 0.00, 0.00, 0, '', 'plain', '2019-12-08', '2019-12-08 03:55:25', '10:55:25', NULL, NULL, 'No', 1, 4, 1, 3, 1, 'Live', '[]'),
(7, '2', '000007', 2, 50000.00, 50000.00, 0.00, 70000.00, 20000.00, NULL, NULL, 0.00, 50000.00, 6, '11:09:11', NULL, 0.00, 50000.00, 0.00, 0.00, 0.00, 0, '', 'plain', '2019-12-08', '2019-12-08 04:01:02', '11:01:02', NULL, NULL, 'No', 1, 4, 1, 3, 1, 'Live', '[]'),
(11, '3', '000011', 1, 96000.00, 96000.00, 0.00, 100000.00, 4000.00, NULL, NULL, 0.00, 96000.00, 6, '11:24:49', NULL, 0.00, 96000.00, 0.00, 0.00, 0.00, 0, '', 'plain', '2019-12-08', '2019-12-08 04:21:38', '11:21:38', NULL, '2019-12-08 11:22:22', 'No', 1, 4, 1, 3, 1, 'Live', '[]'),
(12, '2', '000012', 2, 40000.00, 40000.00, 0.00, 100000.00, 60000.00, NULL, NULL, 0.00, 40000.00, 6, '11:23:42', NULL, 0.00, 40000.00, 0.00, 0.00, 0.00, 0, '', 'plain', '2019-12-08', '2019-12-08 04:22:56', '11:22:56', NULL, NULL, 'No', 1, 9, 1, 3, 1, 'Live', '[]'),
(13, '2', '000013', 2, 50000.00, 50000.00, 0.00, 60000.00, 10000.00, NULL, NULL, 0.00, 50000.00, 6, '14:07:11', NULL, 0.00, 50000.00, 0.00, 0.00, 0.00, 0, '', 'plain', '2019-12-08', '2019-12-08 06:22:23', '13:22:23', NULL, '2019-12-08 13:50:08', 'No', 1, 4, 1, 3, 1, 'Live', '[]'),
(14, '3', '000014', 1, 10000.00, 10000.00, 0.00, 10000.00, 0.00, NULL, NULL, 0.00, 10000.00, 6, '14:21:34', NULL, 0.00, 10000.00, 0.00, 0.00, 0.00, 0, '', 'plain', '2019-12-08', '2019-12-08 06:30:42', '13:30:42', NULL, '2019-12-08 13:37:48', 'No', 1, 4, 1, 3, 1, 'Live', '[]'),
(15, '2', '000015', 1, 5000.00, 5000.00, 0.00, 0.00, -5000.00, NULL, NULL, 0.00, 5000.00, 5, '14:18:58', NULL, 0.00, 5000.00, 0.00, 0.00, 0.00, 0, '', 'plain', '2019-12-08', '2019-12-08 06:32:24', '13:32:24', NULL, '2019-12-08 13:48:31', 'No', 1, 4, 1, 3, 1, 'Live', '[]'),
(16, '3', '000016', 1, 25000.00, 25000.00, 0.00, 0.00, 0.00, NULL, NULL, 0.00, 25000.00, 5, '14:14:18', NULL, 0.00, 25000.00, 0.00, 0.00, 0.00, 0, '', 'plain', '2019-12-08', '2019-12-08 06:48:58', '13:48:58', NULL, '2019-12-08 13:49:43', 'No', 1, 3, 1, 3, 1, 'Live', '[]'),
(17, '3', '000017', 1, 5000.00, 5000.00, 0.00, 80.00, -4920.00, NULL, NULL, 0.00, 5000.00, 6, '14:18:03', NULL, 0.00, 5000.00, 0.00, 0.00, 0.00, 0, '', 'plain', '2019-12-08', '2019-12-08 06:58:09', '13:58:09', NULL, NULL, 'No', 1, 4, 1, 3, 1, 'Live', '[]'),
(18, '2', '000018', 2, 30000.00, 30000.00, 0.00, 50000.00, 20000.00, NULL, NULL, 0.00, 30000.00, 6, '14:56:10', NULL, 0.00, 30000.00, 0.00, 0.00, 0.00, 0, '', 'plain', '2019-12-08', '2019-12-08 07:22:05', '14:22:05', NULL, '2019-12-08 14:34:00', 'No', 1, 4, 1, 3, 1, 'Live', '[]'),
(19, '2', '000019', 2, 30000.00, 30000.00, 0.00, 0.00, 0.00, NULL, NULL, 0.00, 30000.00, 4, '17:49:30', NULL, 0.00, 30000.00, 0.00, 0.00, 0.00, 0, '', 'plain', '2019-12-08', '2019-12-08 10:28:44', '17:28:44', NULL, NULL, 'No', 1, 9, 1, 3, 1, 'Live', '[]'),
(20, '2', '000020', 1, 5000.00, 5000.00, 0.00, 80000.00, 75000.00, NULL, NULL, 0.00, 5000.00, 5, '18:07:21', NULL, 0.00, 5000.00, 0.00, 0.00, 0.00, 0, '', 'plain', '2019-12-08', '2019-12-08 11:07:08', '18:07:08', NULL, NULL, 'No', 1, 4, 1, 3, 1, 'Live', '[]'),
(21, '2', '000021', 3, 40000.00, 40000.00, 0.00, 90000.00, 50000.00, NULL, NULL, 0.00, 40000.00, 5, '18:45:31', NULL, 0.00, 40000.00, 0.00, 0.00, 0.00, 0, '', 'plain', '2019-12-08', '2019-12-08 11:45:17', '18:45:17', NULL, NULL, 'No', 1, 4, 1, 3, 1, 'Live', '[]'),
(22, '2', '000022', 2, 33000.00, 33000.00, 0.00, 50000.00, 17000.00, NULL, NULL, 0.00, 33000.00, 6, '19:48:52', NULL, 0.00, 33000.00, 0.00, 0.00, 0.00, 0, '', 'plain', '2019-12-08', '2019-12-08 12:48:14', '19:48:14', NULL, NULL, 'No', 1, 4, 1, 3, 1, 'Live', '[]'),
(23, '3', '000023', 2, 15000.00, 15000.00, 0.00, 15000.00, 0.00, NULL, NULL, 0.00, 15000.00, 6, '08:41:59', NULL, 0.00, 15000.00, 0.00, 0.00, 0.00, 0, '', 'plain', '2019-12-08', '2019-12-08 14:11:52', '21:11:52', NULL, '2019-12-08 21:13:22', 'No', 1, 4, 1, 3, 1, 'Live', '[]'),
(24, '3', '000024', 2, 50000.00, 50000.00, 0.00, 0.00, -50000.00, NULL, NULL, 0.00, 50000.00, 6, '22:54:03', NULL, 0.00, 50000.00, 0.00, 0.00, 0.00, 0, '', 'plain', '2019-12-08', '2019-12-08 14:15:48', '21:15:48', NULL, '2019-12-08 21:21:15', 'No', 1, 4, 1, 3, 1, 'Live', '[]'),
(25, '2', '000025', 2, 33000.00, 33000.00, 0.00, 33000.00, 0.00, NULL, NULL, 0.00, 33000.00, 6, '09:14:56', NULL, 0.00, 33000.00, 0.00, 0.00, 0.00, 0, '', 'plain', '2019-12-08', '2019-12-08 16:35:54', '23:35:54', NULL, '2019-12-10 21:44:19', 'No', 1, 4, 1, 3, 1, 'Live', '[]'),
(26, '3', '000026', 6, 67000.00, 67000.00, NULL, NULL, NULL, NULL, NULL, 0.00, 67000.00, 3, '10:18:45', NULL, 0.00, 67000.00, 0.00, 0.00, 0.00, 0, '', 'plain', '2020-01-29', '2020-01-29 03:18:44', '10:18:44', NULL, '2020-01-14 13:51:28', 'Yes', 1, 4, 1, 3, 1, 'Live', '[]'),
(27, '2', '000027', 2, 18000.00, 18000.00, 0.00, 20000.00, 2000.00, NULL, NULL, 0.00, 18000.00, 6, '23:50:48', NULL, 0.00, 18000.00, 0.00, 0.00, 0.00, 0, '', 'plain', '2019-12-08', '2019-12-08 16:43:21', '23:43:21', NULL, NULL, 'No', 1, 4, 1, 3, 1, 'Live', '[]'),
(28, '3', '000028', 5, 61000.00, 61000.00, 0.00, 0.00, -61000.00, NULL, NULL, 0.00, 61000.00, 6, '17:46:23', NULL, 0.00, 61000.00, 0.00, 0.00, 0.00, 0, '', 'plain', '2019-12-09', '2019-12-08 19:19:01', '02:19:01', NULL, NULL, 'No', 1, 4, 1, 3, 1, 'Live', '[]'),
(29, '2', '000029', 3, 40000.00, 40000.00, 0.00, 100000.00, 60000.00, NULL, NULL, 0.00, 40000.00, 6, '17:14:43', NULL, 0.00, 40000.00, 0.00, 0.00, 0.00, 0, '', 'plain', '2019-12-09', '2019-12-08 20:41:07', '03:41:07', NULL, '2020-01-14 09:35:54', 'No', 1, 4, 1, 3, 1, 'Live', '[]'),
(30, '2', '000030', 2, 20000.00, 20000.00, 0.00, 20000.00, 0.00, NULL, NULL, 0.00, 20000.00, 6, '09:41:11', NULL, 0.00, 20000.00, 0.00, 0.00, 0.00, 0, '', 'plain', '2019-12-11', '2019-12-11 10:52:51', '17:52:51', NULL, NULL, 'No', 1, 4, 1, 3, 1, 'Live', '[]'),
(31, '2', '000031', 3, 30000.00, 30000.00, 0.00, 30000.00, 0.00, NULL, NULL, 0.00, 30000.00, 6, '09:13:13', NULL, 0.00, 30000.00, 0.00, 0.00, 0.00, 0, '', 'plain', '2019-12-12', '2019-12-12 03:26:15', '10:26:15', NULL, NULL, 'No', 1, 4, 1, 3, 1, 'Live', '[]'),
(32, '2', '000032', 8, 128000.00, 128000.00, 0.00, 128000.00, 0.00, NULL, NULL, 0.00, 128000.00, 4, '09:04:12', NULL, 0.00, 128000.00, 0.00, 0.00, 0.00, 0, '', 'plain', '2019-12-12', '2019-12-12 10:38:40', '17:38:40', NULL, NULL, 'No', 1, 9, 1, 3, 1, 'Live', '[]'),
(33, '2', '000033', 3, 40000.00, 40000.00, 0.00, 40000.00, 0.00, NULL, NULL, 0.00, 40000.00, 6, '09:03:03', NULL, 0.00, 40000.00, 0.00, 0.00, 0.00, 0, '', 'plain', '2019-12-12', '2019-12-12 15:53:21', '22:53:21', NULL, NULL, 'No', 1, 9, 1, 3, 1, 'Live', '[]'),
(34, '2', '000034', 5, 60000.00, 60000.00, 0.00, 100000.00, 40000.00, NULL, NULL, 0.00, 60000.00, 6, '12:38:19', NULL, 0.00, 60000.00, 0.00, 0.00, 0.00, 0, '', 'plain', '2020-01-07', '2020-01-07 06:20:44', '13:20:44', NULL, '2020-01-14 13:49:05', 'No', 1, 4, 1, 3, 1, 'Live', '[]'),
(35, '1', '000035', 5, 44000.00, 44000.00, 0.00, 0.00, 0.00, NULL, NULL, 0.00, 44000.00, 6, '12:59:19', NULL, 0.00, 44000.00, 0.00, 0.00, 0.00, 0, '', 'plain', '2020-01-08', '2020-01-08 04:51:54', '11:51:54', NULL, '2020-02-14 15:31:42', 'No', 1, 4, 1, 3, 1, 'Live', '[]'),
(36, '2', '000036', 4, 36000.00, 36000.00, 0.00, 1000000.00, 964000.00, NULL, NULL, 0.00, 36000.00, 6, '12:38:42', NULL, 0.00, 36000.00, 0.00, 0.00, 0.00, 0, '', 'plain', '2020-01-08', '2020-01-08 05:14:50', '12:14:50', NULL, '2020-02-17 11:41:36', 'No', 1, 4, 1, 3, 1, 'Live', '[]'),
(37, '1', '000037', 4, 74000.00, 74000.00, NULL, NULL, NULL, NULL, NULL, 0.00, 74000.00, 3, '18:14:56', NULL, 0.00, 74000.00, 0.00, 0.00, 0.00, 0, '', 'plain', '2020-01-08', '2020-01-08 11:14:56', '18:14:56', NULL, NULL, 'No', 1, 9, 1, 3, 2, 'Live', '[]'),
(38, '2', '000038', 6, 78000.00, 78000.00, 0.00, 0.00, -78000.00, NULL, NULL, 0.00, 78000.00, 6, '12:55:32', NULL, 0.00, 78000.00, 0.00, 0.00, 0.00, 0, '', 'plain', '2020-01-14', '2020-01-14 06:28:11', '13:28:11', NULL, '2020-02-17 12:17:15', 'No', 1, 9, 1, 3, 1, 'Live', '[]'),
(39, '1', '000039', 3, 117000.00, 117000.00, NULL, NULL, NULL, NULL, NULL, 0.00, 117000.00, 3, '13:42:59', NULL, 0.00, 117000.00, 0.00, 0.00, 0.00, 0, '', 'plain', '2020-02-14', '2020-02-14 06:42:59', '13:42:59', NULL, NULL, 'No', 1, 4, 1, 3, 1, 'Live', '[]'),
(40, '1', '000040', 1, 15000.00, 15000.00, 0.00, 0.00, 0.00, NULL, NULL, 0.00, 15000.00, 6, '14:01:55', NULL, 0.00, 15000.00, 0.00, 0.00, 0.00, 0, '', 'plain', '2020-02-17', '2020-02-17 05:12:19', '12:12:19', NULL, '2020-02-17 12:30:38', 'Yes', 1, 9, 1, 3, 1, 'Live', '[]'),
(41, '1', '000041', 5, 69000.00, 69000.00, 0.00, 4445550.00, 0.00, NULL, NULL, 0.00, 69000.00, 6, '14:20:28', NULL, 0.00, 69000.00, 0.00, 0.00, 0.00, 0, '', 'plain', '2020-02-17', '2020-02-17 05:15:28', '12:15:28', '2020-02-17 12:30:55', '2020-02-17 12:31:32', 'No', 1, 9, 1, 3, 2, 'Live', '[]'),
(42, '1', '000042', 9, 125000.00, 125000.00, 0.00, 150000.00, 25000.00, NULL, NULL, 0.00, 125000.00, 6, '15:26:49', NULL, 0.00, 125000.00, 0.00, 0.00, 0.00, 0, '', 'plain', '2020-02-17', '2020-02-17 05:15:41', '12:15:41', '2020-02-17 12:33:14', '2020-02-17 12:40:00', 'No', 1, 9, 1, 3, 2, 'Live', '[]'),
(43, '1', '000043', 11, 120000.00, 120000.00, 0.00, 11111111.00, -120000.00, NULL, NULL, 0.00, 120000.00, 6, '14:34:26', NULL, 0.00, 120000.00, 0.00, 0.00, 0.00, 0, '', 'plain', '2020-02-17', '2020-02-17 05:16:04', '12:16:04', '2020-02-17 12:40:07', '2020-02-17 12:42:13', 'No', 1, 9, 1, 3, 2, 'Live', '[]'),
(44, '1', '000044', 6, 97000.00, 97000.00, 0.00, 100000.00, 3000.00, NULL, NULL, 0.00, 97000.00, 6, '15:39:01', NULL, 0.00, 97000.00, 0.00, 0.00, 0.00, 0, '', 'plain', '2020-02-17', '2020-02-17 05:33:52', '12:33:52', '2020-02-17 12:35:14', '2020-02-17 12:35:34', 'No', 1, 9, 1, 3, 2, 'Live', '[]'),
(45, '4', '000045', 3, 36000.00, 36000.00, 0.00, 50000.00, 14000.00, NULL, NULL, 0.00, 36000.00, 6, '16:39:29', NULL, 0.00, 36000.00, 0.00, 0.00, 0.00, 0, '', 'plain', '2020-02-17', '2020-02-17 07:54:52', '14:54:52', '2020-02-17 14:56:28', '2020-02-17 14:56:38', 'No', 1, 9, 1, 3, 3, 'Live', '[]'),
(46, '4', '000046', 6, 97000.00, 97000.00, 0.00, 100000.00, -87000.00, NULL, NULL, 0.00, 97000.00, NULL, '19:21:09', NULL, 0.00, 97000.00, 0.00, 0.00, 0.00, 0, '', 'plain', '2020-02-17', '2020-02-17 07:57:26', '14:57:26', '2020-02-17 14:57:36', '2020-02-17 14:58:05', 'No', 1, 9, 1, 3, 3, 'Live', '[]'),
(47, '4', '000047', 3, 31000.00, 31000.00, 0.00, 66666664.00, 66635664.00, NULL, NULL, 0.00, 31000.00, 6, '15:18:24', NULL, 0.00, 31000.00, 0.00, 0.00, 0.00, 0, '', 'plain', '2020-02-17', '2020-02-17 08:00:09', '15:00:09', NULL, '2020-02-17 15:00:25', 'No', 1, 4, 1, 3, 3, 'Live', '[]'),
(48, '1', '000048', 1, 5000.00, 5000.00, 0.00, 100000.00, 95000.00, NULL, NULL, 0.00, 5000.00, 6, '15:19:19', NULL, 0.00, 5000.00, 0.00, 0.00, 0.00, 0, '', 'plain', '2020-02-17', '2020-02-17 09:05:50', '16:05:50', NULL, NULL, 'No', 1, 4, 1, 3, 2, 'Live', '[]'),
(49, '4', '000049', 3, 43000.00, 43000.00, 0.00, 100000.00, 57000.00, NULL, NULL, 0.00, 43000.00, NULL, '19:22:05', NULL, 0.00, 43000.00, 0.00, 0.00, 0.00, 0, '', 'plain', '2020-02-17', '2020-02-17 09:06:06', '16:06:06', NULL, NULL, 'No', 1, 3, 1, 3, 2, 'Live', '[]'),
(50, '4', '000050', 3, 43000.00, 43000.00, 0.00, 100000.00, 57000.00, NULL, NULL, 0.00, 43000.00, NULL, '10:49:25', NULL, 0.00, 43000.00, 0.00, 0.00, 0.00, 0, '', 'plain', '2020-02-17', '2020-02-17 09:06:09', '16:06:09', NULL, NULL, 'No', 1, 3, 1, 3, 2, 'Live', '[]'),
(51, '4', '000051', 3, 43000.00, 43000.00, 0.00, 222222.00, 179222.00, NULL, NULL, 0.00, 43000.00, 6, '17:28:14', NULL, 0.00, 43000.00, 0.00, 0.00, 0.00, 0, '', 'plain', '2020-02-17', '2020-02-17 09:06:14', '16:06:14', NULL, NULL, 'No', 1, 3, 1, 3, 2, 'Live', '[]'),
(52, '1', '000052', 5, 58000.00, 58000.00, 0.00, 60000.00, 2000.00, NULL, NULL, 0.00, 58000.00, NULL, '11:00:05', NULL, 0.00, 58000.00, 0.00, 0.00, 0.00, 0, '', 'plain', '2020-02-17', '2020-02-17 09:06:55', '16:06:55', NULL, NULL, 'No', 1, 4, 1, 3, 2, 'Live', '[]'),
(53, '1', '000053', 6, 97000.00, 97000.00, 0.00, 321321.00, 224321.00, NULL, NULL, 0.00, 97000.00, NULL, '11:06:53', NULL, 0.00, 97000.00, 0.00, 0.00, 0.00, 0, '', 'plain', '2020-02-17', '2020-02-17 09:07:16', '16:07:16', '2020-02-18 12:33:31', '2020-02-18 12:33:57', 'No', 1, 9, 1, 3, 2, 'Live', '[]'),
(54, '4', '000054', 6, 97000.00, 97000.00, 0.00, 1000000.00, 903000.00, NULL, NULL, 0.00, 97000.00, 6, '15:21:55', NULL, 0.00, 97000.00, 0.00, 0.00, 0.00, 0, '', 'plain', '2020-02-17', '2020-02-17 09:07:39', '16:07:39', '2020-02-17 17:21:29', '2020-02-17 17:21:47', 'No', 1, 9, 1, 3, 3, 'Live', '[]'),
(55, '1', '000055', 4, 59000.00, 59000.00, 0.00, 100000.00, 41000.00, NULL, NULL, 0.00, 59000.00, NULL, '11:16:39', NULL, 0.00, 59000.00, 0.00, 0.00, 0.00, 0, '', 'plain', '2020-02-17', '2020-02-17 09:13:59', '16:13:59', '2020-02-18 13:03:59', '2020-02-18 13:04:59', 'No', 1, 9, 1, 3, 2, 'Live', '[]'),
(56, '1', '000056', 15, 267000.00, 267000.00, 0.00, 300000.00, 33000.00, NULL, NULL, 0.00, 267000.00, NULL, '11:18:47', NULL, 0.00, 267000.00, 0.00, 0.00, 0.00, 0, '', 'plain', '2020-02-17', '2020-02-17 10:20:42', '17:20:42', NULL, '2020-02-18 16:38:43', 'No', 1, 9, 1, 3, 2, 'Live', '[]'),
(57, '1', '000057', 11, 167000.00, 167000.00, 0.00, 200000.00, 33000.00, NULL, NULL, 0.00, 167000.00, NULL, '11:48:36', NULL, 0.00, 167000.00, 0.00, 0.00, 0.00, 0, '', 'plain', '2020-02-18', '2020-02-18 04:47:36', '11:47:36', NULL, NULL, 'Yes', 1, 9, 1, 3, 1, 'Live', '[]'),
(58, '1', '000058', 102, 1721000.00, 1721000.00, 0.00, 1800000.00, 79000.00, NULL, NULL, 0.00, 1721000.00, NULL, '13:09:54', NULL, 0.00, 1721000.00, 0.00, 0.00, 0.00, 0, '', 'plain', '2020-02-18', '2020-02-18 05:22:27', '12:22:27', NULL, NULL, 'No', 1, 9, 1, 3, 2, 'Live', '[]'),
(59, '1', '000059', 1, 500000.00, 500000.00, 0.00, 500000.00, 0.00, NULL, NULL, 0.00, 500000.00, NULL, '13:18:36', NULL, 0.00, 500000.00, 0.00, 0.00, 0.00, 0, '', 'plain', '2020-02-18', '2020-02-18 05:23:38', '12:23:38', '2020-02-18 12:32:25', '2020-02-18 12:33:02', 'No', 1, 9, 1, 3, 2, 'Live', '[]'),
(61, '1', '000061', 9, 125000.00, 125000.00, 0.00, 150000.00, 25000.00, NULL, NULL, 0.00, 125000.00, NULL, '13:20:13', NULL, 0.00, 125000.00, 0.00, 0.00, 0.00, 0, '', 'plain', '2020-02-18', '2020-02-18 08:32:49', '15:32:49', NULL, '2020-02-19 13:13:14', 'No', 1, 4, 1, 3, 1, 'Live', '[]'),
(62, '1', '000062', 9, 125000.00, 125000.00, 0.00, 150000.00, 25000.00, NULL, NULL, 0.00, 125000.00, NULL, '13:22:04', NULL, 0.00, 125000.00, 0.00, 0.00, 0.00, 0, '', 'plain', '2020-02-18', '2020-02-18 08:33:37', '15:33:37', NULL, '2020-02-19 13:16:33', 'No', 1, 4, 1, 3, 1, 'Live', '[]'),
(63, '1', '000063', 4, 71000.00, 71000.00, 0.00, 800000.00, 729000.00, NULL, NULL, 0.00, 71000.00, NULL, '13:35:55', NULL, 0.00, 71000.00, 0.00, 0.00, 0.00, 0, '', 'plain', '2020-02-19', '2020-02-19 06:34:39', '13:34:39', NULL, NULL, 'No', 1, 4, 1, 3, 2, 'Live', '[]'),
(64, '4', '000064', 9, 125000.00, 125000.00, 0.00, 150000.00, 25000.00, NULL, NULL, 0.00, 125000.00, NULL, '13:46:53', NULL, 0.00, 125000.00, 0.00, 0.00, 0.00, 0, '', 'plain', '2020-02-19', '2020-02-19 06:36:40', '13:36:40', NULL, '2020-02-19 13:36:51', 'No', 1, 4, 1, 3, 3, 'Live', '[]'),
(65, '1', '000065', 10, 130000.00, 130000.00, 0.00, 150000.00, 20000.00, NULL, NULL, 0.00, 130000.00, NULL, '15:15:49', NULL, 0.00, 130000.00, 0.00, 0.00, 0.00, 0, '', 'plain', '2020-02-19', '2020-02-19 06:47:24', '13:47:24', NULL, '2020-02-19 13:48:32', 'No', 1, 9, 1, 3, 2, 'Live', '[]'),
(66, '1', '000066', 3, 31000.00, 31000.00, 0.00, 40000.00, 9000.00, NULL, NULL, 0.00, 31000.00, NULL, '15:17:08', NULL, 0.00, 31000.00, 0.00, 0.00, 0.00, 0, '', 'plain', '2020-02-19', '2020-02-19 06:47:42', '13:47:42', NULL, '2020-02-19 13:48:35', 'No', 1, 4, 1, 3, 2, 'Live', '[]'),
(67, '1', '000067', 9, 125000.00, 125000.00, 0.00, 130000.00, 5000.00, NULL, NULL, 0.00, 125000.00, NULL, '15:17:37', NULL, 0.00, 125000.00, 0.00, 0.00, 0.00, 0, '', 'plain', '2020-02-19', '2020-02-19 08:09:43', '15:09:43', NULL, '2020-02-19 15:10:03', 'No', 1, 9, 1, 3, 2, 'Live', '[]'),
(68, '1', '000068', 8, 120000.00, 120000.00, 0.00, 130000.00, 10000.00, NULL, NULL, 0.00, 120000.00, NULL, '15:18:51', NULL, 0.00, 120000.00, 0.00, 0.00, 0.00, 0, '', 'plain', '2020-02-19', '2020-02-19 08:12:40', '15:12:40', NULL, '2020-02-19 15:12:53', 'No', 1, 9, 1, 3, 2, 'Live', '[]'),
(69, '1', '000069', 5, 52000.00, 52000.00, 0.00, 60000.00, 8000.00, NULL, NULL, 0.00, 52000.00, NULL, '15:48:47', NULL, 0.00, 52000.00, 0.00, 0.00, 0.00, 0, '', 'plain', '2020-02-19', '2020-02-19 08:48:07', '15:48:07', NULL, NULL, 'No', 1, 9, 1, 3, 2, 'Live', '[]'),
(70, '1', '000070', 9, 125000.00, 125000.00, 0.00, 150000.00, 25000.00, NULL, NULL, 0.00, 125000.00, NULL, '15:50:15', NULL, 0.00, 125000.00, 0.00, 0.00, 0.00, 0, '', 'plain', '2020-02-19', '2020-02-19 08:49:49', '15:49:49', NULL, NULL, 'No', 1, 9, 1, 3, 2, 'Live', '[]'),
(71, '1', '000071', 2, 36000.00, 36000.00, 0.00, 0.00, 0.00, NULL, NULL, 0.00, 36000.00, NULL, '17:25:16', NULL, 0.00, 36000.00, 0.00, 0.00, 0.00, 0, '', 'plain', '2020-02-19', '2020-02-19 10:24:58', '17:24:58', NULL, '2020-02-19 15:56:07', 'Yes', 1, 9, 1, 3, 1, 'Live', '[]'),
(72, '2', '000072', 4, 74000.00, 74000.00, 0.00, 75000.00, 1000.00, NULL, NULL, 0.00, 74000.00, NULL, '17:02:31', NULL, 0.00, 74000.00, 0.00, 0.00, 0.00, 0, '', 'plain', '2020-02-19', '2020-02-19 08:54:12', '15:54:12', NULL, '2020-02-19 15:57:18', 'No', 1, 4, 1, 3, 2, 'Live', '[]'),
(73, '4', '000073', 6, 79000.00, 79000.00, 0.00, 0.00, 0.00, NULL, NULL, 0.00, 79000.00, NULL, '13:48:34', NULL, 0.00, 79000.00, 0.00, 0.00, 0.00, 0, '', 'plain', '2020-02-19', '2020-02-19 09:00:35', '16:00:35', '2020-02-19 16:01:00', '2020-02-19 16:17:26', 'No', 1, 9, 1, 3, 2, 'Live', '[]'),
(74, '2', '000074', 2, 15000.00, 15000.00, 0.00, 0.00, 0.00, NULL, NULL, 0.00, 15000.00, NULL, '15:42:40', NULL, 0.00, 15000.00, 0.00, 0.00, 0.00, 0, '', 'plain', '2020-02-19', '2020-02-19 09:02:44', '16:02:44', NULL, '2020-02-19 16:11:49', 'No', 1, 9, 1, 3, 2, 'Live', '[]'),
(75, '4', '000075', 5, 87000.00, 87000.00, 0.00, 0.00, 0.00, NULL, NULL, 0.00, 87000.00, NULL, '16:04:48', NULL, 0.00, 87000.00, 0.00, 0.00, 0.00, 0, '', 'plain', '2020-02-19', '2020-02-19 09:03:57', '16:03:57', '2020-02-19 16:04:12', '2020-02-19 16:17:29', 'No', 1, 9, 1, 3, 2, 'Live', '[]'),
(76, '2', '000076', 6, 97000.00, 97000.00, 0.00, 0.00, 0.00, NULL, NULL, 0.00, 97000.00, NULL, '16:47:55', NULL, 0.00, 97000.00, 0.00, 0.00, 0.00, 0, '', 'plain', '2020-02-19', '2020-02-19 09:06:49', '16:06:49', '2020-02-19 16:07:04', '2020-02-19 16:09:11', 'No', 1, 9, 1, 3, 2, 'Live', '[]'),
(77, '1', '000077', 8, 110000.00, 110000.00, 0.00, 0.00, 0.00, NULL, NULL, 0.00, 110000.00, NULL, '16:06:30', NULL, 0.00, 110000.00, 0.00, 0.00, 0.00, 0, '', 'plain', '2020-02-19', '2020-02-19 09:09:32', '16:09:32', NULL, '2020-02-19 16:10:38', 'No', 1, 9, 1, 3, 2, 'Live', '[]'),
(78, '1', '000078', 9, 125000.00, 125000.00, 0.00, 0.00, 0.00, NULL, NULL, 0.00, 125000.00, NULL, '16:49:34', NULL, 0.00, 125000.00, 0.00, 0.00, 0.00, 0, '', 'plain', '2020-02-19', '2020-02-19 10:01:54', '17:01:54', '2020-02-19 17:25:41', '2020-02-20 14:28:45', 'No', 1, 4, 1, 3, 2, 'Live', '[]'),
(79, '1', '000079', 6, 97000.00, 97000.00, 0.00, 0.00, 0.00, NULL, NULL, 0.00, 97000.00, NULL, '16:24:07', NULL, 0.00, 97000.00, 0.00, 0.00, 0.00, 0, '', 'plain', '2020-02-19', '2020-02-19 10:12:03', '17:12:03', '2020-02-20 11:17:56', '2020-02-20 14:28:47', 'No', 1, 0, 1, 3, 2, 'Live', '[]'),
(80, '1', '000080', 2, 15000.00, 15000.00, 0.00, 0.00, 0.00, NULL, NULL, 0.00, 15000.00, NULL, '16:50:11', NULL, 0.00, 15000.00, 0.00, 0.00, 0.00, 0, '', 'plain', '2020-02-19', '2020-02-19 10:13:30', '17:13:30', NULL, '2020-02-20 14:28:50', 'No', 1, 4, 1, 3, 2, 'Live', '[]'),
(81, '3', '000081', 2, 41000.00, 41000.00, 0.00, 0.00, 0.00, NULL, NULL, 0.00, 41000.00, NULL, '16:54:07', NULL, 0.00, 41000.00, 0.00, 0.00, 0.00, 0, '', 'plain', '2020-02-19', '2020-02-19 10:24:07', '17:24:07', NULL, '2020-02-19 17:26:33', 'No', 1, 9, 1, 3, 1, 'Live', '[]'),
(82, '1', '000082', 6, 97000.00, 97000.00, 0.00, 0.00, 0.00, NULL, NULL, 0.00, 97000.00, NULL, '16:56:12', NULL, 0.00, 97000.00, 0.00, 0.00, 0.00, 0, '', 'plain', '2020-02-19', '2020-02-19 10:31:32', '17:31:32', NULL, '2020-02-20 14:29:12', 'No', 1, 0, 1, 3, 2, 'Live', '[]'),
(83, '1', '000083', 2, 15000.00, 15000.00, 0.00, 0.00, 0.00, NULL, NULL, 0.00, 15000.00, NULL, '17:00:13', NULL, 0.00, 15000.00, 0.00, 0.00, 0.00, 0, '', 'plain', '2020-02-19', '2020-02-19 10:42:47', '17:42:47', NULL, '2020-02-20 14:29:15', 'No', 1, 1, 1, 3, 2, 'Live', '[]'),
(84, '1', '000084', 9, 125000.00, 125000.00, 0.00, 150000.00, 25000.00, NULL, NULL, 0.00, 125000.00, NULL, '17:51:47', NULL, 0.00, 125000.00, 0.00, 0.00, 0.00, 0, '', 'plain', '2020-02-19', '2020-02-19 10:51:18', '17:51:18', NULL, NULL, 'No', 10, 10, 1, 3, 2, 'Live', '[]'),
(85, '1', '000085', 9, 125000.00, 125000.00, 0.00, 0.00, 0.00, NULL, NULL, 0.00, 125000.00, NULL, '17:08:24', NULL, 0.00, 125000.00, 0.00, 0.00, 0.00, 0, '', 'plain', '2020-02-19', '2020-02-19 11:02:56', '18:02:56', NULL, '2020-02-20 14:28:53', 'No', 10, 10, 1, 3, 2, 'Live', '[]'),
(86, '1', '000086', 9, 125000.00, 125000.00, 0.00, 0.00, 0.00, NULL, NULL, 0.00, 125000.00, NULL, '17:07:37', NULL, 0.00, 125000.00, 0.00, 0.00, 0.00, 0, '', 'plain', '2020-02-19', '2020-02-19 11:03:26', '18:03:26', NULL, '2020-02-20 14:28:57', 'No', 10, 10, 1, 3, 2, 'Live', '[]'),
(87, '1', '000087', 9, 125000.00, 125000.00, 0.00, 0.00, 0.00, NULL, NULL, 0.00, 125000.00, NULL, '17:00:29', NULL, 0.00, 125000.00, 0.00, 0.00, 0.00, 0, '', 'plain', '2020-02-19', '2020-02-19 11:05:52', '18:05:52', NULL, '2020-02-20 14:29:00', 'No', 10, 1, 1, 3, 2, 'Live', '[]'),
(88, '1', '000088', 9, 125000.00, 125000.00, 0.00, 0.00, 0.00, NULL, NULL, 0.00, 125000.00, NULL, '17:09:50', NULL, 0.00, 125000.00, 0.00, 0.00, 0.00, 0, '', 'plain', '2020-02-20', '2020-02-20 05:21:07', '12:21:07', NULL, '2020-02-20 14:29:03', 'No', 1, 1, 1, 3, 2, 'Live', '[]'),
(89, '1', '000089', 9, 125000.00, 125000.00, 0.00, 150000.00, 25000.00, NULL, NULL, 0.00, 125000.00, NULL, '15:36:13', NULL, 0.00, 125000.00, 0.00, 0.00, 0.00, 0, '', 'plain', '2020-02-20', '2020-02-20 05:22:06', '12:22:06', '2020-02-20 12:30:12', '2020-02-20 14:29:17', 'No', 1, 0, 1, 3, 2, 'Live', '[]'),
(90, '1', '000090', 9, 125000.00, 125000.00, 0.00, 0.00, 0.00, NULL, NULL, 0.00, 125000.00, NULL, '17:12:15', NULL, 0.00, 125000.00, 0.00, 0.00, 0.00, 0, '', 'plain', '2020-02-20', '2020-02-20 05:23:07', '12:23:07', '2020-02-20 12:31:12', '2020-02-20 14:29:23', 'No', 1, 1, 1, 3, 2, 'Live', '[]'),
(91, '1', '000091', 9, 125000.00, 125000.00, 0.00, 150000.00, 25000.00, NULL, NULL, 0.00, 125000.00, NULL, '12:37:45', NULL, 0.00, 125000.00, 0.00, 0.00, 0.00, 0, '', 'plain', '2020-02-20', '2020-02-20 05:28:56', '12:28:56', '2020-02-20 12:31:52', '2020-02-20 12:31:54', 'No', 1, 1, 1, 3, 2, 'Live', '[]'),
(92, '1', '000092', 9, 125000.00, 125000.00, 0.00, 130000.00, 5000.00, NULL, NULL, 0.00, 125000.00, NULL, '17:13:21', NULL, 0.00, 125000.00, 0.00, 0.00, 0.00, 0, '', 'plain', '2020-02-20', '2020-02-20 05:29:36', '12:29:36', '2020-02-20 13:29:34', '2020-02-20 14:29:26', 'No', 1, 1, 1, 3, 2, 'Live', '[]'),
(93, '1', '000093', 9, 119000.00, 119000.00, 0.00, 0.00, 0.00, NULL, NULL, 0.00, 119000.00, NULL, '17:14:08', NULL, 0.00, 119000.00, 0.00, 0.00, 0.00, 0, '', 'plain', '2020-02-20', '2020-02-20 05:29:50', '12:29:50', '2020-02-20 13:29:50', '2020-02-20 14:29:28', 'No', 1, 1, 1, 3, 2, 'Live', '[]'),
(94, '1', '000094', 10, 130000.00, 130000.00, 0.00, 0.00, 0.00, NULL, NULL, 0.00, 130000.00, NULL, '17:17:17', NULL, 0.00, 130000.00, 0.00, 0.00, 0.00, 0, '', 'plain', '2020-02-20', '2020-02-20 06:32:06', '13:32:06', '2020-02-20 13:38:37', '2020-02-20 14:29:30', 'No', 1, 1, 1, 3, 2, 'Live', '[]'),
(95, '1', '000095', 9, 131000.00, 131000.00, 0.00, 0.00, -131000.00, NULL, NULL, 0.00, 131000.00, NULL, '16:00:05', NULL, 0.00, 131000.00, 0.00, 0.00, 0.00, 0, '', 'plain', '2020-02-20', '2020-02-20 06:42:59', '13:42:59', '2020-02-20 13:45:35', '2020-02-20 14:29:33', 'No', 1, 1, 1, 3, 2, 'Live', '[]'),
(96, '1', '000096', 9, 125000.00, 125000.00, NULL, NULL, NULL, NULL, NULL, 0.00, 125000.00, 3, '14:06:08', NULL, 0.00, 125000.00, 0.00, 0.00, 0.00, 0, '', 'plain', '2020-02-20', '2020-02-20 07:06:08', '14:06:08', NULL, NULL, 'No', 1, 1, 1, 3, 2, 'Live', '[]'),
(97, '1', '000097', 9, 255000.00, 255000.00, 0.00, 300000.00, 45000.00, NULL, NULL, 0.00, 255000.00, NULL, '16:38:00', NULL, 0.00, 255000.00, 0.00, 0.00, 0.00, 0, '', 'plain', '2020-02-20', '2020-02-20 07:08:36', '14:08:36', '2020-02-21 08:12:47', '2020-02-20 14:29:43', 'No', 1, 1, 1, 3, 2, 'Live', '[]'),
(98, '1', '000098', 5, 49000.00, 49000.00, 0.00, 50000.00, 1000.00, NULL, NULL, 0.00, 49000.00, NULL, '16:40:23', NULL, 0.00, 49000.00, 0.00, 0.00, 0.00, 0, '', 'plain', '2020-02-20', '2020-02-20 07:12:24', '14:12:24', NULL, '2020-02-20 14:29:45', 'No', 1, 1, 1, 3, 2, 'Live', '[]'),
(99, '1', '000099', 9, 125000.00, 125000.00, NULL, NULL, NULL, NULL, NULL, 0.00, 125000.00, 3, '14:12:51', NULL, 0.00, 125000.00, 0.00, 0.00, 0.00, 0, '', 'plain', '2020-02-20', '2020-02-20 07:12:50', '14:12:50', NULL, NULL, 'No', 1, 1, 1, 3, 2, 'Live', '[]'),
(100, '1', '000100', 9, 125000.00, 125000.00, NULL, NULL, NULL, NULL, NULL, 0.00, 125000.00, 3, '14:13:36', NULL, 0.00, 125000.00, 0.00, 0.00, 0.00, 0, '', 'plain', '2020-02-20', '2020-02-20 07:13:36', '14:13:36', NULL, NULL, 'No', 1, 1, 1, 3, 2, 'Live', '[]'),
(101, '1', '000101', 9, 125000.00, 125000.00, NULL, NULL, NULL, NULL, NULL, 0.00, 125000.00, 3, '14:14:40', NULL, 0.00, 125000.00, 0.00, 0.00, 0.00, 0, '', 'plain', '2020-02-20', '2020-02-20 07:14:40', '14:14:40', NULL, NULL, 'No', 1, 1, 1, 3, 2, 'Live', '[]'),
(102, '1', '000102', 9, 125000.00, 125000.00, 0.00, 130000.00, 5000.00, NULL, NULL, 0.00, 125000.00, NULL, '15:34:58', NULL, 0.00, 125000.00, 0.00, 0.00, 0.00, 0, '', 'plain', '2020-02-20', '2020-02-20 07:25:01', '14:25:01', NULL, '2020-02-20 14:29:48', 'No', 1, 1, 1, 3, 2, 'Live', '[]'),
(103, '1', '000103', 8, 110000.00, 110000.00, 0.00, 120000.00, 10000.00, NULL, NULL, 0.00, 110000.00, NULL, '15:34:36', NULL, 0.00, 110000.00, 0.00, 0.00, 0.00, 0, '', 'plain', '2020-02-20', '2020-02-20 07:35:55', '14:35:55', NULL, NULL, 'No', 1, 10, 1, 3, 2, 'Live', '[]'),
(104, '3', '000104', 2, 35000.00, 35000.00, 0.00, 35000.00, -31500.00, NULL, NULL, 0.00, 35000.00, NULL, '16:41:12', NULL, 0.00, 35000.00, 0.00, 0.00, 0.00, 0, '', 'plain', '2020-02-21', '2020-02-21 09:10:24', '16:10:24', NULL, '2020-02-20 18:50:17', 'Yes', 1, 1, 1, 3, 1, 'Live', '[]'),
(105, '2', '000105', 3, 33000.00, 33000.00, 0.00, 350000.00, 317000.00, NULL, NULL, 0.00, 33000.00, NULL, '16:39:15', NULL, 0.00, 33000.00, 0.00, 0.00, 0.00, 0, '', 'plain', '2020-02-20', '2020-02-20 11:51:11', '18:51:11', NULL, '2020-02-21 08:12:17', 'No', 1, 1, 1, 3, 2, 'Live', '[]'),
(106, '3', '000106', 3, 45000.00, 45000.00, 0.00, 45000.00, 0.00, NULL, NULL, 0.00, 45000.00, NULL, '16:42:13', NULL, 0.00, 45000.00, 0.00, 0.00, 0.00, 0, '', 'plain', '2020-02-21', '2020-02-21 06:54:15', '13:54:15', NULL, '2020-02-21 15:56:54', 'No', 1, 1, 1, 3, 1, 'Live', '[]'),
(107, '', '000107', 0, 0.00, NULL, NULL, NULL, NULL, NULL, NULL, 0.00, 0.00, 3, '15:39:17', NULL, 0.00, 0.00, 0.00, 0.00, 0.00, 0, '', '', '2020-02-21', '2020-02-21 08:39:17', '15:39:17', NULL, NULL, 'No', 1, 0, 1, 3, 0, 'Live', 'null'),
(108, '', '000108', 0, 0.00, NULL, NULL, NULL, NULL, NULL, NULL, 0.00, 0.00, 3, '15:39:24', NULL, 0.00, 0.00, 0.00, 0.00, 0.00, 0, '', '', '2020-02-21', '2020-02-21 08:39:24', '15:39:24', NULL, NULL, 'No', 1, 0, 1, 3, 0, 'Live', 'null'),
(109, '', '000109', 0, 0.00, NULL, NULL, NULL, NULL, NULL, NULL, 0.00, 0.00, NULL, '00:00:00', NULL, 0.00, 0.00, 0.00, 0.00, 0.00, 0, '', '', '2020-02-21', '2020-02-21 08:39:25', '15:39:25', NULL, NULL, 'No', 1, 0, 1, 0, 0, 'Live', 'null'),
(110, '', '000110', 0, 0.00, NULL, NULL, NULL, NULL, NULL, NULL, 0.00, 0.00, NULL, '00:00:00', NULL, 0.00, 0.00, 0.00, 0.00, 0.00, 0, '', '', '2020-02-21', '2020-02-21 08:39:30', '15:39:30', NULL, NULL, 'No', 1, 0, 1, 0, 0, 'Live', 'null'),
(111, '3', '000111', 2, 15000.00, 14260.00, NULL, NULL, NULL, NULL, NULL, 0.00, 14260.00, 3, '15:40:39', NULL, 0.00, 13500.00, 1500.00, 0.00, 1500.00, 0, '10%', 'percentage', '2020-02-21', '2020-02-21 08:40:39', '15:40:39', NULL, NULL, 'No', 1, 1, 1, 3, 2, 'Live', '[]'),
(112, '3', '000112', 10, 140000.00, 147010.00, 0.00, 150000.00, 2990.00, NULL, NULL, 0.00, 147010.00, NULL, '16:42:56', NULL, 0.00, 140000.00, 0.00, 0.00, 14000.00, 0, '', 'plain', '2020-02-21', '2020-02-21 08:55:13', '15:55:13', NULL, '2020-02-22 15:10:57', 'No', 1, 1, 1, 3, 1, 'Live', '[]'),
(113, '4', '000113', 2, 84000.00, 84000.00, 0.00, 84000.00, 0.00, NULL, NULL, 0.00, 84000.00, NULL, '16:43:30', NULL, 0.00, 84000.00, 0.00, 0.00, 0.00, 0, '', 'plain', '2020-02-22', '2020-02-22 08:10:00', '15:10:00', NULL, NULL, 'No', 1, 1, 1, 3, 2, 'Live', '[]'),
(114, '1', '000114', 2, 20000.00, 20010.00, 0.00, 20010.00, 0.00, NULL, NULL, 0.00, 20010.00, NULL, '16:44:28', NULL, 0.00, 20000.00, 0.00, 0.00, 10.00, 0, '', 'plain', '2020-02-22', '2020-02-22 08:11:24', '15:11:24', NULL, NULL, 'No', 1, 1, 1, 3, 2, 'Live', '[]'),
(115, '2', '000115', 1, 4000.00, 4000.00, 0.00, 4000.00, 0.00, NULL, NULL, 0.00, 4000.00, NULL, '16:44:51', NULL, 1000.00, 4000.00, 0.00, 0.00, 0.00, 0, '', 'plain', '2020-02-22', '2020-02-22 08:30:29', '15:30:29', NULL, NULL, 'No', 1, 1, 1, 3, 1, 'Live', '[]'),
(116, '', '000116', 0, 0.00, NULL, NULL, NULL, NULL, NULL, NULL, 0.00, 0.00, NULL, '00:00:00', NULL, 0.00, 0.00, 0.00, 0.00, 0.00, 0, '', '', '2020-02-22', '2020-02-22 09:46:26', '16:46:26', NULL, NULL, 'No', 1, 0, 1, 0, 0, 'Live', 'null'),
(117, '', '000117', 0, 0.00, NULL, NULL, NULL, NULL, NULL, NULL, 0.00, 0.00, NULL, '00:00:00', NULL, 0.00, 0.00, 0.00, 0.00, 0.00, 0, '', '', '2020-02-22', '2020-02-22 09:46:28', '16:46:28', NULL, NULL, 'No', 1, 0, 1, 0, 0, 'Live', 'null'),
(118, '', '000118', 0, 0.00, NULL, NULL, NULL, NULL, NULL, NULL, 0.00, 0.00, NULL, '00:00:00', NULL, 0.00, 0.00, 0.00, 0.00, 0.00, 0, '', '', '2020-02-22', '2020-02-22 09:46:30', '16:46:30', NULL, NULL, 'No', 1, 0, 1, 0, 0, 'Live', 'null'),
(119, '', '000119', 0, 0.00, NULL, NULL, NULL, NULL, NULL, NULL, 0.00, 0.00, NULL, '00:00:00', NULL, 0.00, 0.00, 0.00, 0.00, 0.00, 0, '', '', '2020-02-22', '2020-02-22 09:46:33', '16:46:33', NULL, NULL, 'No', 1, 0, 1, 0, 0, 'Live', 'null'),
(120, '', '000120', 0, 0.00, NULL, NULL, NULL, NULL, NULL, NULL, 0.00, 0.00, NULL, '00:00:00', NULL, 0.00, 0.00, 0.00, 0.00, 0.00, 0, '', '', '2020-02-22', '2020-02-22 09:46:41', '16:46:41', NULL, NULL, 'No', 1, 0, 1, 0, 0, 'Live', 'null'),
(121, '', '000121', 0, 0.00, NULL, NULL, NULL, NULL, NULL, NULL, 0.00, 0.00, NULL, '00:00:00', NULL, 0.00, 0.00, 0.00, 0.00, 0.00, 0, '', '', '2020-02-22', '2020-02-22 09:47:20', '16:47:20', NULL, NULL, 'No', 1, 0, 1, 0, 0, 'Live', 'null'),
(122, '', '000122', 0, 0.00, NULL, NULL, NULL, NULL, NULL, NULL, 0.00, 0.00, NULL, '00:00:00', NULL, 0.00, 0.00, 0.00, 0.00, 0.00, 0, '', '', '2020-02-22', '2020-02-22 09:47:22', '16:47:22', NULL, NULL, 'No', 1, 0, 1, 0, 0, 'Live', 'null'),
(123, '', '000123', 0, 0.00, NULL, NULL, NULL, NULL, NULL, NULL, 0.00, 0.00, NULL, '00:00:00', NULL, 0.00, 0.00, 0.00, 0.00, 0.00, 0, '', '', '2020-02-22', '2020-02-22 09:47:25', '16:47:25', NULL, NULL, 'No', 1, 0, 1, 0, 0, 'Live', 'null'),
(124, '', '000124', 0, 0.00, NULL, NULL, NULL, NULL, NULL, NULL, 0.00, 0.00, NULL, '00:00:00', NULL, 0.00, 0.00, 0.00, 0.00, 0.00, 0, '', '', '2020-02-22', '2020-02-22 09:47:26', '16:47:26', NULL, NULL, 'No', 1, 0, 1, 0, 0, 'Live', 'null'),
(128, '', '000128', 0, 0.00, NULL, NULL, NULL, NULL, NULL, NULL, 0.00, 0.00, NULL, '00:00:00', NULL, 0.00, 0.00, 0.00, 0.00, 0.00, 0, '', '', '2020-02-22', '2020-02-22 09:48:37', '16:48:37', NULL, NULL, 'No', 1, 0, 1, 0, 0, 'Live', 'null'),
(129, '', '000129', 0, 0.00, NULL, NULL, NULL, NULL, NULL, NULL, 0.00, 0.00, NULL, '00:00:00', NULL, 0.00, 0.00, 0.00, 0.00, 0.00, 0, '', '', '2020-02-22', '2020-02-22 09:48:39', '16:48:39', NULL, NULL, 'No', 1, 0, 1, 0, 0, 'Live', 'null'),
(130, '', '000130', 0, 0.00, NULL, NULL, NULL, NULL, NULL, NULL, 0.00, 0.00, NULL, '00:00:00', NULL, 0.00, 0.00, 0.00, 0.00, 0.00, 0, '', '', '2020-02-22', '2020-02-22 09:48:40', '16:48:40', NULL, NULL, 'No', 1, 0, 1, 0, 0, 'Live', 'null'),
(131, '', '000131', 0, 0.00, NULL, NULL, NULL, NULL, NULL, NULL, 0.00, 0.00, NULL, '00:00:00', NULL, 0.00, 0.00, 0.00, 0.00, 0.00, 0, '', '', '2020-02-22', '2020-02-22 09:48:53', '16:48:53', NULL, NULL, 'No', 1, 0, 1, 0, 0, 'Live', 'null'),
(132, '', '000132', 0, 0.00, NULL, NULL, NULL, NULL, NULL, NULL, 0.00, 0.00, NULL, '00:00:00', NULL, 0.00, 0.00, 0.00, 0.00, 0.00, 0, '', '', '2020-02-22', '2020-02-22 09:48:58', '16:48:58', NULL, NULL, 'No', 1, 0, 1, 0, 0, 'Live', 'null'),
(134, '', '000134', 0, 0.00, NULL, NULL, NULL, NULL, NULL, NULL, 0.00, 0.00, NULL, '00:00:00', NULL, 0.00, 0.00, 0.00, 0.00, 0.00, 0, '', '', '2020-02-22', '2020-02-22 09:49:21', '16:49:21', NULL, NULL, 'No', 1, 0, 1, 0, 0, 'Live', 'null'),
(135, '', '000135', 0, 0.00, NULL, NULL, NULL, NULL, NULL, NULL, 0.00, 0.00, NULL, '00:00:00', NULL, 0.00, 0.00, 0.00, 0.00, 0.00, 0, '', '', '2020-02-22', '2020-02-22 09:49:52', '16:49:52', NULL, NULL, 'No', 1, 0, 1, 0, 0, 'Live', 'null'),
(136, '', '000136', 0, 0.00, NULL, NULL, NULL, NULL, NULL, NULL, 0.00, 0.00, NULL, '00:00:00', NULL, 0.00, 0.00, 0.00, 0.00, 0.00, 0, '', '', '2020-02-22', '2020-02-22 09:49:53', '16:49:53', NULL, NULL, 'No', 1, 0, 1, 0, 0, 'Live', 'null'),
(137, '', '000137', 0, 0.00, NULL, NULL, NULL, NULL, NULL, NULL, 0.00, 0.00, NULL, '00:00:00', NULL, 0.00, 0.00, 0.00, 0.00, 0.00, 0, '', '', '2020-02-22', '2020-02-22 09:49:53', '16:49:53', NULL, NULL, 'No', 1, 0, 1, 0, 0, 'Live', 'null'),
(138, '', '000138', 0, 0.00, NULL, NULL, NULL, NULL, NULL, NULL, 0.00, 0.00, NULL, '00:00:00', NULL, 0.00, 0.00, 0.00, 0.00, 0.00, 0, '', '', '2020-02-22', '2020-02-22 09:49:54', '16:49:54', NULL, NULL, 'No', 1, 0, 1, 0, 0, 'Live', 'null'),
(139, '', '000139', 0, 0.00, NULL, NULL, NULL, NULL, NULL, NULL, 0.00, 0.00, NULL, '00:00:00', NULL, 0.00, 0.00, 0.00, 0.00, 0.00, 0, '', '', '2020-02-22', '2020-02-22 09:49:54', '16:49:54', NULL, NULL, 'No', 1, 0, 1, 0, 0, 'Live', 'null'),
(140, '', '000140', 0, 0.00, NULL, NULL, NULL, NULL, NULL, NULL, 0.00, 0.00, NULL, '00:00:00', NULL, 0.00, 0.00, 0.00, 0.00, 0.00, 0, '', '', '2020-02-22', '2020-02-22 09:49:54', '16:49:54', NULL, NULL, 'No', 1, 0, 1, 0, 0, 'Live', 'null'),
(141, '', '000141', 0, 0.00, NULL, NULL, NULL, NULL, NULL, NULL, 0.00, 0.00, NULL, '00:00:00', NULL, 0.00, 0.00, 0.00, 0.00, 0.00, 0, '', '', '2020-02-22', '2020-02-22 09:49:54', '16:49:54', NULL, NULL, 'No', 1, 0, 1, 0, 0, 'Live', 'null'),
(142, '', '000142', 0, 0.00, NULL, NULL, NULL, NULL, NULL, NULL, 0.00, 0.00, NULL, '00:00:00', NULL, 0.00, 0.00, 0.00, 0.00, 0.00, 0, '', '', '2020-02-22', '2020-02-22 09:49:55', '16:49:55', NULL, NULL, 'No', 1, 0, 1, 0, 0, 'Live', 'null'),
(144, '', '000144', 0, 0.00, NULL, NULL, NULL, NULL, NULL, NULL, 0.00, 0.00, NULL, '00:00:00', NULL, 0.00, 0.00, 0.00, 0.00, 0.00, 0, '', '', '2020-02-22', '2020-02-22 09:50:53', '16:50:53', NULL, NULL, 'No', 1, 0, 1, 0, 0, 'Live', 'null'),
(145, '', '000145', 0, 0.00, NULL, NULL, NULL, NULL, NULL, NULL, 0.00, 0.00, NULL, '00:00:00', NULL, 0.00, 0.00, 0.00, 0.00, 0.00, 0, '', '', '2020-02-22', '2020-02-22 09:51:06', '16:51:06', NULL, NULL, 'No', 1, 0, 1, 0, 0, 'Live', 'null'),
(146, '', '000146', 0, 0.00, NULL, NULL, NULL, NULL, NULL, NULL, 0.00, 0.00, NULL, '00:00:00', NULL, 0.00, 0.00, 0.00, 0.00, 0.00, 0, '', '', '2020-02-22', '2020-02-22 09:51:08', '16:51:08', NULL, NULL, 'No', 1, 0, 1, 0, 0, 'Live', 'null'),
(147, '', '000147', 0, 0.00, NULL, NULL, NULL, NULL, NULL, NULL, 0.00, 0.00, NULL, '00:00:00', NULL, 0.00, 0.00, 0.00, 0.00, 0.00, 0, '', '', '2020-02-22', '2020-02-22 09:51:09', '16:51:09', NULL, NULL, 'No', 1, 0, 1, 0, 0, 'Live', 'null'),
(148, '', '000148', 0, 0.00, NULL, NULL, NULL, NULL, NULL, NULL, 0.00, 0.00, NULL, '00:00:00', NULL, 0.00, 0.00, 0.00, 0.00, 0.00, 0, '', '', '2020-02-22', '2020-02-22 09:59:16', '16:59:16', NULL, NULL, 'No', 1, 0, 1, 0, 0, 'Live', 'null'),
(149, '', '000149', 0, 0.00, NULL, NULL, NULL, NULL, NULL, NULL, 0.00, 0.00, NULL, '00:00:00', NULL, 0.00, 0.00, 0.00, 0.00, 0.00, 0, '', '', '2020-02-22', '2020-02-22 09:59:19', '16:59:19', NULL, NULL, 'No', 1, 0, 1, 0, 0, 'Live', 'null'),
(150, '', '000150', 0, 0.00, NULL, NULL, NULL, NULL, NULL, NULL, 0.00, 0.00, NULL, '00:00:00', NULL, 0.00, 0.00, 0.00, 0.00, 0.00, 0, '', '', '2020-02-22', '2020-02-22 09:59:21', '16:59:21', NULL, NULL, 'No', 1, 0, 1, 0, 0, 'Live', 'null'),
(152, '', '000152', 0, 0.00, NULL, NULL, NULL, NULL, NULL, NULL, 0.00, 0.00, NULL, '00:00:00', NULL, 0.00, 0.00, 0.00, 0.00, 0.00, 0, '', '', '2020-02-22', '2020-02-22 10:02:03', '17:02:03', NULL, NULL, 'No', 1, 0, 1, 0, 0, 'Live', 'null'),
(153, '', '000153', 0, 0.00, NULL, NULL, NULL, NULL, NULL, NULL, 0.00, 0.00, NULL, '00:00:00', NULL, 0.00, 0.00, 0.00, 0.00, 0.00, 0, '', '', '2020-02-22', '2020-02-22 10:02:10', '17:02:10', NULL, NULL, 'No', 1, 0, 1, 0, 0, 'Live', 'null'),
(155, '1', '000155', 1, -25000.00, 5260.00, 0.00, 5000.00, -260.00, NULL, NULL, 0.00, 5260.00, NULL, '11:51:44', NULL, 30000.00, 5000.00, 0.00, 0.00, -2500.00, 0, '', 'plain', '2020-02-22', '2020-02-22 10:05:23', '17:05:23', NULL, '2020-02-22 17:43:13', 'No', 1, 1, 1, 3, 2, 'Live', '[]'),
(156, '1', '000156', 1, 45000.00, 45000.00, 0.00, 0.00, 0.00, NULL, NULL, 0.00, 45000.00, NULL, '12:14:28', NULL, 0.00, 45000.00, 0.00, 0.00, 0.00, 0, '', 'plain', '2020-02-22', '2020-02-22 10:13:29', '17:13:29', NULL, '2020-02-23 23:59:45', 'No', 1, 1, 1, 3, 2, 'Live', '[]'),
(157, '2', '000157', 1, 15000.00, 15000.00, 0.00, 0.00, 0.00, NULL, NULL, 0.00, 15000.00, 6, '12:22:10', NULL, 30000.00, 15000.00, 0.00, 0.00, 0.00, 0, '', 'plain', '2020-02-22', '2020-02-22 10:21:18', '17:21:18', NULL, NULL, 'No', 1, 1, 1, 3, 2, 'Live', '[]'),
(158, '1', '000158', 1, -20000.00, 10000.00, 0.00, 0.00, 0.00, NULL, NULL, 0.00, 10000.00, 6, '13:50:17', NULL, 30000.00, 10000.00, 0.00, 0.00, 0.00, 0, '', 'plain', '2020-02-22', '2020-02-22 10:31:52', '17:31:52', NULL, NULL, 'No', 1, 1, 1, 3, 2, 'Live', '[]'),
(159, '1', '000159', 6, 92000.00, 96610.00, 0.00, 0.00, -96610.00, NULL, NULL, 0.00, 96610.00, 6, '13:52:38', NULL, 0.00, 92000.00, 0.00, 0.00, 9200.00, 0, '', 'plain', '2020-02-22', '2020-02-22 10:41:19', '17:41:19', '2020-02-22 17:42:09', '2020-02-23 23:28:57', 'No', 1, 1, 1, 3, 2, 'Live', '[]'),
(160, '1', '000160', 1, 16000.00, 16810.00, 0.00, 0.00, 0.00, NULL, NULL, 0.00, 16810.00, 6, '13:53:23', NULL, 0.00, 16000.00, 0.00, 0.00, 1600.00, 0, '', 'plain', '2020-02-22', '2020-02-22 10:46:58', '17:46:58', '2020-02-22 17:47:15', '2020-02-22 17:47:24', 'No', 1, 1, 1, 3, 2, 'Live', '[]'),
(161, '', '000161', 0, 0.00, NULL, NULL, NULL, NULL, NULL, NULL, 0.00, 0.00, NULL, '00:00:00', NULL, 0.00, 0.00, 0.00, 0.00, 0.00, 0, '', '', '2020-02-22', '2020-02-22 10:57:49', '17:57:49', NULL, NULL, 'No', 1, 0, 1, 0, 0, 'Live', 'null'),
(162, '', '000162', 0, 0.00, NULL, NULL, NULL, NULL, NULL, NULL, 0.00, 0.00, NULL, '00:00:00', NULL, 0.00, 0.00, 0.00, 0.00, 0.00, 0, '', '', '2020-02-22', '2020-02-22 10:58:38', '17:58:38', NULL, NULL, 'No', 1, 0, 1, 0, 0, 'Live', 'null'),
(163, '', '000163', 0, 0.00, NULL, NULL, NULL, NULL, NULL, NULL, 0.00, 0.00, NULL, '00:00:00', NULL, 0.00, 0.00, 0.00, 0.00, 0.00, 0, '', '', '2020-02-22', '2020-02-22 10:59:00', '17:59:00', NULL, NULL, 'No', 1, 0, 1, 0, 0, 'Live', 'null'),
(164, '', '000164', 0, 0.00, NULL, NULL, NULL, NULL, NULL, NULL, 0.00, 0.00, NULL, '00:00:00', NULL, 0.00, 0.00, 0.00, 0.00, 0.00, 0, '', '', '2020-02-22', '2020-02-22 10:59:09', '17:59:09', NULL, NULL, 'No', 1, 0, 1, 0, 0, 'Live', 'null'),
(165, '', '000165', 0, 0.00, NULL, NULL, NULL, NULL, NULL, NULL, 0.00, 0.00, NULL, '00:00:00', NULL, 0.00, 0.00, 0.00, 0.00, 0.00, 0, '', '', '2020-02-22', '2020-02-22 10:59:09', '17:59:09', NULL, NULL, 'No', 1, 0, 1, 0, 0, 'Live', 'null'),
(166, '', '000166', 0, 0.00, NULL, NULL, NULL, NULL, NULL, NULL, 0.00, 0.00, NULL, '00:00:00', NULL, 0.00, 0.00, 0.00, 0.00, 0.00, 0, '', '', '2020-02-22', '2020-02-22 10:59:10', '17:59:10', NULL, NULL, 'No', 1, 0, 1, 0, 0, 'Live', 'null'),
(167, '', '000167', 0, 0.00, NULL, NULL, NULL, NULL, NULL, NULL, 0.00, 0.00, NULL, '00:00:00', NULL, 0.00, 0.00, 0.00, 0.00, 0.00, 0, '', '', '2020-02-22', '2020-02-22 10:59:10', '17:59:10', NULL, NULL, 'No', 1, 0, 1, 0, 0, 'Live', 'null'),
(168, '', '000168', 0, 0.00, NULL, NULL, NULL, NULL, NULL, NULL, 0.00, 0.00, NULL, '00:00:00', NULL, 0.00, 0.00, 0.00, 0.00, 0.00, 0, '', '', '2020-02-22', '2020-02-22 10:59:14', '17:59:14', NULL, NULL, 'No', 1, 0, 1, 0, 0, 'Live', 'null'),
(169, '', '000169', 0, 0.00, NULL, NULL, NULL, NULL, NULL, NULL, 0.00, 0.00, NULL, '00:00:00', NULL, 0.00, 0.00, 0.00, 0.00, 0.00, 0, '', '', '2020-02-22', '2020-02-22 10:59:54', '17:59:54', NULL, NULL, 'No', 1, 0, 1, 0, 0, 'Live', 'null'),
(170, '', '000170', 0, 0.00, NULL, NULL, NULL, NULL, NULL, NULL, 0.00, 0.00, NULL, '00:00:00', NULL, 0.00, 0.00, 0.00, 0.00, 0.00, 0, '', '', '2020-02-22', '2020-02-22 11:00:39', '18:00:39', NULL, NULL, 'No', 1, 0, 1, 0, 0, 'Live', 'null'),
(171, '', '000171', 0, 0.00, NULL, NULL, NULL, NULL, NULL, NULL, 0.00, 0.00, NULL, '00:00:00', NULL, 0.00, 0.00, 0.00, 0.00, 0.00, 0, '', '', '2020-02-22', '2020-02-22 11:01:00', '18:01:00', NULL, NULL, 'No', 1, 0, 1, 0, 0, 'Live', 'null'),
(172, '', '000172', 0, 0.00, NULL, NULL, NULL, NULL, NULL, NULL, 0.00, 0.00, NULL, '00:00:00', NULL, 0.00, 0.00, 0.00, 0.00, 0.00, 0, '', '', '2020-02-22', '2020-02-22 11:01:07', '18:01:07', NULL, NULL, 'No', 1, 0, 1, 0, 0, 'Live', 'null'),
(173, '', '000173', 0, 0.00, NULL, NULL, NULL, NULL, NULL, NULL, 0.00, 0.00, NULL, '00:00:00', NULL, 0.00, 0.00, 0.00, 0.00, 0.00, 0, '', '', '2020-02-22', '2020-02-22 11:01:11', '18:01:11', NULL, NULL, 'No', 1, 0, 1, 0, 0, 'Live', 'null'),
(174, '', '000174', 0, 0.00, NULL, NULL, NULL, NULL, NULL, NULL, 0.00, 0.00, NULL, '00:00:00', NULL, 0.00, 0.00, 0.00, 0.00, 0.00, 0, '', '', '2020-02-22', '2020-02-22 11:01:15', '18:01:15', NULL, NULL, 'No', 1, 0, 1, 0, 0, 'Live', 'null'),
(175, '', '000175', 0, 0.00, NULL, NULL, NULL, NULL, NULL, NULL, 0.00, 0.00, NULL, '00:00:00', NULL, 0.00, 0.00, 0.00, 0.00, 0.00, 0, '', '', '2020-02-22', '2020-02-22 11:01:15', '18:01:15', NULL, NULL, 'No', 1, 0, 1, 0, 0, 'Live', 'null'),
(176, '', '000176', 0, 0.00, NULL, NULL, NULL, NULL, NULL, NULL, 0.00, 0.00, NULL, '00:00:00', NULL, 0.00, 0.00, 0.00, 0.00, 0.00, 0, '', '', '2020-02-22', '2020-02-22 11:01:15', '18:01:15', NULL, NULL, 'No', 1, 0, 1, 0, 0, 'Live', 'null'),
(177, '', '000177', 0, 0.00, NULL, NULL, NULL, NULL, NULL, NULL, 0.00, 0.00, NULL, '00:00:00', NULL, 0.00, 0.00, 0.00, 0.00, 0.00, 0, '', '', '2020-02-22', '2020-02-22 11:01:15', '18:01:15', NULL, NULL, 'No', 1, 0, 1, 0, 0, 'Live', 'null'),
(178, '', '000178', 0, 0.00, NULL, NULL, NULL, NULL, NULL, NULL, 0.00, 0.00, NULL, '00:00:00', NULL, 0.00, 0.00, 0.00, 0.00, 0.00, 0, '', '', '2020-02-22', '2020-02-22 11:01:15', '18:01:15', NULL, NULL, 'No', 1, 0, 1, 0, 0, 'Live', 'null'),
(179, '', '000179', 0, 0.00, NULL, NULL, NULL, NULL, NULL, NULL, 0.00, 0.00, NULL, '00:00:00', NULL, 0.00, 0.00, 0.00, 0.00, 0.00, 0, '', '', '2020-02-22', '2020-02-22 11:01:16', '18:01:16', NULL, NULL, 'No', 1, 0, 1, 0, 0, 'Live', 'null'),
(180, '', '000180', 0, 0.00, NULL, NULL, NULL, NULL, NULL, NULL, 0.00, 0.00, NULL, '00:00:00', NULL, 0.00, 0.00, 0.00, 0.00, 0.00, 0, '', '', '2020-02-22', '2020-02-22 11:01:16', '18:01:16', NULL, NULL, 'No', 1, 0, 1, 0, 0, 'Live', 'null'),
(181, '', '000181', 0, 0.00, NULL, NULL, NULL, NULL, NULL, NULL, 0.00, 0.00, NULL, '00:00:00', NULL, 0.00, 0.00, 0.00, 0.00, 0.00, 0, '', '', '2020-02-22', '2020-02-22 11:01:16', '18:01:16', NULL, NULL, 'No', 1, 0, 1, 0, 0, 'Live', 'null'),
(182, '', '000182', 0, 0.00, NULL, NULL, NULL, NULL, NULL, NULL, 0.00, 0.00, NULL, '00:00:00', NULL, 0.00, 0.00, 0.00, 0.00, 0.00, 0, '', '', '2020-02-22', '2020-02-22 11:01:16', '18:01:16', NULL, NULL, 'No', 1, 0, 1, 0, 0, 'Live', 'null'),
(183, '', '000183', 0, 0.00, NULL, NULL, NULL, NULL, NULL, NULL, 0.00, 0.00, NULL, '00:00:00', NULL, 0.00, 0.00, 0.00, 0.00, 0.00, 0, '', '', '2020-02-22', '2020-02-22 11:01:22', '18:01:22', NULL, NULL, 'No', 1, 0, 1, 0, 0, 'Live', 'null'),
(184, '', '000184', 0, 0.00, NULL, NULL, NULL, NULL, NULL, NULL, 0.00, 0.00, NULL, '00:00:00', NULL, 0.00, 0.00, 0.00, 0.00, 0.00, 0, '', '', '2020-02-22', '2020-02-22 11:01:25', '18:01:25', NULL, NULL, 'No', 1, 0, 1, 0, 0, 'Live', 'null'),
(185, '', '000185', 0, 0.00, NULL, NULL, NULL, NULL, NULL, NULL, 0.00, 0.00, NULL, '00:00:00', NULL, 0.00, 0.00, 0.00, 0.00, 0.00, 0, '', '', '2020-02-22', '2020-02-22 11:01:25', '18:01:25', NULL, NULL, 'No', 1, 0, 1, 0, 0, 'Live', 'null'),
(186, '', '000186', 0, 0.00, NULL, NULL, NULL, NULL, NULL, NULL, 0.00, 0.00, NULL, '00:00:00', NULL, 0.00, 0.00, 0.00, 0.00, 0.00, 0, '', '', '2020-02-22', '2020-02-22 11:01:26', '18:01:26', NULL, NULL, 'No', 1, 0, 1, 0, 0, 'Live', 'null'),
(187, '', '000187', 0, 0.00, NULL, NULL, NULL, NULL, NULL, NULL, 0.00, 0.00, NULL, '00:00:00', NULL, 0.00, 0.00, 0.00, 0.00, 0.00, 0, '', '', '2020-02-22', '2020-02-22 11:01:26', '18:01:26', NULL, NULL, 'No', 1, 0, 1, 0, 0, 'Live', 'null'),
(188, '', '000188', 0, 0.00, NULL, NULL, NULL, NULL, NULL, NULL, 0.00, 0.00, NULL, '00:00:00', NULL, 0.00, 0.00, 0.00, 0.00, 0.00, 0, '', '', '2020-02-22', '2020-02-22 11:01:26', '18:01:26', NULL, NULL, 'No', 1, 0, 1, 0, 0, 'Live', 'null'),
(189, '', '000189', 0, 0.00, NULL, NULL, NULL, NULL, NULL, NULL, 0.00, 0.00, NULL, '00:00:00', NULL, 0.00, 0.00, 0.00, 0.00, 0.00, 0, '', '', '2020-02-22', '2020-02-22 11:01:27', '18:01:27', NULL, NULL, 'No', 1, 0, 1, 0, 0, 'Live', 'null'),
(190, '', '000190', 0, 0.00, NULL, NULL, NULL, NULL, NULL, NULL, 0.00, 0.00, NULL, '00:00:00', NULL, 0.00, 0.00, 0.00, 0.00, 0.00, 0, '', '', '2020-02-22', '2020-02-22 11:01:29', '18:01:29', NULL, NULL, 'No', 1, 0, 1, 0, 0, 'Live', 'null'),
(191, '', '000191', 0, 0.00, NULL, NULL, NULL, NULL, NULL, NULL, 0.00, 0.00, NULL, '00:00:00', NULL, 0.00, 0.00, 0.00, 0.00, 0.00, 0, '', '', '2020-02-22', '2020-02-22 11:02:03', '18:02:03', NULL, NULL, 'No', 1, 0, 1, 0, 0, 'Live', 'null'),
(192, '', '000192', 0, 0.00, NULL, NULL, NULL, NULL, NULL, NULL, 0.00, 0.00, NULL, '00:00:00', NULL, 0.00, 0.00, 0.00, 0.00, 0.00, 0, '', '', '2020-02-22', '2020-02-22 11:02:25', '18:02:25', NULL, NULL, 'No', 1, 0, 1, 0, 0, 'Live', 'null'),
(193, '', '000193', 0, 0.00, NULL, NULL, NULL, NULL, NULL, NULL, 0.00, 0.00, NULL, '00:00:00', NULL, 0.00, 0.00, 0.00, 0.00, 0.00, 0, '', '', '2020-02-22', '2020-02-22 11:02:41', '18:02:41', NULL, NULL, 'No', 1, 0, 1, 0, 0, 'Live', 'null'),
(194, '', '000194', 0, 0.00, NULL, NULL, NULL, NULL, NULL, NULL, 0.00, 0.00, NULL, '00:00:00', NULL, 0.00, 0.00, 0.00, 0.00, 0.00, 0, '', '', '2020-02-22', '2020-02-22 11:02:50', '18:02:50', NULL, NULL, 'No', 1, 0, 1, 0, 0, 'Live', 'null'),
(195, '', '000195', 0, 0.00, NULL, NULL, NULL, NULL, NULL, NULL, 0.00, 0.00, NULL, '00:00:00', NULL, 0.00, 0.00, 0.00, 0.00, 0.00, 0, '', '', '2020-02-22', '2020-02-22 11:02:57', '18:02:57', NULL, NULL, 'No', 1, 0, 1, 0, 0, 'Live', 'null'),
(196, '', '000196', 0, 0.00, NULL, NULL, NULL, NULL, NULL, NULL, 0.00, 0.00, NULL, '00:00:00', NULL, 0.00, 0.00, 0.00, 0.00, 0.00, 0, '', '', '2020-02-22', '2020-02-22 11:02:57', '18:02:57', NULL, NULL, 'No', 1, 0, 1, 0, 0, 'Live', 'null'),
(197, '', '000197', 0, 0.00, NULL, NULL, NULL, NULL, NULL, NULL, 0.00, 0.00, NULL, '00:00:00', NULL, 0.00, 0.00, 0.00, 0.00, 0.00, 0, '', '', '2020-02-22', '2020-02-22 11:02:57', '18:02:57', NULL, NULL, 'No', 1, 0, 1, 0, 0, 'Live', 'null'),
(198, '', '000198', 0, 0.00, NULL, NULL, NULL, NULL, NULL, NULL, 0.00, 0.00, NULL, '00:00:00', NULL, 0.00, 0.00, 0.00, 0.00, 0.00, 0, '', '', '2020-02-22', '2020-02-22 11:02:57', '18:02:57', NULL, NULL, 'No', 1, 0, 1, 0, 0, 'Live', 'null');
INSERT INTO `tbl_sales` (`id`, `customer_id`, `sale_no`, `total_items`, `sub_total`, `paid_amount`, `due_amount`, `given_amount`, `change_amount`, `disc`, `disc_actual`, `vat`, `total_payable`, `payment_method_id`, `close_time`, `table_id`, `total_item_discount_amount`, `sub_total_with_discount`, `sub_total_discount_amount`, `total_discount_amount`, `delivery_charge`, `tax_charge`, `sub_total_discount_value`, `sub_total_discount_type`, `sale_date`, `date_time`, `order_time`, `cooking_start_time`, `cooking_done_time`, `modified`, `user_id`, `waiter_id`, `outlet_id`, `order_status`, `order_type`, `del_status`, `sale_vat_objects`) VALUES
(199, '', '000199', 0, 0.00, NULL, NULL, NULL, NULL, NULL, NULL, 0.00, 0.00, NULL, '00:00:00', NULL, 0.00, 0.00, 0.00, 0.00, 0.00, 0, '', '', '2020-02-22', '2020-02-22 11:02:58', '18:02:58', NULL, NULL, 'No', 1, 0, 1, 0, 0, 'Live', 'null'),
(200, '', '000200', 0, 0.00, NULL, NULL, NULL, NULL, NULL, NULL, 0.00, 0.00, NULL, '00:00:00', NULL, 0.00, 0.00, 0.00, 0.00, 0.00, 0, '', '', '2020-02-22', '2020-02-22 11:02:58', '18:02:58', NULL, NULL, 'No', 1, 0, 1, 0, 0, 'Live', 'null'),
(201, '', '000201', 0, 0.00, NULL, NULL, NULL, NULL, NULL, NULL, 0.00, 0.00, NULL, '00:00:00', NULL, 0.00, 0.00, 0.00, 0.00, 0.00, 0, '', '', '2020-02-22', '2020-02-22 11:02:58', '18:02:58', NULL, NULL, 'No', 1, 0, 1, 0, 0, 'Live', 'null'),
(202, '', '000202', 0, 0.00, NULL, NULL, NULL, NULL, NULL, NULL, 0.00, 0.00, NULL, '00:00:00', NULL, 0.00, 0.00, 0.00, 0.00, 0.00, 0, '', '', '2020-02-22', '2020-02-22 11:02:58', '18:02:58', NULL, NULL, 'No', 1, 0, 1, 0, 0, 'Live', 'null'),
(203, '', '000203', 0, 0.00, NULL, NULL, NULL, NULL, NULL, NULL, 0.00, 0.00, NULL, '00:00:00', NULL, 0.00, 0.00, 0.00, 0.00, 0.00, 0, '', '', '2020-02-22', '2020-02-22 11:04:10', '18:04:10', NULL, NULL, 'No', 1, 0, 1, 0, 0, 'Live', 'null'),
(204, '4', '000204', 3, 61000.00, 61000.00, 0.00, 0.00, 0.00, NULL, NULL, 0.00, 61000.00, 6, '14:08:27', NULL, 0.00, 61000.00, 0.00, 0.00, 0.00, 0, '', 'plain', '2020-02-23', '2020-02-23 07:08:02', '14:08:02', NULL, NULL, 'Yes', 1, 1, 1, 3, 2, 'Live', '[]'),
(205, '4', '000205', 1, 10000.00, 10000.00, 0.00, 0.00, 0.00, NULL, NULL, 0.00, 10000.00, 6, '14:10:46', NULL, 0.00, 10000.00, 0.00, 0.00, 0.00, 0, '', 'plain', '2020-02-22', '2020-02-22 11:05:11', '18:05:11', NULL, NULL, 'No', 1, 1, 1, 3, 2, 'Live', '[]'),
(206, '', '000206', 0, 0.00, NULL, NULL, NULL, NULL, NULL, NULL, 0.00, 0.00, NULL, '00:00:00', NULL, 0.00, 0.00, 0.00, 0.00, 0.00, 0, '', '', '2020-02-22', '2020-02-22 11:09:38', '18:09:38', NULL, NULL, 'No', 1, 0, 1, 0, 0, 'Live', 'null'),
(207, '3', '000207', 1, 9000.00, 9000.00, 0.00, 9000.00, 0.00, NULL, NULL, 0.00, 9000.00, NULL, '13:23:20', NULL, 1000.00, 9000.00, 0.00, 0.00, 0.00, 0, '', 'plain', '2020-02-22', '2020-02-22 11:10:11', '18:10:11', NULL, NULL, 'No', 1, 1, 1, 3, 2, 'Live', '[]'),
(208, '', '000208', 0, 0.00, NULL, NULL, NULL, NULL, NULL, NULL, 0.00, 0.00, NULL, '00:00:00', NULL, 0.00, 0.00, 0.00, 0.00, 0.00, 0, '', '', '2020-02-22', '2020-02-22 11:11:34', '18:11:34', NULL, NULL, 'No', 1, 0, 1, 0, 0, 'Live', 'null'),
(209, '1', '000209', 1, 10000.00, 10000.00, 0.00, 0.00, 0.00, NULL, NULL, 0.00, 10000.00, 6, '14:33:59', NULL, 0.00, 10000.00, 0.00, 0.00, 0.00, 0, '', 'plain', '2020-02-22', '2020-02-22 11:11:56', '18:11:56', NULL, NULL, 'No', 1, 1, 1, 3, 2, 'Live', '[]'),
(210, '5', '000210', 1, 28000.00, 29410.00, 0.00, 30000.00, 590.00, NULL, NULL, 0.00, 29410.00, NULL, '18:24:57', NULL, 0.00, 28000.00, 0.00, 0.00, 2800.00, 0, '', 'plain', '2020-02-22', '2020-02-22 11:23:39', '18:23:39', NULL, NULL, 'No', 1, 1, 1, 3, 2, 'Live', '[]'),
(211, '5', '000211', 1, 10000.00, 10000.00, 0.00, 20000.00, 10000.00, NULL, NULL, 0.00, 10000.00, NULL, '18:28:37', NULL, 0.00, 10000.00, 0.00, 0.00, 0.00, 0, '', 'plain', '2020-02-22', '2020-02-22 11:26:08', '18:26:08', NULL, NULL, 'No', 1, 1, 1, 3, 2, 'Live', '[]'),
(213, '5', '000213', 1, -2000.00, 56000.00, 0.00, 56000.00, -50400.00, NULL, NULL, 0.00, 56000.00, NULL, '18:47:06', NULL, 30000.00, 56000.00, 0.00, 0.00, 0.00, 0, '', 'plain', '2020-02-22', '2020-02-22 11:45:55', '18:45:55', NULL, NULL, 'No', 1, 1, 1, 3, 2, 'Live', '[]'),
(214, '4', '000214', 1, 38000.00, 39910.00, 0.00, 0.00, 0.00, NULL, NULL, 0.00, 39910.00, 6, '14:35:46', NULL, 0.00, 38000.00, 0.00, 0.00, 3800.00, 0, '', 'plain', '2020-02-22', '2020-02-22 12:54:41', '19:54:41', NULL, NULL, 'No', 1, 1, 1, 3, 3, 'Live', '[]'),
(215, '', '000215', 0, 0.00, NULL, NULL, NULL, NULL, NULL, NULL, 0.00, 0.00, NULL, '00:00:00', NULL, 0.00, 0.00, 0.00, 0.00, 0.00, 0, '', '', '2020-02-22', '2020-02-22 13:43:51', '20:43:51', NULL, NULL, 'No', 11, 0, 1, 0, 0, 'Live', 'null'),
(216, '3', '000216', 1, 10000.00, 9000.00, 0.00, 0.00, 0.00, NULL, NULL, 0.00, 9000.00, 6, '14:39:58', NULL, 0.00, 9000.00, 1000.00, 0.00, 0.00, 0, '10%', 'percentage', '2020-02-23', '2020-02-23 03:58:24', '10:58:24', NULL, NULL, 'No', 1, 1, 1, 3, 2, 'Live', '[]'),
(217, '', '000217', 0, 0.00, NULL, NULL, NULL, NULL, NULL, NULL, 0.00, 0.00, NULL, '00:00:00', NULL, 0.00, 0.00, 0.00, 0.00, 0.00, 0, '', '', '2020-02-23', '2020-02-23 03:59:27', '10:59:27', NULL, NULL, 'No', 1, 0, 1, 0, 0, 'Live', 'null'),
(218, '', '000218', 0, 0.00, NULL, NULL, NULL, NULL, NULL, NULL, 0.00, 0.00, NULL, '00:00:00', NULL, 0.00, 0.00, 0.00, 0.00, 0.00, 0, '', '', '2020-02-23', '2020-02-23 03:59:29', '10:59:29', NULL, NULL, 'No', 1, 0, 1, 0, 0, 'Live', 'null'),
(219, '', '000219', 0, 0.00, NULL, NULL, NULL, NULL, NULL, NULL, 0.00, 0.00, NULL, '00:00:00', NULL, 0.00, 0.00, 0.00, 0.00, 0.00, 0, '', '', '2020-02-23', '2020-02-23 03:59:30', '10:59:30', NULL, NULL, 'No', 1, 0, 1, 0, 0, 'Live', 'null'),
(220, '', '000220', 0, 0.00, NULL, NULL, NULL, NULL, NULL, NULL, 0.00, 0.00, NULL, '00:00:00', NULL, 0.00, 0.00, 0.00, 0.00, 0.00, 0, '', '', '2020-02-23', '2020-02-23 03:59:30', '10:59:30', NULL, NULL, 'No', 1, 0, 1, 0, 0, 'Live', 'null'),
(221, '', '000221', 0, 0.00, NULL, NULL, NULL, NULL, NULL, NULL, 0.00, 0.00, NULL, '00:00:00', NULL, 0.00, 0.00, 0.00, 0.00, 0.00, 0, '', '', '2020-02-23', '2020-02-23 03:59:30', '10:59:30', NULL, NULL, 'No', 1, 0, 1, 0, 0, 'Live', 'null'),
(222, '', '000222', 0, 0.00, NULL, NULL, NULL, NULL, NULL, NULL, 0.00, 0.00, NULL, '00:00:00', NULL, 0.00, 0.00, 0.00, 0.00, 0.00, 0, '', '', '2020-02-23', '2020-02-23 03:59:30', '10:59:30', NULL, NULL, 'No', 1, 0, 1, 0, 0, 'Live', 'null'),
(223, '', '000223', 0, 0.00, NULL, NULL, NULL, NULL, NULL, NULL, 0.00, 0.00, NULL, '00:00:00', NULL, 0.00, 0.00, 0.00, 0.00, 0.00, 0, '', '', '2020-02-23', '2020-02-23 03:59:30', '10:59:30', NULL, NULL, 'No', 1, 0, 1, 0, 0, 'Live', 'null'),
(224, '', '000224', 0, 0.00, NULL, NULL, NULL, NULL, NULL, NULL, 0.00, 0.00, NULL, '00:00:00', NULL, 0.00, 0.00, 0.00, 0.00, 0.00, 0, '', '', '2020-02-23', '2020-02-23 03:59:31', '10:59:31', NULL, NULL, 'No', 1, 0, 1, 0, 0, 'Live', 'null'),
(225, '', '000225', 0, 0.00, NULL, NULL, NULL, NULL, NULL, NULL, 0.00, 0.00, NULL, '00:00:00', NULL, 0.00, 0.00, 0.00, 0.00, 0.00, 0, '', '', '2020-02-23', '2020-02-23 03:59:31', '10:59:31', NULL, NULL, 'No', 1, 0, 1, 0, 0, 'Live', 'null'),
(226, '', '000226', 0, 0.00, NULL, NULL, NULL, NULL, NULL, NULL, 0.00, 0.00, NULL, '00:00:00', NULL, 0.00, 0.00, 0.00, 0.00, 0.00, 0, '', '', '2020-02-23', '2020-02-23 03:59:31', '10:59:31', NULL, NULL, 'No', 1, 0, 1, 0, 0, 'Live', 'null'),
(227, '', '000227', 0, 0.00, NULL, NULL, NULL, NULL, NULL, NULL, 0.00, 0.00, NULL, '00:00:00', NULL, 0.00, 0.00, 0.00, 0.00, 0.00, 0, '', '', '2020-02-23', '2020-02-23 03:59:31', '10:59:31', NULL, NULL, 'No', 1, 0, 1, 0, 0, 'Live', 'null'),
(228, '', '000228', 0, 0.00, NULL, NULL, NULL, NULL, NULL, NULL, 0.00, 0.00, NULL, '00:00:00', NULL, 0.00, 0.00, 0.00, 0.00, 0.00, 0, '', '', '2020-02-23', '2020-02-23 03:59:31', '10:59:31', NULL, NULL, 'No', 1, 0, 1, 0, 0, 'Live', 'null'),
(229, '', '000229', 0, 0.00, NULL, NULL, NULL, NULL, NULL, NULL, 0.00, 0.00, NULL, '00:00:00', NULL, 0.00, 0.00, 0.00, 0.00, 0.00, 0, '', '', '2020-02-23', '2020-02-23 03:59:32', '10:59:32', NULL, NULL, 'No', 1, 0, 1, 0, 0, 'Live', 'null'),
(230, '', '000230', 0, 0.00, NULL, NULL, NULL, NULL, NULL, NULL, 0.00, 0.00, NULL, '00:00:00', NULL, 0.00, 0.00, 0.00, 0.00, 0.00, 0, '', '', '2020-02-23', '2020-02-23 03:59:32', '10:59:32', NULL, NULL, 'No', 1, 0, 1, 0, 0, 'Live', 'null'),
(231, '', '000231', 0, 0.00, NULL, NULL, NULL, NULL, NULL, NULL, 0.00, 0.00, NULL, '00:00:00', NULL, 0.00, 0.00, 0.00, 0.00, 0.00, 0, '', '', '2020-02-23', '2020-02-23 03:59:32', '10:59:32', NULL, NULL, 'No', 1, 0, 1, 0, 0, 'Live', 'null'),
(232, '', '000232', 0, 0.00, NULL, NULL, NULL, NULL, NULL, NULL, 0.00, 0.00, NULL, '00:00:00', NULL, 0.00, 0.00, 0.00, 0.00, 0.00, 0, '', '', '2020-02-23', '2020-02-23 03:59:33', '10:59:33', NULL, NULL, 'No', 1, 0, 1, 0, 0, 'Live', 'null'),
(233, '', '000233', 0, 0.00, NULL, NULL, NULL, NULL, NULL, NULL, 0.00, 0.00, NULL, '00:00:00', NULL, 0.00, 0.00, 0.00, 0.00, 0.00, 0, '', '', '2020-02-23', '2020-02-23 03:59:33', '10:59:33', NULL, NULL, 'No', 1, 0, 1, 0, 0, 'Live', 'null'),
(234, '', '000234', 0, 0.00, NULL, NULL, NULL, NULL, NULL, NULL, 0.00, 0.00, NULL, '00:00:00', NULL, 0.00, 0.00, 0.00, 0.00, 0.00, 0, '', '', '2020-02-23', '2020-02-23 03:59:34', '10:59:34', NULL, NULL, 'No', 1, 0, 1, 0, 0, 'Live', 'null'),
(235, '', '000235', 0, 0.00, NULL, NULL, NULL, NULL, NULL, NULL, 0.00, 0.00, NULL, '00:00:00', NULL, 0.00, 0.00, 0.00, 0.00, 0.00, 0, '', '', '2020-02-23', '2020-02-23 03:59:34', '10:59:34', NULL, NULL, 'No', 1, 0, 1, 0, 0, 'Live', 'null'),
(236, '', '000236', 0, 0.00, NULL, NULL, NULL, NULL, NULL, NULL, 0.00, 0.00, NULL, '00:00:00', NULL, 0.00, 0.00, 0.00, 0.00, 0.00, 0, '', '', '2020-02-23', '2020-02-23 03:59:34', '10:59:34', NULL, NULL, 'No', 1, 0, 1, 0, 0, 'Live', 'null'),
(237, '', '000237', 0, 0.00, NULL, NULL, NULL, NULL, NULL, NULL, 0.00, 0.00, NULL, '00:00:00', NULL, 0.00, 0.00, 0.00, 0.00, 0.00, 0, '', '', '2020-02-23', '2020-02-23 03:59:34', '10:59:34', NULL, NULL, 'No', 1, 0, 1, 0, 0, 'Live', 'null'),
(238, '', '000238', 0, 0.00, NULL, NULL, NULL, NULL, NULL, NULL, 0.00, 0.00, NULL, '00:00:00', NULL, 0.00, 0.00, 0.00, 0.00, 0.00, 0, '', '', '2020-02-23', '2020-02-23 03:59:35', '10:59:35', NULL, NULL, 'No', 1, 0, 1, 0, 0, 'Live', 'null'),
(239, '', '000239', 0, 0.00, NULL, NULL, NULL, NULL, NULL, NULL, 0.00, 0.00, NULL, '00:00:00', NULL, 0.00, 0.00, 0.00, 0.00, 0.00, 0, '', '', '2020-02-23', '2020-02-23 03:59:35', '10:59:35', NULL, NULL, 'No', 1, 0, 1, 0, 0, 'Live', 'null'),
(240, '', '000240', 0, 0.00, NULL, NULL, NULL, NULL, NULL, NULL, 0.00, 0.00, NULL, '00:00:00', NULL, 0.00, 0.00, 0.00, 0.00, 0.00, 0, '', '', '2020-02-23', '2020-02-23 03:59:35', '10:59:35', NULL, NULL, 'No', 1, 0, 1, 0, 0, 'Live', 'null'),
(241, '', '000241', 0, 0.00, NULL, NULL, NULL, NULL, NULL, NULL, 0.00, 0.00, NULL, '00:00:00', NULL, 0.00, 0.00, 0.00, 0.00, 0.00, 0, '', '', '2020-02-23', '2020-02-23 03:59:36', '10:59:36', NULL, NULL, 'No', 1, 0, 1, 0, 0, 'Live', 'null'),
(242, '', '000242', 0, 0.00, NULL, NULL, NULL, NULL, NULL, NULL, 0.00, 0.00, NULL, '00:00:00', NULL, 0.00, 0.00, 0.00, 0.00, 0.00, 0, '', '', '2020-02-23', '2020-02-23 03:59:36', '10:59:36', NULL, NULL, 'No', 1, 0, 1, 0, 0, 'Live', 'null'),
(243, '', '000243', 0, 0.00, NULL, NULL, NULL, NULL, NULL, NULL, 0.00, 0.00, NULL, '00:00:00', NULL, 0.00, 0.00, 0.00, 0.00, 0.00, 0, '', '', '2020-02-23', '2020-02-23 03:59:38', '10:59:38', NULL, NULL, 'No', 1, 0, 1, 0, 0, 'Live', 'null'),
(244, '', '000244', 0, 0.00, NULL, NULL, NULL, NULL, NULL, NULL, 0.00, 0.00, NULL, '00:00:00', NULL, 0.00, 0.00, 0.00, 0.00, 0.00, 0, '', '', '2020-02-23', '2020-02-23 03:59:38', '10:59:38', NULL, NULL, 'No', 1, 0, 1, 0, 0, 'Live', 'null'),
(245, '', '000245', 0, 0.00, NULL, NULL, NULL, NULL, NULL, NULL, 0.00, 0.00, NULL, '00:00:00', NULL, 0.00, 0.00, 0.00, 0.00, 0.00, 0, '', '', '2020-02-23', '2020-02-23 03:59:38', '10:59:38', NULL, NULL, 'No', 1, 0, 1, 0, 0, 'Live', 'null'),
(246, '', '000246', 0, 0.00, NULL, NULL, NULL, NULL, NULL, NULL, 0.00, 0.00, NULL, '00:00:00', NULL, 0.00, 0.00, 0.00, 0.00, 0.00, 0, '', '', '2020-02-23', '2020-02-23 03:59:39', '10:59:39', NULL, NULL, 'No', 1, 0, 1, 0, 0, 'Live', 'null'),
(247, '', '000247', 0, 0.00, NULL, NULL, NULL, NULL, NULL, NULL, 0.00, 0.00, NULL, '00:00:00', NULL, 0.00, 0.00, 0.00, 0.00, 0.00, 0, '', '', '2020-02-23', '2020-02-23 03:59:39', '10:59:39', NULL, NULL, 'No', 1, 0, 1, 0, 0, 'Live', 'null'),
(248, '', '000248', 0, 0.00, NULL, NULL, NULL, NULL, NULL, NULL, 0.00, 0.00, NULL, '00:00:00', NULL, 0.00, 0.00, 0.00, 0.00, 0.00, 0, '', '', '2020-02-23', '2020-02-23 03:59:39', '10:59:39', NULL, NULL, 'No', 1, 0, 1, 0, 0, 'Live', 'null'),
(249, '', '000249', 0, 0.00, NULL, NULL, NULL, NULL, NULL, NULL, 0.00, 0.00, NULL, '00:00:00', NULL, 0.00, 0.00, 0.00, 0.00, 0.00, 0, '', '', '2020-02-23', '2020-02-23 03:59:39', '10:59:39', NULL, NULL, 'No', 1, 0, 1, 0, 0, 'Live', 'null'),
(250, '', '000250', 0, 0.00, NULL, NULL, NULL, NULL, NULL, NULL, 0.00, 0.00, NULL, '00:00:00', NULL, 0.00, 0.00, 0.00, 0.00, 0.00, 0, '', '', '2020-02-23', '2020-02-23 03:59:39', '10:59:39', NULL, NULL, 'No', 1, 0, 1, 0, 0, 'Live', 'null'),
(251, '', '000251', 0, 0.00, NULL, NULL, NULL, NULL, NULL, NULL, 0.00, 0.00, NULL, '00:00:00', NULL, 0.00, 0.00, 0.00, 0.00, 0.00, 0, '', '', '2020-02-23', '2020-02-23 03:59:40', '10:59:40', NULL, NULL, 'No', 1, 0, 1, 0, 0, 'Live', 'null'),
(252, '1', '000252', 1, 5000.00, 5260.00, 0.00, 0.00, 0.00, NULL, NULL, 0.00, 5260.00, 6, '14:42:40', NULL, 5000.00, 5000.00, 0.00, 0.00, 500.00, 0, '', 'plain', '2020-02-23', '2020-02-23 04:00:15', '11:00:15', NULL, NULL, 'No', 1, 1, 1, 3, 2, 'Live', '[]'),
(253, '4', '000253', 1, 5000.00, 5260.00, 0.00, 0.00, 0.00, NULL, NULL, 0.00, 5260.00, 6, '14:44:59', NULL, 0.00, 5000.00, 0.00, 0.00, 500.00, 0, '', 'plain', '2020-02-23', '2020-02-23 07:07:26', '14:07:26', NULL, NULL, 'No', 1, 1, 1, 3, 1, 'Live', '[]'),
(254, '4', '000254', 1, 5000.00, 5260.00, 0.00, 5500.00, 240.00, NULL, NULL, 0.00, 5260.00, 6, '14:43:55', NULL, 0.00, 5000.00, 0.00, 0.00, 500.00, 0, '', 'plain', '2020-02-23', '2020-02-23 07:07:27', '14:07:27', NULL, NULL, 'No', 1, 1, 1, 3, 1, 'Live', '[]'),
(255, '4', '000255', 1, 5000.00, 5260.00, 0.00, 0.00, 0.00, NULL, NULL, 0.00, 5260.00, 6, '14:49:43', NULL, 0.00, 5000.00, 0.00, 0.00, 500.00, 0, '', 'plain', '2020-02-23', '2020-02-23 07:07:27', '14:07:27', NULL, NULL, 'No', 1, 1, 1, 3, 1, 'Live', '[]'),
(256, '4', '000256', 1, 5000.00, 5260.00, 0.00, 55000.00, 49740.00, NULL, NULL, 0.00, 5260.00, 6, '16:00:32', NULL, 0.00, 5000.00, 0.00, 0.00, 500.00, 0, '', 'plain', '2020-02-23', '2020-02-23 07:07:28', '14:07:28', NULL, NULL, 'No', 1, 1, 1, 3, 1, 'Live', '[]'),
(257, '4', '000257', 1, 5000.00, 5260.00, 0.00, 0.00, 0.00, NULL, NULL, 0.00, 5260.00, 6, '16:06:54', NULL, 0.00, 5000.00, 0.00, 0.00, 500.00, 0, '', 'plain', '2020-02-23', '2020-02-23 07:07:28', '14:07:28', NULL, NULL, 'No', 1, 1, 1, 3, 1, 'Live', '[]'),
(258, '4', '000258', 1, 5000.00, 5260.00, 0.00, 0.00, 0.00, NULL, NULL, 0.00, 5260.00, 6, '16:09:05', NULL, 0.00, 5000.00, 0.00, 0.00, 500.00, 0, '', 'plain', '2020-02-23', '2020-02-23 07:07:29', '14:07:29', NULL, NULL, 'No', 1, 1, 1, 3, 1, 'Live', '[]'),
(259, '4', '000259', 1, 5000.00, 5260.00, 0.00, 0.00, 0.00, NULL, NULL, 0.00, 5260.00, 6, '16:20:41', NULL, 0.00, 5000.00, 0.00, 0.00, 500.00, 0, '', 'plain', '2020-02-23', '2020-02-23 07:07:30', '14:07:30', NULL, NULL, 'No', 1, 1, 1, 3, 1, 'Live', '[]'),
(260, '4', '000260', 1, 5000.00, 5260.00, 0.00, 0.00, 0.00, NULL, NULL, 0.00, 5260.00, 6, '16:22:15', NULL, 0.00, 5000.00, 0.00, 0.00, 500.00, 0, '', 'plain', '2020-02-23', '2020-02-23 07:07:30', '14:07:30', NULL, NULL, 'No', 1, 1, 1, 3, 1, 'Live', '[]'),
(261, '4', '000261', 1, 5000.00, 5260.00, 0.00, 0.00, 0.00, NULL, NULL, 0.00, 5260.00, 6, '16:23:32', NULL, 0.00, 5000.00, 0.00, 0.00, 500.00, 0, '', 'plain', '2020-02-23', '2020-02-23 07:07:30', '14:07:30', NULL, NULL, 'No', 1, 1, 1, 3, 1, 'Live', '[]'),
(262, '4', '000262', 1, 5000.00, 5260.00, 0.00, 0.00, 0.00, NULL, NULL, 0.00, 5260.00, 6, '16:24:11', NULL, 0.00, 5000.00, 0.00, 0.00, 500.00, 0, '', 'plain', '2020-02-23', '2020-02-23 07:07:30', '14:07:30', NULL, NULL, 'No', 1, 1, 1, 3, 1, 'Live', '[]'),
(263, '4', '000263', 1, 5000.00, 5260.00, 0.00, 0.00, 0.00, NULL, NULL, 0.00, 5260.00, 6, '16:49:44', NULL, 0.00, 5000.00, 0.00, 0.00, 500.00, 0, '', 'plain', '2020-02-23', '2020-02-23 07:07:30', '14:07:30', NULL, NULL, 'No', 1, 1, 1, 3, 1, 'Live', '[]'),
(264, '4', '000264', 1, 5000.00, 5260.00, 0.00, 0.00, 0.00, NULL, NULL, 0.00, 5260.00, 6, '16:54:38', NULL, 0.00, 5000.00, 0.00, 0.00, 500.00, 0, '', 'plain', '2020-02-23', '2020-02-23 07:07:31', '14:07:31', NULL, NULL, 'No', 1, 1, 1, 3, 1, 'Live', '[]'),
(265, '4', '000265', 1, 5000.00, 5260.00, 0.00, 6000.00, 740.00, NULL, NULL, 0.00, 5260.00, 6, '16:57:35', NULL, 0.00, 5000.00, 0.00, 0.00, 500.00, 0, '', 'plain', '2020-02-23', '2020-02-23 07:07:31', '14:07:31', NULL, NULL, 'No', 1, 1, 1, 3, 1, 'Live', '[]'),
(266, '4', '000266', 1, 5000.00, 5260.00, 0.00, 0.00, 0.00, NULL, NULL, 0.00, 5260.00, 6, '17:06:01', NULL, 0.00, 5000.00, 0.00, 0.00, 500.00, 0, '', 'plain', '2020-02-23', '2020-02-23 07:07:31', '14:07:31', NULL, NULL, 'No', 1, 1, 1, 3, 1, 'Live', '[]'),
(267, '4', '000267', 1, 5000.00, 5260.00, 0.00, 7000.00, 1740.00, NULL, NULL, 0.00, 5260.00, 6, '17:06:30', NULL, 0.00, 5000.00, 0.00, 0.00, 500.00, 0, '', 'plain', '2020-02-23', '2020-02-23 07:07:31', '14:07:31', NULL, NULL, 'No', 1, 1, 1, 3, 1, 'Live', '[]'),
(268, '4', '000268', 1, 5000.00, 5260.00, 0.00, 1.00, -5259.00, NULL, NULL, 0.00, 5260.00, 6, '17:16:46', NULL, 0.00, 5000.00, 0.00, 0.00, 500.00, 0, '', 'plain', '2020-02-23', '2020-02-23 07:07:31', '14:07:31', NULL, NULL, 'No', 1, 1, 1, 3, 1, 'Live', '[]'),
(269, '4', '000269', 1, 5000.00, 5260.00, 0.00, 5300.00, 40.00, NULL, NULL, 0.00, 5260.00, 6, '17:18:27', NULL, 0.00, 5000.00, 0.00, 0.00, 500.00, 0, '', 'plain', '2020-02-23', '2020-02-23 07:07:37', '14:07:37', NULL, NULL, 'No', 1, 1, 1, 3, 1, 'Live', '[]'),
(270, '1', '000270', 1, 5000.00, 5000.00, 0.00, 5001.00, 1.00, NULL, NULL, 0.00, 5000.00, 6, '17:20:50', NULL, 0.00, 5000.00, 0.00, 0.00, 0.00, 0, '', 'plain', '2020-02-23', '2020-02-23 07:12:50', '14:12:50', NULL, NULL, 'No', 11, 11, 1, 3, 2, 'Live', '[]'),
(271, '5', '000271', 1, 16000.00, 16810.00, 0.00, 16811.00, 1.00, NULL, NULL, 0.00, 16810.00, 6, '17:21:39', NULL, 0.00, 16000.00, 0.00, 0.00, 1600.00, 0, '', 'plain', '2020-02-23', '2020-02-23 07:14:47', '14:14:47', '2020-02-23 22:33:25', '2020-02-23 22:33:34', 'No', 1, 1, 1, 3, 2, 'Live', '[]'),
(272, '5', '000272', 9, 125000.00, 125000.00, 0.00, 125001.00, 1.00, NULL, NULL, 0.00, 125000.00, 6, '17:23:08', NULL, 0.00, 125000.00, 0.00, 0.00, 0.00, 0, '', 'plain', '2020-02-23', '2020-02-23 07:19:06', '14:19:06', '2020-02-23 23:14:23', '2020-02-23 23:14:42', 'No', 11, 11, 1, 3, 2, 'Live', '[]'),
(273, '3', '000273', 1, 0.00, 10.00, 0.00, 10.00, 0.00, NULL, NULL, 0.00, 10.00, 6, '17:23:51', NULL, 0.00, 0.00, 0.00, 0.00, 0.00, 0, '', 'plain', '2020-02-23', '2020-02-23 07:25:57', '14:25:57', NULL, NULL, 'No', 1, 1, 1, 3, 2, 'Live', '[]'),
(274, '1', '000274', 1, 15000.00, 15760.00, 0.00, 15760.00, 0.00, NULL, NULL, 0.00, 15760.00, 6, '17:25:11', NULL, 0.00, 15000.00, 0.00, 0.00, 1500.00, 0, '', 'plain', '2020-02-23', '2020-02-23 07:28:54', '14:28:54', '2020-02-23 22:32:54', '2020-02-23 22:33:00', 'No', 1, 1, 1, 3, 2, 'Live', '[]'),
(275, '1', '000275', 1, 25000.00, 26260.00, 0.00, 26260.00, 0.00, NULL, NULL, 0.00, 26260.00, 6, '17:29:13', NULL, 0.00, 25000.00, 0.00, 0.00, 2500.00, 0, '', 'plain', '2020-02-23', '2020-02-23 07:30:59', '14:30:59', '2020-02-23 22:33:12', '2020-02-23 22:33:15', 'No', 1, 1, 1, 3, 2, 'Live', '[]'),
(276, '1', '000276', 1, 4000.00, 4000.00, 0.00, 4000.00, 0.00, NULL, NULL, 0.00, 4000.00, 6, '17:33:23', NULL, 1000.00, 4000.00, 0.00, 0.00, 0.00, 0, '', 'plain', '2020-02-23', '2020-02-23 08:02:19', '15:02:19', NULL, NULL, 'No', 1, 1, 1, 3, 2, 'Live', '[]'),
(277, '4', '000277', 1, 5000.00, 5000.00, 0.00, 5000.00, 0.00, NULL, NULL, 0.00, 5000.00, 6, '17:40:14', NULL, 0.00, 5000.00, 0.00, 0.00, 0.00, 0, '', 'plain', '2020-02-23', '2020-02-23 15:21:34', '22:21:34', NULL, NULL, 'No', 1, 1, 1, 3, 1, 'Live', '[]'),
(279, '3', '000279', 1, 16000.00, 16810.00, 0.00, 16810.00, 0.00, NULL, NULL, 0.00, 16810.00, 6, '17:54:44', NULL, 0.00, 16000.00, 0.00, 0.00, 1600.00, 0, '', 'plain', '2020-02-24', '2020-02-24 03:40:11', '10:40:11', NULL, NULL, 'No', 1, 1, 1, 3, 2, 'Live', '[]'),
(280, '3', '000280', 1, 20000.00, 21010.00, 0.00, 22000.00, 990.00, NULL, NULL, 0.00, 21010.00, 6, '17:55:50', NULL, 0.00, 20000.00, 0.00, 0.00, 2000.00, 0, '', 'plain', '2020-02-24', '2020-02-24 04:34:28', '11:34:28', NULL, NULL, 'No', 1, 1, 1, 3, 2, 'Live', '[]'),
(281, '', '000281', 0, 0.00, NULL, NULL, NULL, NULL, NULL, NULL, 0.00, 0.00, NULL, '00:00:00', NULL, 0.00, 0.00, 0.00, 0.00, 0.00, 0, '', '', '2020-02-24', '2020-02-24 07:51:51', '14:51:51', NULL, NULL, 'No', 1, 0, 1, 0, 0, 'Live', 'null'),
(282, '', '000282', 0, 0.00, NULL, NULL, NULL, NULL, NULL, NULL, 0.00, 0.00, NULL, '00:00:00', NULL, 0.00, 0.00, 0.00, 0.00, 0.00, 0, '', '', '2020-02-24', '2020-02-24 07:51:53', '14:51:53', NULL, NULL, 'No', 1, 0, 1, 0, 0, 'Live', 'null'),
(283, '', '000283', 0, 0.00, NULL, NULL, NULL, NULL, NULL, NULL, 0.00, 0.00, NULL, '00:00:00', NULL, 0.00, 0.00, 0.00, 0.00, 0.00, 0, '', '', '2020-02-24', '2020-02-24 07:51:53', '14:51:53', NULL, NULL, 'No', 1, 0, 1, 0, 0, 'Live', 'null'),
(284, '', '000284', 0, 0.00, NULL, NULL, NULL, NULL, NULL, NULL, 0.00, 0.00, NULL, '00:00:00', NULL, 0.00, 0.00, 0.00, 0.00, 0.00, 0, '', '', '2020-02-24', '2020-02-24 07:51:53', '14:51:53', NULL, NULL, 'No', 1, 0, 1, 0, 0, 'Live', 'null'),
(285, '', '000285', 0, 0.00, NULL, NULL, NULL, NULL, NULL, NULL, 0.00, 0.00, NULL, '00:00:00', NULL, 0.00, 0.00, 0.00, 0.00, 0.00, 0, '', '', '2020-02-24', '2020-02-24 07:51:53', '14:51:53', NULL, NULL, 'No', 1, 0, 1, 0, 0, 'Live', 'null'),
(286, '', '000286', 0, 0.00, NULL, NULL, NULL, NULL, NULL, NULL, 0.00, 0.00, NULL, '00:00:00', NULL, 0.00, 0.00, 0.00, 0.00, 0.00, 0, '', '', '2020-02-24', '2020-02-24 07:51:57', '14:51:57', NULL, NULL, 'No', 1, 0, 1, 0, 0, 'Live', 'null'),
(287, '', '000287', 0, 0.00, NULL, NULL, NULL, NULL, NULL, NULL, 0.00, 0.00, NULL, '00:00:00', NULL, 0.00, 0.00, 0.00, 0.00, 0.00, 0, '', '', '2020-02-24', '2020-02-24 07:51:57', '14:51:57', NULL, NULL, 'No', 1, 0, 1, 0, 0, 'Live', 'null'),
(288, '1', '000288', 1, 4500.00, 4735.00, 0.00, 4735.00, 0.00, NULL, NULL, 0.00, 4735.00, 6, '17:56:58', NULL, 500.00, 4500.00, 0.00, 0.00, 450.00, 0, '', 'plain', '2020-02-24', '2020-02-24 07:52:03', '14:52:03', NULL, NULL, 'No', 1, 1, 1, 3, 2, 'Live', '[]'),
(289, '1', '000289', 2, 15000.00, 15760.00, 0.00, 150000.00, 134240.00, NULL, NULL, 0.00, 15760.00, 6, '18:03:11', NULL, 0.00, 15000.00, 0.00, 0.00, 1500.00, 0, '', 'plain', '2020-02-24', '2020-02-24 10:00:22', '17:00:22', NULL, NULL, 'No', 11, 11, 1, 3, 2, 'Live', '[]'),
(290, '1', '000290', 2, 65000.00, 65000.00, 0.00, 65000.00, 0.00, NULL, NULL, 0.00, 65000.00, 6, '18:08:12', NULL, 1000.00, 65000.00, 0.00, 0.00, 0.00, 0, '', 'plain', '2020-02-24', '2020-02-24 11:07:41', '18:07:41', NULL, NULL, 'No', 1, 1, 1, 3, 2, 'Live', '[]'),
(291, '', '000291', 0, 0.00, NULL, NULL, NULL, NULL, NULL, NULL, 0.00, 0.00, NULL, '00:00:00', NULL, 0.00, 0.00, 0.00, 0.00, 0.00, 0, '', '', '2020-02-24', '2020-02-24 11:17:20', '18:17:20', NULL, NULL, 'No', 1, 0, 1, 0, 0, 'Live', 'null'),
(292, '', '000292', 0, 0.00, NULL, NULL, NULL, NULL, NULL, NULL, 0.00, 0.00, NULL, '00:00:00', NULL, 0.00, 0.00, 0.00, 0.00, 0.00, 0, '', '', '2020-02-24', '2020-02-24 11:17:27', '18:17:27', NULL, NULL, 'No', 1, 0, 1, 0, 0, 'Live', 'null'),
(293, '', '000293', 0, 0.00, NULL, NULL, NULL, NULL, NULL, NULL, 0.00, 0.00, NULL, '00:00:00', NULL, 0.00, 0.00, 0.00, 0.00, 0.00, 0, '', '', '2020-02-24', '2020-02-24 11:17:41', '18:17:41', NULL, NULL, 'No', 1, 0, 1, 0, 0, 'Live', 'null'),
(294, '', '000294', 0, 0.00, NULL, NULL, NULL, NULL, NULL, NULL, 0.00, 0.00, NULL, '00:00:00', NULL, 0.00, 0.00, 0.00, 0.00, 0.00, 0, '', '', '2020-02-24', '2020-02-24 11:17:41', '18:17:41', NULL, NULL, 'No', 1, 0, 1, 0, 0, 'Live', 'null'),
(295, '', '000295', 0, 0.00, NULL, NULL, NULL, NULL, NULL, NULL, 0.00, 0.00, NULL, '00:00:00', NULL, 0.00, 0.00, 0.00, 0.00, 0.00, 0, '', '', '2020-02-24', '2020-02-24 11:17:41', '18:17:41', NULL, NULL, 'No', 1, 0, 1, 0, 0, 'Live', 'null'),
(296, '1', '000296', 1, 7000.00, 7000.00, 0.00, 7000.00, 0.00, NULL, NULL, 0.00, 7000.00, 6, '18:19:23', NULL, 0.00, 7000.00, 0.00, 0.00, 0.00, 0, '', 'plain', '2020-02-24', '2020-02-24 11:18:47', '18:18:47', NULL, NULL, 'No', 1, 1, 1, 3, 2, 'Live', '[]'),
(297, '3', '000297', 1, 10000.00, 10510.00, 0.00, 11000.00, 490.00, NULL, NULL, 0.00, 10510.00, 6, '18:55:09', NULL, 0.00, 10000.00, 0.00, 0.00, 1000.00, 0, '', 'plain', '2020-02-24', '2020-02-24 11:22:57', '18:22:57', NULL, NULL, 'No', 1, 1, 1, 3, 2, 'Live', '[]'),
(298, '3', '000298', 1, 16000.00, 16000.00, 0.00, 16000.00, 0.00, NULL, NULL, 0.00, 16000.00, 6, '15:28:04', NULL, 0.00, 16000.00, 0.00, 0.00, 0.00, 0, '', 'plain', '2020-02-24', '2020-02-24 11:23:45', '18:23:45', '2020-02-24 18:24:11', '2020-02-24 18:24:29', 'No', 1, 1, 1, 3, 2, 'Live', '[]'),
(299, '', '000299', 0, 0.00, NULL, NULL, NULL, NULL, NULL, NULL, 0.00, 0.00, NULL, '00:00:00', NULL, 0.00, 0.00, 0.00, 0.00, 0.00, 0, '', '', '2020-02-25', '2020-02-25 08:15:44', '15:15:44', NULL, NULL, 'No', 1, 0, 1, 0, 0, 'Live', 'null'),
(300, '', '000300', 0, 0.00, NULL, NULL, NULL, NULL, NULL, NULL, 0.00, 0.00, NULL, '00:00:00', NULL, 0.00, 0.00, 0.00, 0.00, 0.00, 0, '', '', '2020-02-25', '2020-02-25 08:15:51', '15:15:51', NULL, NULL, 'No', 1, 0, 1, 0, 0, 'Live', 'null'),
(301, '', '000301', 0, 0.00, NULL, NULL, NULL, NULL, NULL, NULL, 0.00, 0.00, NULL, '00:00:00', NULL, 0.00, 0.00, 0.00, 0.00, 0.00, 0, '', '', '2020-02-25', '2020-02-25 08:15:58', '15:15:58', NULL, NULL, 'No', 1, 0, 1, 0, 0, 'Live', 'null'),
(302, '5', '000302', 1, 28000.00, 28000.00, 0.00, 28000.00, 0.00, NULL, NULL, 0.00, 28000.00, 6, '15:43:06', NULL, 0.00, 28000.00, 0.00, 0.00, 0.00, 0, '', 'plain', '2020-02-25', '2020-02-25 08:31:58', '15:31:58', NULL, '2020-02-25 17:27:03', 'No', 1, 1, 1, 3, 2, 'Live', '[]'),
(303, '1', '000303', 3, 31000.00, 31000.00, 0.00, 31000.00, 0.00, NULL, NULL, 0.00, 31000.00, 6, '15:26:20', NULL, 0.00, 31000.00, 0.00, 0.00, 0.00, 0, '', 'plain', '2020-02-25', '2020-02-25 10:11:40', '17:11:40', NULL, '2020-02-25 17:27:06', 'No', 1, 1, 1, 3, 2, 'Live', '[]'),
(304, '1', '000304', 6, 97000.00, 97000.00, 0.00, 97000.00, 0.00, NULL, NULL, 0.00, 97000.00, 6, '15:43:55', NULL, 0.00, 97000.00, 0.00, 0.00, 0.00, 0, '', 'plain', '2020-02-25', '2020-02-25 10:12:24', '17:12:24', NULL, '2020-02-25 17:27:24', 'No', 1, 1, 1, 3, 2, 'Live', '[]'),
(305, '1', '000305', 3, 31000.00, 31000.00, 0.00, 31000.00, 0.00, NULL, NULL, 0.00, 31000.00, 6, '15:44:18', NULL, 0.00, 31000.00, 0.00, 0.00, 0.00, 0, '', 'plain', '2020-02-26', '2020-02-26 04:50:36', '11:50:36', '2020-02-27 15:30:31', NULL, 'No', 1, 1, 1, 3, 2, 'Live', '[]'),
(306, '1', '000306', 9, 133000.00, 133000.00, 0.00, 133000.00, 0.00, NULL, NULL, 0.00, 133000.00, 6, '16:38:46', NULL, 0.00, 133000.00, 0.00, 0.00, 0.00, 0, '', 'plain', '2020-02-27', '2020-02-27 08:36:13', '15:36:13', NULL, '2020-02-27 16:37:48', 'Yes', 1, 1, 1, 3, 1, 'Live', '[]'),
(307, '1', '000307', 6, 97000.00, 97000.00, 0.00, 97000.00, 0.00, NULL, NULL, 0.00, 97000.00, 6, '16:35:01', NULL, 0.00, 97000.00, 0.00, 0.00, 0.00, 0, '', 'plain', '2020-02-27', '2020-02-27 09:34:03', '16:34:03', NULL, '2020-02-27 16:34:44', 'No', 1, 1, 1, 3, 2, 'Live', '[]'),
(308, '1', '000308', 6, 113000.00, 113000.00, 0.00, 113000.00, 0.00, NULL, NULL, 0.00, 113000.00, 6, '16:47:02', NULL, 0.00, 113000.00, 0.00, 0.00, 0.00, 0, '', 'plain', '2020-02-27', '2020-02-27 09:46:44', '16:46:44', NULL, NULL, 'No', 1, 1, 1, 3, 2, 'Live', '[]'),
(309, '1', '000309', 5, 87000.00, 87000.00, 0.00, 87000.00, 0.00, NULL, NULL, 0.00, 87000.00, 6, '16:48:03', NULL, 0.00, 87000.00, 0.00, 0.00, 0.00, 0, '', 'plain', '2020-02-27', '2020-02-27 09:47:37', '16:47:37', NULL, NULL, 'No', 1, 1, 1, 3, 2, 'Live', '[]'),
(310, '1', '000310', 6, 97000.00, 97000.00, 0.00, 97000.00, 0.00, NULL, NULL, 0.00, 97000.00, 6, '17:06:30', NULL, 0.00, 97000.00, 0.00, 0.00, 0.00, 0, '', 'plain', '2020-02-27', '2020-02-27 10:05:34', '17:05:34', '2020-02-27 17:05:52', '2020-02-27 17:06:16', 'No', 1, 1, 1, 3, 2, 'Live', '[]'),
(311, '1', '000311', 6, 97000.00, 97000.00, 0.00, 97000.00, 0.00, NULL, NULL, 0.00, 97000.00, 6, '17:20:46', NULL, 0.00, 97000.00, 0.00, 0.00, 0.00, 0, '', 'plain', '2020-02-27', '2020-02-27 10:19:35', '17:19:35', '2020-02-27 17:19:42', '2020-02-27 17:19:57', 'No', 1, 1, 1, 3, 2, 'Live', '[]'),
(312, '1', '000312', 2, 21000.00, 21000.00, 0.00, 24000.00, 3000.00, NULL, NULL, 0.00, 21000.00, 6, '17:21:14', NULL, 0.00, 21000.00, 0.00, 0.00, 0.00, 0, '', 'plain', '2020-02-27', '2020-02-27 10:21:01', '17:21:01', NULL, NULL, 'No', 1, 1, 1, 3, 2, 'Live', '[]'),
(313, '1', '000313', 3, 31000.00, 31000.00, 0.00, 50000.00, 19000.00, NULL, NULL, 0.00, 31000.00, 6, '17:38:22', NULL, 0.00, 31000.00, 0.00, 0.00, 0.00, 0, '', 'plain', '2020-02-27', '2020-02-27 10:38:05', '17:38:05', NULL, NULL, 'No', 1, 1, 1, 3, 2, 'Live', '[]'),
(314, '1', '000314', 6, 97000.00, 97000.00, 0.00, 100000.00, 3000.00, NULL, NULL, 0.00, 97000.00, 6, '17:40:31', NULL, 0.00, 97000.00, 0.00, 0.00, 0.00, 0, '', 'plain', '2020-02-27', '2020-02-27 10:40:10', '17:40:10', NULL, NULL, 'No', 1, 1, 1, 3, 2, 'Live', '[]'),
(315, '1', '000315', 6, 97000.00, 97000.00, 0.00, 100000.00, 3000.00, NULL, NULL, 0.00, 97000.00, 6, '17:53:51', NULL, 0.00, 97000.00, 0.00, 0.00, 0.00, 0, '', 'plain', '2020-02-27', '2020-02-27 10:53:37', '17:53:37', NULL, NULL, 'No', 1, 1, 1, 3, 2, 'Live', '[]'),
(316, '1', '000316', 2, 15000.00, 15000.00, 0.00, 20000.00, 5000.00, NULL, NULL, 0.00, 15000.00, 6, '17:56:40', NULL, 0.00, 15000.00, 0.00, 0.00, 0.00, 0, '', 'plain', '2020-02-27', '2020-02-27 10:56:25', '17:56:25', NULL, NULL, 'No', 1, 1, 1, 3, 2, 'Live', '[]'),
(317, '1', '000317', 9, 125000.00, 125000.00, 0.00, 125000.00, 0.00, NULL, NULL, 0.00, 125000.00, 6, '15:46:58', NULL, 0.00, 125000.00, 0.00, 0.00, 0.00, 0, '', 'plain', '2020-02-27', '2020-02-27 12:05:43', '19:05:43', NULL, NULL, 'No', 1, 1, 1, 3, 2, 'Live', '[]'),
(318, '1', '000318', 6, 102000.00, 102000.00, 0.00, 102000.00, 0.00, NULL, NULL, 0.00, 102000.00, 6, '14:13:44', NULL, 0.00, 102000.00, 0.00, 0.00, 0.00, 0, '', 'plain', '2020-02-28', '2020-02-28 07:11:16', '14:11:16', NULL, NULL, 'Yes', 1, 1, 1, 3, 2, 'Live', '[]'),
(319, '1', '000319', 6, 97000.00, 97000.00, 0.00, 97000.00, 0.00, NULL, NULL, 0.00, 97000.00, 6, '16:00:34', NULL, 0.00, 97000.00, 0.00, 0.00, 0.00, 0, '', 'plain', '2020-02-28', '2020-02-28 07:12:27', '14:12:27', NULL, NULL, 'No', 1, 1, 1, 3, 2, 'Live', '[]'),
(320, '1', '000320', 3, 51000.00, 51000.00, 0.00, 60000.00, 9000.00, NULL, NULL, 0.00, 51000.00, 6, '17:31:50', NULL, 0.00, 51000.00, 0.00, 0.00, 0.00, 0, '', 'plain', '2020-02-28', '2020-02-28 07:19:34', '14:19:34', NULL, NULL, 'No', 1, 1, 1, 3, 2, 'Live', '[]'),
(321, '1', '000321', 6, 97000.00, 97000.00, 0.00, 100000.00, 3000.00, NULL, NULL, 0.00, 97000.00, 6, '17:34:37', NULL, 0.00, 97000.00, 0.00, 0.00, 0.00, 0, '', 'plain', '2020-02-28', '2020-02-28 08:02:30', '15:02:30', NULL, NULL, 'No', 1, 1, 1, 3, 2, 'Live', '[]'),
(322, '1', '000322', 6, 97000.00, 97000.00, 0.00, 97000.00, 0.00, NULL, NULL, 0.00, 97000.00, 6, '17:36:21', NULL, 0.00, 97000.00, 0.00, 0.00, 0.00, 0, '', 'plain', '2020-02-28', '2020-02-28 08:02:36', '15:02:36', NULL, NULL, 'No', 1, 1, 1, 3, 2, 'Live', '[]'),
(323, '1', '000323', 2, 15000.00, 15000.00, 0.00, 15000.00, 0.00, NULL, NULL, 0.00, 15000.00, 6, '17:37:26', NULL, 0.00, 15000.00, 0.00, 0.00, 0.00, 0, '', 'plain', '2020-02-28', '2020-02-28 08:03:31', '15:03:31', NULL, NULL, 'No', 1, 1, 1, 3, 2, 'Live', '[]'),
(324, '1', '000324', 1, 5000.00, 5000.00, 0.00, 5000.00, 0.00, NULL, NULL, 0.00, 5000.00, 6, '17:38:08', NULL, 0.00, 5000.00, 0.00, 0.00, 0.00, 0, '', 'plain', '2020-02-28', '2020-02-28 08:08:04', '15:08:04', NULL, NULL, 'No', 1, 1, 1, 3, 2, 'Live', '[]'),
(325, '1', '000325', 1, 5000.00, 5000.00, 0.00, 50000.00, 45000.00, NULL, NULL, 0.00, 5000.00, 6, '17:39:24', NULL, 0.00, 5000.00, 0.00, 0.00, 0.00, 0, '', 'plain', '2020-02-28', '2020-02-28 08:16:04', '15:16:04', NULL, NULL, 'No', 1, 1, 1, 3, 2, 'Live', '[]'),
(326, '1', '000326', 1, 5000.00, 5000.00, 0.00, 5000.00, 0.00, NULL, NULL, 0.00, 5000.00, 4, '17:41:42', NULL, 0.00, 5000.00, 0.00, 0.00, 0.00, 0, '', 'plain', '2020-02-28', '2020-02-28 08:16:07', '15:16:07', NULL, NULL, 'No', 1, 1, 1, 3, 2, 'Live', '[]'),
(327, '1', '000327', 1, 5000.00, 5000.00, 0.00, 10000.00, 5000.00, NULL, NULL, 0.00, 5000.00, 6, '18:01:21', NULL, 0.00, 5000.00, 0.00, 0.00, 0.00, 0, '', 'plain', '2020-02-28', '2020-02-28 08:16:13', '15:16:13', NULL, NULL, 'No', 1, 1, 1, 3, 2, 'Live', '[]'),
(328, '1', '000328', 1, 5000.00, 5000.00, 0.00, 5000.00, 0.00, NULL, NULL, 0.00, 5000.00, 6, '18:02:43', NULL, 0.00, 5000.00, 0.00, 0.00, 0.00, 0, '', 'plain', '2020-02-28', '2020-02-28 08:16:33', '15:16:33', NULL, NULL, 'No', 1, 1, 1, 3, 2, 'Live', '[]'),
(329, '1', '000329', 1, 33000.00, 33000.00, 0.00, 33000.00, 0.00, NULL, NULL, 0.00, 33000.00, 6, '18:08:45', NULL, 0.00, 33000.00, 0.00, 0.00, 0.00, 0, '', 'plain', '2020-02-28', '2020-02-28 11:08:26', '18:08:26', NULL, NULL, 'No', 1, 1, 1, 3, 2, 'Live', '[]'),
(330, '1', '000330', 1, 33000.00, 33000.00, 0.00, 40000.00, 7000.00, NULL, NULL, 0.00, 33000.00, 6, '18:14:54', NULL, 0.00, 33000.00, 0.00, 0.00, 0.00, 0, '', 'plain', '2020-02-28', '2020-02-28 11:14:43', '18:14:43', NULL, NULL, 'No', 1, 1, 1, 3, 2, 'Live', '[]'),
(331, '1', '000331', 1, 33000.00, 33000.00, 0.00, 35000.00, 2000.00, NULL, NULL, 0.00, 33000.00, 6, '18:17:42', NULL, 0.00, 33000.00, 0.00, 0.00, 0.00, 0, '', 'plain', '2020-02-28', '2020-02-28 11:17:31', '18:17:31', NULL, NULL, 'No', 1, 1, 1, 3, 2, 'Live', '[]'),
(332, '1', '000332', 1, 33000.00, 33000.00, 0.00, 33000.00, 0.00, NULL, NULL, 0.00, 33000.00, 6, '18:34:34', NULL, 0.00, 33000.00, 0.00, 0.00, 0.00, 0, '', 'plain', '2020-02-28', '2020-02-28 11:27:32', '18:27:32', NULL, NULL, 'No', 1, 1, 1, 3, 2, 'Live', '[]'),
(333, '1', '000333', 1, 5000.00, 5000.00, 0.00, 10000.00, 5000.00, NULL, NULL, 0.00, 5000.00, 6, '14:22:04', NULL, 0.00, 5000.00, 0.00, 0.00, 0.00, 0, '', 'plain', '2020-02-28', '2020-02-28 11:44:52', '18:44:52', NULL, '2020-02-29 13:45:08', 'No', 1, 1, 1, 3, 2, 'Live', '[]'),
(334, '4', '000334', 1, 4500.00, 4745.00, 0.00, 6000.00, 1255.00, NULL, NULL, 0.00, 4745.00, 6, '14:31:47', NULL, 500.00, 4500.00, 0.00, 0.00, 450.00, 0, '', 'plain', '2020-03-02', '2020-03-02 04:50:00', '11:50:00', NULL, NULL, 'No', 1, 1, 1, 3, 3, 'Live', '[]'),
(335, '4', '000335', 1, 4000.00, NULL, NULL, NULL, NULL, NULL, NULL, 0.00, 4220.00, NULL, '00:00:00', NULL, 1000.00, 4000.00, 0.00, 0.00, 400.00, 0, '', 'plain', '2020-03-02', '2020-03-02 04:51:12', '11:51:12', NULL, '2020-03-02 15:18:50', 'No', 1, 1, 1, 1, 3, 'Live', '[]'),
(336, '4', '000336', 1, 5000.00, 5020.00, 0.00, 6000.00, 980.00, NULL, NULL, 0.00, 5020.00, 6, '14:22:59', NULL, 0.00, 5000.00, 0.00, 0.00, 500.00, 0, '', 'plain', '2020-03-02', '2020-03-02 04:52:57', '11:52:57', NULL, NULL, 'No', 1, 1, 1, 3, 3, 'Live', '[]'),
(337, '1', '000337', 1, 5000.00, NULL, NULL, NULL, NULL, NULL, NULL, 0.00, 5010.00, NULL, '00:00:00', NULL, 0.00, 5000.00, 0.00, 0.00, 500.00, 0, '', 'plain', '2020-03-02', '2020-03-02 04:56:27', '11:56:27', '2020-03-02 14:29:41', '2020-03-02 15:23:37', 'No', 1, 1, 1, 1, 2, 'Live', '[]'),
(338, '1', '000338', 2, 15000.00, 15000.00, NULL, NULL, NULL, NULL, NULL, 0.00, 15000.00, 3, '14:24:09', NULL, 0.00, 15000.00, 0.00, 0.00, 0.00, 0, '', 'plain', '2020-03-02', '2020-03-02 07:24:09', '14:24:09', NULL, NULL, 'No', 1, 1, 1, 3, 2, 'Live', '[]'),
(339, '1', '000339', 6, 97000.00, NULL, NULL, NULL, NULL, NULL, NULL, 0.00, 97010.00, NULL, '00:00:00', NULL, 0.00, 97000.00, 0.00, 0.00, 9700.00, 0, '', 'plain', '2020-03-02', '2020-03-02 07:28:26', '14:28:26', '2020-03-02 14:30:13', '2020-03-02 15:23:40', 'No', 1, 1, 1, 1, 2, 'Live', '[]'),
(340, '1', '000340', 6, 97000.00, NULL, NULL, NULL, NULL, NULL, NULL, 0.00, 97020.00, NULL, '00:00:00', NULL, 0.00, 97000.00, 0.00, 0.00, 9700.00, 0, '', 'plain', '2020-03-02', '2020-03-02 07:29:25', '14:29:25', '2020-03-02 14:30:35', '2020-03-02 15:23:44', 'No', 1, 1, 1, 1, 2, 'Live', '[]'),
(343, '1', '000343', 9, 125000.00, NULL, NULL, NULL, NULL, NULL, NULL, 0.00, 131260.00, NULL, '00:00:00', NULL, 0.00, 125000.00, 0.00, 0.00, 12500.00, 0, '', 'plain', '2020-03-02', '2020-03-02 08:24:12', '15:24:12', '2020-03-02 15:24:23', '2020-03-02 15:25:37', 'No', 1, 1, 1, 1, 2, 'Live', '[]'),
(344, '1', '000344', 6, 97000.00, NULL, NULL, NULL, NULL, NULL, NULL, 0.00, 101860.00, NULL, '00:00:00', NULL, 0.00, 97000.00, 0.00, 0.00, 9700.00, 0, '', 'plain', '2020-03-02', '2020-03-02 08:26:05', '15:26:05', '2020-03-02 15:26:15', '2020-03-02 15:26:32', 'No', 1, 1, 1, 1, 2, 'Live', '[]'),
(345, '1', '000345', 8, 110000.00, NULL, NULL, NULL, NULL, NULL, NULL, 0.00, 115510.00, NULL, '00:00:00', NULL, 0.00, 110000.00, 0.00, 0.00, 11000.00, 0, '', 'plain', '2020-03-02', '2020-03-02 08:27:13', '15:27:13', '2020-03-02 15:27:25', NULL, 'No', 1, 1, 1, 1, 2, 'Live', '[]'),
(346, '1', '000346', 1, 5000.00, NULL, NULL, NULL, NULL, NULL, NULL, 0.00, 5260.00, NULL, '00:00:00', NULL, 0.00, 5000.00, 0.00, 0.00, 500.00, 0, '', 'plain', '2020-03-02', '2020-03-02 08:39:53', '15:39:53', NULL, NULL, 'No', 1, 1, 1, 1, 2, 'Live', '[]'),
(347, '4', '000347', 1, 5000.00, NULL, NULL, NULL, NULL, NULL, NULL, 0.00, 6250.00, NULL, '00:00:00', NULL, 0.00, 5000.00, 0.00, 0.00, 0.00, 0, '', 'plain', '2020-03-02', '2020-03-02 11:53:02', '18:53:02', NULL, NULL, 'No', 1, 1, 1, 1, 3, 'Live', '[]'),
(348, '4', '000348', 1, 4000.00, NULL, NULL, NULL, NULL, NULL, NULL, 0.00, 5000.00, NULL, '00:00:00', NULL, 1000.00, 4000.00, 0.00, 0.00, 0.00, 0, '', 'plain', '2020-03-02', '2020-03-02 11:55:00', '18:55:00', NULL, NULL, 'No', 1, 1, 1, 1, 3, 'Live', '[]');

-- --------------------------------------------------------

--
-- Table structure for table `tbl_sales_details`
--

CREATE TABLE `tbl_sales_details` (
  `id` bigint(50) NOT NULL,
  `food_menu_id` int(10) DEFAULT NULL,
  `menu_name` varchar(50) DEFAULT NULL,
  `qty` int(10) DEFAULT NULL,
  `menu_price_without_discount` float(10,2) NOT NULL,
  `menu_price_with_discount` float(10,2) NOT NULL,
  `menu_unit_price` float(10,2) NOT NULL,
  `menu_vat_percentage` float(10,2) NOT NULL,
  `menu_taxes` text DEFAULT NULL,
  `menu_discount_value` varchar(20) DEFAULT NULL,
  `discount_type` varchar(20) NOT NULL,
  `menu_note` varchar(150) DEFAULT NULL,
  `discount_amount` double(10,2) DEFAULT NULL,
  `item_type` varchar(50) DEFAULT NULL,
  `cooking_status` varchar(30) DEFAULT NULL,
  `cooking_start_time` datetime NOT NULL DEFAULT '0000-00-00 00:00:00',
  `cooking_done_time` datetime NOT NULL DEFAULT '0000-00-00 00:00:00',
  `previous_id` bigint(50) NOT NULL,
  `sales_id` int(10) DEFAULT NULL,
  `order_status` tinyint(1) NOT NULL COMMENT '1=new order,2=invoiced order, 3=closed order',
  `user_id` int(10) DEFAULT NULL,
  `outlet_id` int(10) DEFAULT NULL,
  `del_status` varchar(50) DEFAULT 'Live'
) ENGINE=InnoDB DEFAULT CHARSET=utf8 ROW_FORMAT=COMPACT;

--
-- Dumping data for table `tbl_sales_details`
--

INSERT INTO `tbl_sales_details` (`id`, `food_menu_id`, `menu_name`, `qty`, `menu_price_without_discount`, `menu_price_with_discount`, `menu_unit_price`, `menu_vat_percentage`, `menu_taxes`, `menu_discount_value`, `discount_type`, `menu_note`, `discount_amount`, `item_type`, `cooking_status`, `cooking_start_time`, `cooking_done_time`, `previous_id`, `sales_id`, `order_status`, `user_id`, `outlet_id`, `del_status`) VALUES
(1, 1, 'Fried Rice with sausage (601)', 1, 25000.00, 25000.00, 25000.00, 0.00, '\"\"', '0', 'plain', '', 0.00, 'Kitchen Item', 'Done', '2019-12-08 13:50:02', '2019-12-08 13:50:08', 1, 13, 0, 1, 1, 'Live'),
(2, 2, 'Fish Set (602)', 1, 25000.00, 25000.00, 25000.00, 0.00, '\"\"', '0', 'plain', '', 0.00, 'Kitchen Item', 'Done', '2019-12-08 13:50:02', '2019-12-08 13:50:08', 2, 13, 0, 1, 1, 'Live'),
(3, 89, 'Pete 1 Papan (724)', 1, 10000.00, 10000.00, 10000.00, 0.00, '\"\"', '0', 'plain', '', 0.00, 'Kitchen Item', 'Done', '2019-12-08 13:35:17', '2019-12-08 13:37:48', 3, 14, 0, 1, 1, 'Live'),
(4, 84, 'Tempe Crispy (721)', 1, 5000.00, 5000.00, 5000.00, 0.00, '\"\"', '0', 'plain', '', 0.00, 'Kitchen Item', 'Done', '2019-12-08 13:48:23', '2019-12-08 13:48:31', 4, 15, 0, 1, 1, 'Live'),
(5, 1, 'Fried Rice with sausage (601)', 1, 25000.00, 25000.00, 25000.00, 0.00, '\"\"', '0', 'plain', '', 0.00, 'Kitchen Item', 'Done', '2019-12-08 13:49:12', '2019-12-08 13:49:43', 5, 16, 0, 1, 1, 'Live'),
(6, 84, 'Tempe Crispy (721)', 1, 5000.00, 5000.00, 5000.00, 0.00, '\"\"', '0', 'plain', '', 0.00, 'Kitchen Item', NULL, '0000-00-00 00:00:00', '0000-00-00 00:00:00', 6, 17, 0, 1, 1, 'Live'),
(7, 84, 'Tempe Crispy (721)', 1, 5000.00, 5000.00, 5000.00, 0.00, '\"\"', '0', 'plain', '', 0.00, 'Kitchen Item', 'Done', '2019-12-08 14:33:56', '2019-12-08 14:34:00', 7, 18, 0, 1, 1, 'Live'),
(8, 1, 'Fried Rice with sausage (601)', 1, 25000.00, 25000.00, 25000.00, 0.00, '\"\"', '0', 'plain', '', 0.00, 'Kitchen Item', 'Done', '2019-12-08 14:33:56', '2019-12-08 14:34:00', 8, 18, 0, 1, 1, 'Live'),
(9, 84, 'Tempe Crispy (721)', 1, 5000.00, 5000.00, 5000.00, 0.00, '\"\"', '0', 'plain', '', 0.00, 'Kitchen Item', NULL, '0000-00-00 00:00:00', '0000-00-00 00:00:00', 9, 19, 0, 1, 1, 'Live'),
(10, 1, 'Fried Rice with sausage (601)', 1, 25000.00, 25000.00, 25000.00, 0.00, '\"\"', '0', 'plain', '', 0.00, 'Kitchen Item', NULL, '0000-00-00 00:00:00', '0000-00-00 00:00:00', 10, 19, 0, 1, 1, 'Live'),
(11, 84, 'Tempe Crispy (721)', 1, 5000.00, 5000.00, 5000.00, 0.00, '\"\"', '0', 'plain', '', 0.00, 'Kitchen Item', NULL, '0000-00-00 00:00:00', '0000-00-00 00:00:00', 11, 20, 0, 1, 1, 'Live'),
(12, 84, 'Tempe Crispy (721)', 1, 5000.00, 5000.00, 5000.00, 0.00, '\"\"', '0', 'plain', '', 0.00, 'Kitchen Item', NULL, '0000-00-00 00:00:00', '0000-00-00 00:00:00', 12, 21, 0, 1, 1, 'Live'),
(13, 1, 'Fried Rice with sausage (601)', 1, 25000.00, 25000.00, 25000.00, 0.00, '\"\"', '0', 'plain', '', 0.00, 'Kitchen Item', NULL, '0000-00-00 00:00:00', '0000-00-00 00:00:00', 13, 21, 0, 1, 1, 'Live'),
(14, 89, 'Pete 1 Papan (724)', 1, 10000.00, 10000.00, 10000.00, 0.00, '\"\"', '0', 'plain', '', 0.00, 'Kitchen Item', NULL, '0000-00-00 00:00:00', '0000-00-00 00:00:00', 14, 21, 0, 1, 1, 'Live'),
(15, 1, 'Fried Rice with sausage (601)', 1, 25000.00, 25000.00, 25000.00, 0.00, '\"\"', '0', 'plain', '', 0.00, 'Kitchen Item', NULL, '0000-00-00 00:00:00', '0000-00-00 00:00:00', 15, 22, 0, 1, 1, 'Live'),
(16, 88, 'Kulit Crispy (723)', 1, 8000.00, 8000.00, 8000.00, 0.00, '\"\"', '0', 'plain', '', 0.00, 'Kitchen Item', NULL, '0000-00-00 00:00:00', '0000-00-00 00:00:00', 16, 22, 0, 1, 1, 'Live'),
(17, 84, 'Tempe Crispy (721)', 1, 5000.00, 5000.00, 5000.00, 0.00, '\"\"', '0', 'plain', '', 0.00, 'Kitchen Item', 'Done', '2019-12-08 21:13:18', '2019-12-08 21:13:21', 17, 23, 0, 1, 1, 'Live'),
(18, 85, 'Jamur Crispy (725)', 1, 10000.00, 10000.00, 10000.00, 0.00, '\"\"', '0', 'plain', '', 0.00, 'Kitchen Item', 'Done', '2019-12-08 21:13:18', '2019-12-08 21:13:22', 18, 23, 0, 1, 1, 'Live'),
(19, 1, 'Fried Rice with sausage (601)', 1, 25000.00, 25000.00, 25000.00, 0.00, '\"\"', '0', 'plain', '', 0.00, 'Kitchen Item', 'Done', '2019-12-08 21:21:08', '2019-12-08 21:21:14', 19, 24, 0, 1, 1, 'Live'),
(20, 2, 'Fish Set (602)', 1, 25000.00, 25000.00, 25000.00, 0.00, '\"\"', '0', 'plain', '', 0.00, 'Kitchen Item', 'Done', '2019-12-08 21:21:08', '2019-12-08 21:21:15', 20, 24, 0, 1, 1, 'Live'),
(21, 88, 'Kulit Crispy (723)', 1, 8000.00, 8000.00, 8000.00, 0.00, '\"\"', '0', 'plain', '', 0.00, 'Kitchen Item', 'Done', '2019-12-10 21:43:37', '2019-12-10 21:44:18', 21, 25, 0, 1, 1, 'Live'),
(22, 1, 'Fried Rice with sausage (601)', 1, 25000.00, 25000.00, 25000.00, 0.00, '\"\"', '0', 'plain', '', 0.00, 'Kitchen Item', 'Done', '2019-12-10 21:43:38', '2019-12-10 21:44:19', 22, 25, 0, 1, 1, 'Live'),
(26, 88, 'Kulit Crispy (723)', 1, 8000.00, 8000.00, 8000.00, 0.00, '\"\"', '0', 'plain', '', 0.00, 'Kitchen Item', NULL, '0000-00-00 00:00:00', '0000-00-00 00:00:00', 26, 27, 0, 1, 1, 'Live'),
(27, 85, 'Jamur Crispy (725)', 1, 10000.00, 10000.00, 10000.00, 0.00, '\"\"', '0', 'plain', '', 0.00, 'Kitchen Item', NULL, '0000-00-00 00:00:00', '0000-00-00 00:00:00', 27, 27, 0, 1, 1, 'Live'),
(28, 84, 'Tempe Crispy (721)', 1, 5000.00, 5000.00, 5000.00, 0.00, '\"\"', '0', 'plain', '', 0.00, 'Kitchen Item', 'Started Cooking', '2019-12-09 02:19:27', '0000-00-00 00:00:00', 28, 28, 0, 1, 1, 'Live'),
(29, 85, 'Jamur Crispy (725)', 1, 10000.00, 10000.00, 10000.00, 0.00, '\"\"', '0', 'plain', '', 0.00, 'Kitchen Item', 'Started Cooking', '2019-12-09 02:19:55', '0000-00-00 00:00:00', 29, 28, 0, 1, 1, 'Live'),
(30, 2, 'Fish Set (602)', 1, 25000.00, 25000.00, 25000.00, 0.00, '\"\"', '0', 'plain', '', 0.00, 'Kitchen Item', 'Started Cooking', '2019-12-09 02:19:55', '0000-00-00 00:00:00', 30, 28, 0, 1, 1, 'Live'),
(31, 90, 'Kulit Crispy Telur Asin (727)', 1, 16000.00, 16000.00, 16000.00, 0.00, '\"\"', '0', 'plain', '', 0.00, 'Kitchen Item', 'Started Cooking', '2019-12-09 02:19:55', '0000-00-00 00:00:00', 31, 28, 0, 1, 1, 'Live'),
(32, 83, 'Tahu Crispy (720)', 1, 5000.00, 5000.00, 5000.00, 0.00, '\"\"', '0', 'plain', '', 0.00, 'Kitchen Item', NULL, '0000-00-00 00:00:00', '0000-00-00 00:00:00', 32, 28, 0, 1, 1, 'Live'),
(33, 84, 'Tempe Crispy (721)', 1, 5000.00, 5000.00, 5000.00, 0.00, '\"\"', '0', 'plain', '', 0.00, 'Kitchen Item', 'Done', '2020-01-14 09:35:49', '2020-01-14 09:35:54', 33, 29, 0, 1, 1, 'Live'),
(34, 1, 'Fried Rice with sausage (601)', 1, 25000.00, 25000.00, 25000.00, 0.00, '\"\"', '0', 'plain', '', 0.00, 'Kitchen Item', 'Done', '2020-01-14 09:35:49', '2020-01-14 09:35:54', 34, 29, 0, 1, 1, 'Live'),
(35, 89, 'Pete 1 Papan (724)', 1, 10000.00, 10000.00, 10000.00, 0.00, '\"\"', '0', 'plain', '', 0.00, 'Kitchen Item', 'Done', '2020-01-14 09:35:49', '2020-01-14 09:35:54', 35, 29, 0, 1, 1, 'Live'),
(36, 83, 'Tahu Crispy (720)', 1, 5000.00, 5000.00, 5000.00, 0.00, '\"\"', '0', 'plain', '', 0.00, 'Kitchen Item', 'Started Cooking', '2019-12-12 17:49:32', '0000-00-00 00:00:00', 36, 30, 0, 1, 1, 'Live'),
(37, 195, 'Iced Lemon Tea (1707)', 1, 15000.00, 15000.00, 15000.00, 0.00, '\"\"', '0', 'plain', '', 0.00, 'Kitchen Item', 'Started Cooking', '2019-12-12 17:49:32', '0000-00-00 00:00:00', 37, 30, 0, 1, 1, 'Live'),
(38, 85, 'Jamur Crispy (725)', 1, 10000.00, 10000.00, 10000.00, 0.00, '\"\"', '0', 'plain', '', 0.00, 'Kitchen Item', 'Started Cooking', '2020-01-03 11:29:36', '0000-00-00 00:00:00', 38, 31, 0, 1, 1, 'Live'),
(39, 85, 'Jamur Crispy (725)', 1, 10000.00, 10000.00, 10000.00, 0.00, '\"\"', '0', 'plain', '', 0.00, 'Kitchen Item', NULL, '0000-00-00 00:00:00', '0000-00-00 00:00:00', 39, 31, 0, 1, 1, 'Live'),
(40, 85, 'Jamur Crispy (725)', 1, 10000.00, 10000.00, 10000.00, 0.00, '\"\"', '0', 'plain', '', 0.00, 'Kitchen Item', NULL, '0000-00-00 00:00:00', '0000-00-00 00:00:00', 40, 31, 0, 1, 1, 'Live'),
(41, 90, 'Kulit Crispy Telur Asin (727)', 1, 16000.00, 16000.00, 16000.00, 0.00, '\"\"', '0', 'plain', '', 0.00, 'Kitchen Item', 'Started Cooking', '2020-01-03 11:33:00', '0000-00-00 00:00:00', 41, 32, 0, 1, 1, 'Live'),
(42, 90, 'Kulit Crispy Telur Asin (727)', 1, 16000.00, 16000.00, 16000.00, 0.00, '\"\"', '0', 'plain', '', 0.00, 'Kitchen Item', 'Started Cooking', '2020-01-03 11:35:29', '0000-00-00 00:00:00', 42, 32, 0, 1, 1, 'Live'),
(43, 90, 'Kulit Crispy Telur Asin (727)', 1, 16000.00, 16000.00, 16000.00, 0.00, '\"\"', '0', 'plain', '', 0.00, 'Kitchen Item', NULL, '0000-00-00 00:00:00', '0000-00-00 00:00:00', 43, 32, 0, 1, 1, 'Live'),
(44, 90, 'Kulit Crispy Telur Asin (727)', 1, 16000.00, 16000.00, 16000.00, 0.00, '\"\"', '0', 'plain', '', 0.00, 'Kitchen Item', 'Started Cooking', '2020-01-03 11:36:00', '0000-00-00 00:00:00', 44, 32, 0, 1, 1, 'Live'),
(45, 90, 'Kulit Crispy Telur Asin (727)', 1, 16000.00, 16000.00, 16000.00, 0.00, '\"\"', '0', 'plain', '', 0.00, 'Kitchen Item', NULL, '0000-00-00 00:00:00', '0000-00-00 00:00:00', 45, 32, 0, 1, 1, 'Live'),
(46, 90, 'Kulit Crispy Telur Asin (727)', 1, 16000.00, 16000.00, 16000.00, 0.00, '\"\"', '0', 'plain', '', 0.00, 'Kitchen Item', NULL, '0000-00-00 00:00:00', '0000-00-00 00:00:00', 46, 32, 0, 1, 1, 'Live'),
(47, 90, 'Kulit Crispy Telur Asin (727)', 1, 16000.00, 16000.00, 16000.00, 0.00, '\"\"', '0', 'plain', '', 0.00, 'Kitchen Item', NULL, '0000-00-00 00:00:00', '0000-00-00 00:00:00', 47, 32, 0, 1, 1, 'Live'),
(48, 90, 'Kulit Crispy Telur Asin (727)', 1, 16000.00, 16000.00, 16000.00, 0.00, '\"\"', '0', 'plain', '', 0.00, 'Kitchen Item', NULL, '0000-00-00 00:00:00', '0000-00-00 00:00:00', 48, 32, 0, 1, 1, 'Live'),
(49, 85, 'Jamur Crispy (725)', 2, 20000.00, 20000.00, 10000.00, 0.00, '\"\"', '0', 'plain', '', 0.00, 'Kitchen Item', NULL, '0000-00-00 00:00:00', '0000-00-00 00:00:00', 49, 33, 0, 1, 1, 'Live'),
(50, 85, 'Jamur Crispy (725)', 1, 10000.00, 10000.00, 10000.00, 0.00, '\"\"', '0', 'plain', '', 0.00, 'Kitchen Item', NULL, '0000-00-00 00:00:00', '0000-00-00 00:00:00', 50, 33, 0, 1, 1, 'Live'),
(51, 85, 'Jamur Crispy (725)', 1, 10000.00, 10000.00, 10000.00, 0.00, '\"\"', '0', 'plain', '', 0.00, 'Kitchen Item', 'Started Cooking', '2020-01-03 11:35:13', '0000-00-00 00:00:00', 51, 33, 0, 1, 1, 'Live'),
(52, 89, 'Pete 1 Papan (724)', 1, 10000.00, 10000.00, 10000.00, 0.00, '\"\"', '0', 'plain', '', 0.00, 'Kitchen Item', 'Done', '2020-01-07 13:21:40', '2020-01-14 13:49:05', 52, 34, 0, 1, 1, 'Live'),
(53, 2, 'Fish Set (602)', 1, 25000.00, 25000.00, 25000.00, 0.00, '\"\"', '0', 'plain', '', 0.00, 'Kitchen Item', 'Done', '2020-01-07 13:21:40', '2020-01-14 13:49:05', 53, 34, 0, 1, 1, 'Live'),
(54, 85, 'Jamur Crispy (725)', 1, 10000.00, 10000.00, 10000.00, 0.00, '\"\"', '0', 'plain', '', 0.00, 'Kitchen Item', 'Done', '2020-01-14 09:35:11', '2020-01-14 13:49:05', 54, 34, 0, 1, 1, 'Live'),
(55, 84, 'Tempe Crispy (721)', 1, 5000.00, 5000.00, 5000.00, 0.00, '\"\"', '0', 'plain', '', 0.00, 'Kitchen Item', 'Done', '2020-01-14 13:48:42', '2020-01-14 13:49:05', 55, 34, 0, 1, 1, 'Live'),
(56, 89, 'Pete 1 Papan (724)', 1, 10000.00, 10000.00, 10000.00, 0.00, '\"\"', '0', 'plain', '', 0.00, 'Kitchen Item', 'Done', '0000-00-00 00:00:00', '2020-01-14 13:49:05', 56, 34, 0, 1, 1, 'Live'),
(57, 84, 'Tempe Crispy (721)', 1, 5000.00, 5000.00, 5000.00, 0.00, '\"\"', '0', 'plain', '', 0.00, 'Kitchen Item', 'Done', '2020-01-14 13:44:06', '2020-02-14 15:31:42', 57, 35, 0, 1, 1, 'Live'),
(58, 89, 'Pete 1 Papan (724)', 1, 10000.00, 10000.00, 10000.00, 0.00, '\"\"', '0', 'plain', '', 0.00, 'Kitchen Item', 'Done', '2020-01-14 13:44:06', '2020-02-14 15:31:42', 58, 35, 0, 1, 1, 'Live'),
(59, 88, 'Kulit Crispy (723)', 1, 8000.00, 8000.00, 8000.00, 0.00, '\"\"', '0', 'plain', '', 0.00, 'Kitchen Item', 'Done', '2020-01-14 13:44:06', '2020-02-14 15:31:42', 59, 35, 0, 1, 1, 'Live'),
(60, 90, 'Kulit Crispy Telur Asin (727)', 1, 16000.00, 16000.00, 16000.00, 0.00, '\"\"', '0', 'plain', '', 0.00, 'Kitchen Item', 'Done', '2020-01-14 13:44:06', '2020-02-14 15:31:42', 60, 35, 0, 1, 1, 'Live'),
(61, 84, 'Tempe Crispy (721)', 1, 5000.00, 5000.00, 5000.00, 0.00, '\"\"', '0', 'plain', '', 0.00, 'Kitchen Item', 'Done', '2020-01-14 13:44:06', '2020-02-14 15:31:42', 61, 35, 0, 1, 1, 'Live'),
(62, 84, 'Tempe Crispy (721)', 1, 5000.00, 5000.00, 5000.00, 0.00, '\"\"', '0', 'plain', '', 0.00, 'Kitchen Item', 'Done', '2020-02-14 15:54:59', '2020-02-17 11:41:36', 62, 36, 0, 1, 1, 'Live'),
(63, 90, 'Kulit Crispy Telur Asin (727)', 1, 16000.00, 16000.00, 16000.00, 0.00, '\"\"', '0', 'plain', '', 0.00, 'Kitchen Item', 'Done', '2020-02-14 15:54:59', '2020-02-17 11:41:36', 63, 36, 0, 1, 1, 'Live'),
(64, 89, 'Pete 1 Papan (724)', 1, 10000.00, 10000.00, 10000.00, 0.00, '\"\"', '0', 'plain', '', 0.00, 'Kitchen Item', 'Done', '0000-00-00 00:00:00', '2020-02-17 11:41:36', 64, 36, 0, 1, 1, 'Live'),
(65, 84, 'Tempe Crispy (721)', 1, 5000.00, 5000.00, 5000.00, 0.00, '\"\"', '0', 'plain', '', 0.00, 'Kitchen Item', 'Done', '0000-00-00 00:00:00', '2020-02-17 11:41:36', 65, 36, 0, 1, 1, 'Live'),
(70, 151, 'Hot Red Velvet Latte (1309)', 1, 22000.00, 22000.00, 22000.00, 0.00, '\"\"', '0', 'plain', '', 0.00, 'Kitchen Item', NULL, '0000-00-00 00:00:00', '0000-00-00 00:00:00', 70, 37, 0, 1, 1, 'Live'),
(71, 145, 'Sencha - Japanese Green Tea (1301)', 1, 15000.00, 15000.00, 15000.00, 0.00, '\"\"', '0', 'plain', '', 0.00, 'Kitchen Item', NULL, '0000-00-00 00:00:00', '0000-00-00 00:00:00', 71, 37, 0, 1, 1, 'Live'),
(72, 145, 'Sencha - Japanese Green Tea (1301)', 1, 15000.00, 15000.00, 15000.00, 0.00, '\"\"', '0', 'plain', '', 0.00, 'Kitchen Item', NULL, '0000-00-00 00:00:00', '0000-00-00 00:00:00', 72, 37, 0, 1, 1, 'Live'),
(73, 148, 'Hot Green Tea Latte (1307)', 1, 22000.00, 22000.00, 22000.00, 0.00, '\"\"', '0', 'plain', '', 0.00, 'Kitchen Item', NULL, '0000-00-00 00:00:00', '0000-00-00 00:00:00', 73, 37, 0, 1, 1, 'Live'),
(80, 84, 'Tempe Crispy (721)', 1, 5000.00, 5000.00, 5000.00, 0.00, '\"\"', '0', 'plain', '', 0.00, 'Kitchen Item', 'Done', '2020-02-17 12:16:59', '2020-02-17 12:17:15', 80, 38, 0, 1, 1, 'Live'),
(81, 84, 'Tempe Crispy (721)', 1, 5000.00, 5000.00, 5000.00, 0.00, '\"\"', '0', 'plain', '', 0.00, 'Kitchen Item', 'Done', '2020-02-17 12:16:59', '2020-02-17 12:17:15', 81, 38, 0, 1, 1, 'Live'),
(82, 85, 'Jamur Crispy (725)', 1, 10000.00, 10000.00, 10000.00, 0.00, '\"\"', '0', 'plain', '', 0.00, 'Kitchen Item', 'Done', '2020-02-17 12:16:59', '2020-02-17 12:17:15', 82, 38, 0, 1, 1, 'Live'),
(83, 2, 'Fish Set (602)', 1, 25000.00, 25000.00, 25000.00, 0.00, '\"\"', '0', 'plain', '', 0.00, 'Kitchen Item', 'Done', '2020-02-17 12:16:59', '2020-02-17 12:17:15', 83, 38, 0, 1, 1, 'Live'),
(84, 88, 'Kulit Crispy (723)', 1, 8000.00, 8000.00, 8000.00, 0.00, '\"\"', '0', 'plain', '', 0.00, 'Kitchen Item', 'Done', '2020-02-17 12:16:59', '2020-02-17 12:17:15', 84, 38, 0, 1, 1, 'Live'),
(85, 2, 'Fish Set (602)', 1, 25000.00, 25000.00, 25000.00, 0.00, '\"\"', '0', 'plain', '', 0.00, 'Kitchen Item', 'Done', '2020-02-17 12:17:00', '2020-02-17 12:17:15', 85, 38, 0, 1, 1, 'Live'),
(86, 146, 'Genmaicha - Japanese Brown Rice Tea (1302)', 1, 15000.00, 15000.00, 15000.00, 0.00, '\"\"', '0', 'plain', '', 0.00, 'Kitchen Item', 'Done', '0000-00-00 00:00:00', '2020-01-14 13:51:28', 79, 26, 0, 1, 1, 'Live'),
(87, 147, 'Hot Hojicha Latte - Jap Roastd Tea (1304)', 1, 22000.00, 22000.00, 22000.00, 0.00, '\"\"', '0', 'plain', '', 0.00, 'Kitchen Item', 'Done', '0000-00-00 00:00:00', '2020-01-14 13:51:28', 78, 26, 0, 1, 1, 'Live'),
(88, 89, 'Pete 1 Papan (724)', 1, 10000.00, 10000.00, 10000.00, 0.00, '\"\"', '0', 'plain', '', 0.00, 'Kitchen Item', 'Done', '2019-12-09 02:16:35', '2020-01-14 13:51:28', 25, 26, 0, 1, 1, 'Live'),
(89, 85, 'Jamur Crispy (725)', 1, 10000.00, 10000.00, 10000.00, 0.00, '\"\"', '0', 'plain', '', 0.00, 'Kitchen Item', 'Done', '2020-01-14 13:51:19', '2020-01-14 13:51:28', 24, 26, 0, 1, 1, 'Live'),
(90, 84, 'Tempe Crispy (721)', 1, 5000.00, 5000.00, 5000.00, 0.00, '\"\"', '0', 'plain', '', 0.00, 'Kitchen Item', 'Done', '2019-12-09 00:54:20', '2020-01-14 13:51:28', 23, 26, 0, 1, 1, 'Live'),
(91, 84, 'Tempe Crispy (721)', 1, 5000.00, 5000.00, 5000.00, 0.00, '\"\"', '0', 'plain', '', 0.00, 'Kitchen Item', 'Done', '2020-01-14 13:51:19', '2020-01-14 13:51:28', 69, 26, 0, 1, 1, 'Live'),
(92, 248, 'Taichan Original Big Momah (0909)', 1, 98000.00, 98000.00, 98000.00, 0.00, '0', '0', 'plain', '', 0.00, 'Bar Item', 'undefined', '1970-01-01 07:00:00', '1970-01-01 07:00:00', 0, 39, 0, 1, 1, 'Live'),
(93, 204, 'Nasi Putih (0023)', 1, 4000.00, 4000.00, 4000.00, 0.00, '0', '0', 'plain', '', 0.00, 'Bar Item', 'undefined', '1970-01-01 07:00:00', '1970-01-01 07:00:00', 0, 39, 0, 1, 1, 'Live'),
(94, 101, 'Pineapple Juice (1803)', 1, 15000.00, 15000.00, 15000.00, 0.00, '0', '0', 'plain', '', 0.00, 'Bar Item', 'undefined', '1970-01-01 07:00:00', '1970-01-01 07:00:00', 0, 39, 0, 1, 1, 'Live'),
(97, 104, 'Cranberry Juice (1806)', 1, 15000.00, 15000.00, 15000.00, 0.00, '\"\"', '0', 'plain', '', 0.00, 'Kitchen Item', 'Done', '2020-02-17 12:29:14', '2020-02-17 12:30:38', 95, 40, 0, 1, 1, 'Live'),
(98, 84, 'Tempe Crispy (0721)', 1, 5000.00, 5000.00, 5000.00, 0.00, '[]', '0', 'plain', '', 0.00, 'Bar Item', NULL, '0000-00-00 00:00:00', '0000-00-00 00:00:00', 98, 41, 0, 1, 1, 'Live'),
(99, 85, 'Jamur Crispy (0725)', 1, 10000.00, 10000.00, 10000.00, 0.00, '[]', '0', 'plain', '', 0.00, 'Bar Item', NULL, '0000-00-00 00:00:00', '0000-00-00 00:00:00', 99, 41, 0, 1, 1, 'Live'),
(100, 90, 'Kulit Crispy Telur Asin (727)', 1, 16000.00, 16000.00, 16000.00, 0.00, '\"\"', '0', 'plain', '', 0.00, 'Kitchen Item', 'Done', '2020-02-17 12:30:55', '2020-02-17 12:31:32', 100, 41, 0, 1, 1, 'Live'),
(101, 89, 'Pete 1 Papan (724)', 1, 10000.00, 10000.00, 10000.00, 0.00, '\"\"', '0', 'plain', '', 0.00, 'Kitchen Item', 'Done', '2020-02-17 12:30:55', '2020-02-17 12:31:32', 101, 41, 0, 1, 1, 'Live'),
(102, 2, 'Fish Set (0602)', 1, 28000.00, 28000.00, 28000.00, 0.00, '[]', '0', 'plain', '', 0.00, 'Bar Item', NULL, '0000-00-00 00:00:00', '0000-00-00 00:00:00', 102, 41, 0, 1, 1, 'Live'),
(103, 84, 'Tempe Crispy (0721)', 1, 5000.00, 5000.00, 5000.00, 0.00, '[]', '0', 'plain', '', 0.00, 'Bar Item', NULL, '0000-00-00 00:00:00', '0000-00-00 00:00:00', 103, 42, 0, 1, 1, 'Live'),
(104, 85, 'Jamur Crispy (0725)', 1, 10000.00, 10000.00, 10000.00, 0.00, '[]', '0', 'plain', '', 0.00, 'Bar Item', NULL, '0000-00-00 00:00:00', '0000-00-00 00:00:00', 104, 42, 0, 1, 1, 'Live'),
(105, 90, 'Kulit Crispy Telur Asin (727)', 1, 16000.00, 16000.00, 16000.00, 0.00, '\"\"', '0', 'plain', '', 0.00, 'Kitchen Item', 'Done', '2020-02-17 12:33:14', '2020-02-17 12:40:00', 105, 42, 0, 1, 1, 'Live'),
(106, 1, 'Fried Rice with sausage (0601)', 1, 28000.00, 28000.00, 28000.00, 0.00, '[]', '0', 'plain', '', 0.00, 'Bar Item', NULL, '0000-00-00 00:00:00', '0000-00-00 00:00:00', 106, 42, 0, 1, 1, 'Live'),
(107, 1, 'Fried Rice with sausage (0601)', 1, 28000.00, 28000.00, 28000.00, 0.00, '[]', '0', 'plain', '', 0.00, 'Bar Item', NULL, '0000-00-00 00:00:00', '0000-00-00 00:00:00', 107, 42, 0, 1, 1, 'Live'),
(108, 89, 'Pete 1 Papan (724)', 1, 10000.00, 10000.00, 10000.00, 0.00, '\"\"', '0', 'plain', '', 0.00, 'Kitchen Item', 'Done', '2020-02-17 12:33:14', '2020-02-17 12:40:00', 108, 42, 0, 1, 1, 'Live'),
(109, 88, 'Kulit Crispy (723)', 1, 8000.00, 8000.00, 8000.00, 0.00, '\"\"', '0', 'plain', '', 0.00, 'Kitchen Item', 'Done', '2020-02-17 12:33:14', '2020-02-17 12:40:00', 109, 42, 0, 1, 1, 'Live'),
(110, 83, 'Tahu Crispy (0720)', 1, 5000.00, 5000.00, 5000.00, 0.00, '[]', '0', 'plain', '', 0.00, 'Bar Item', NULL, '0000-00-00 00:00:00', '0000-00-00 00:00:00', 110, 42, 0, 1, 1, 'Live'),
(111, 145, 'Sencha - Japanese Green Tea (1301)', 1, 15000.00, 15000.00, 15000.00, 0.00, '[]', '0', 'plain', '', 0.00, 'Bar Item', NULL, '0000-00-00 00:00:00', '0000-00-00 00:00:00', 111, 42, 0, 1, 1, 'Live'),
(112, 84, 'Tempe Crispy (0721)', 1, 5000.00, 5000.00, 5000.00, 0.00, '[]', '0', 'plain', '', 0.00, 'Bar Item', NULL, '0000-00-00 00:00:00', '0000-00-00 00:00:00', 112, 43, 0, 1, 1, 'Live'),
(113, 85, 'Jamur Crispy (0725)', 1, 10000.00, 10000.00, 10000.00, 0.00, '[]', '0', 'plain', '', 0.00, 'Bar Item', NULL, '0000-00-00 00:00:00', '0000-00-00 00:00:00', 113, 43, 0, 1, 1, 'Live'),
(114, 90, 'Kulit Crispy Telur Asin (727)', 1, 16000.00, 16000.00, 16000.00, 0.00, '\"\"', '0', 'plain', '', 0.00, 'Kitchen Item', 'Done', '2020-02-17 12:40:07', '2020-02-17 12:42:13', 114, 43, 0, 1, 1, 'Live'),
(115, 1, 'Fried Rice with sausage (0601)', 1, 28000.00, 28000.00, 28000.00, 0.00, '[]', '0', 'plain', '', 0.00, 'Bar Item', NULL, '0000-00-00 00:00:00', '0000-00-00 00:00:00', 115, 43, 0, 1, 1, 'Live'),
(116, 89, 'Pete 1 Papan (724)', 1, 10000.00, 10000.00, 10000.00, 0.00, '\"\"', '0', 'plain', '', 0.00, 'Kitchen Item', 'Done', '2020-02-17 12:40:07', '2020-02-17 12:42:13', 116, 43, 0, 1, 1, 'Live'),
(117, 2, 'Fish Set (0602)', 1, 28000.00, 28000.00, 28000.00, 0.00, '[]', '0', 'plain', '', 0.00, 'Bar Item', NULL, '0000-00-00 00:00:00', '0000-00-00 00:00:00', 117, 43, 0, 1, 1, 'Live'),
(118, 88, 'Kulit Crispy (723)', 1, 8000.00, 8000.00, 8000.00, 0.00, '\"\"', '0', 'plain', '', 0.00, 'Kitchen Item', 'Done', '2020-02-17 12:40:07', '2020-02-17 12:42:13', 118, 43, 0, 1, 1, 'Live'),
(119, 145, 'Sencha - Japanese Green Tea (1301)', 1, 15000.00, 15000.00, 15000.00, 0.00, '[]', '0', 'plain', '', 0.00, 'Bar Item', NULL, '0000-00-00 00:00:00', '0000-00-00 00:00:00', 119, 43, 0, 1, 1, 'Live'),
(120, 7, 'Blueberry Milk (0606)', 1, 0.00, 0.00, 0.00, 0.00, '[]', '0', 'plain', '', 0.00, 'Bar Item', NULL, '0000-00-00 00:00:00', '0000-00-00 00:00:00', 120, 43, 0, 1, 1, 'Live'),
(121, 6, 'Fresh Milk (0604)', 1, 0.00, 0.00, 0.00, 0.00, '[]', '0', 'plain', '', 0.00, 'Bar Item', NULL, '0000-00-00 00:00:00', '0000-00-00 00:00:00', 121, 43, 0, 1, 1, 'Live'),
(122, 5, 'Strawberry Milk (0605)', 1, 0.00, 0.00, 0.00, 0.00, '[]', '0', 'plain', '', 0.00, 'Bar Item', NULL, '0000-00-00 00:00:00', '0000-00-00 00:00:00', 122, 43, 0, 1, 1, 'Live'),
(123, 84, 'Tempe Crispy (0721)', 1, 5000.00, 5000.00, 5000.00, 0.00, '[]', '0', 'plain', '', 0.00, 'Bar Item', NULL, '0000-00-00 00:00:00', '0000-00-00 00:00:00', 123, 44, 0, 1, 1, 'Live'),
(124, 85, 'Jamur Crispy (0725)', 1, 10000.00, 10000.00, 10000.00, 0.00, '[]', '0', 'plain', '', 0.00, 'Bar Item', NULL, '0000-00-00 00:00:00', '0000-00-00 00:00:00', 124, 44, 0, 1, 1, 'Live'),
(125, 90, 'Kulit Crispy Telur Asin (727)', 1, 16000.00, 16000.00, 16000.00, 0.00, '\"\"', '0', 'plain', '', 0.00, 'Kitchen Item', 'Done', '2020-02-17 12:35:14', '2020-02-17 12:35:34', 125, 44, 0, 1, 1, 'Live'),
(126, 1, 'Fried Rice with sausage (0601)', 1, 28000.00, 28000.00, 28000.00, 0.00, '[]', '0', 'plain', '', 0.00, 'Bar Item', NULL, '0000-00-00 00:00:00', '0000-00-00 00:00:00', 126, 44, 0, 1, 1, 'Live'),
(127, 89, 'Pete 1 Papan (724)', 1, 10000.00, 10000.00, 10000.00, 0.00, '\"\"', '0', 'plain', '', 0.00, 'Kitchen Item', 'Done', '2020-02-17 12:35:14', '2020-02-17 12:35:34', 127, 44, 0, 1, 1, 'Live'),
(128, 2, 'Fish Set (0602)', 1, 28000.00, 28000.00, 28000.00, 0.00, '[]', '0', 'plain', '', 0.00, 'Bar Item', NULL, '0000-00-00 00:00:00', '0000-00-00 00:00:00', 128, 44, 0, 1, 1, 'Live'),
(129, 85, 'Jamur Crispy (0725)', 1, 10000.00, 10000.00, 10000.00, 0.00, '[]', '0', 'plain', '', 0.00, 'Bar Item', NULL, '0000-00-00 00:00:00', '0000-00-00 00:00:00', 129, 45, 0, 1, 1, 'Live'),
(130, 85, 'Jamur Crispy (0725)', 1, 10000.00, 10000.00, 10000.00, 0.00, '[]', '0', 'plain', '', 0.00, 'Bar Item', NULL, '0000-00-00 00:00:00', '0000-00-00 00:00:00', 130, 45, 0, 1, 1, 'Live'),
(131, 90, 'Kulit Crispy Telur Asin (727)', 1, 16000.00, 16000.00, 16000.00, 0.00, '\"\"', '0', 'plain', '', 0.00, 'Kitchen Item', 'Done', '2020-02-17 14:56:28', '2020-02-17 14:56:38', 131, 45, 0, 1, 1, 'Live'),
(132, 84, 'Tempe Crispy (0721)', 1, 5000.00, 5000.00, 5000.00, 0.00, '[]', '0', 'plain', '', 0.00, 'Bar Item', NULL, '0000-00-00 00:00:00', '0000-00-00 00:00:00', 132, 46, 0, 1, 1, 'Live'),
(133, 85, 'Jamur Crispy (0725)', 1, 10000.00, 10000.00, 10000.00, 0.00, '[]', '0', 'plain', '', 0.00, 'Bar Item', NULL, '0000-00-00 00:00:00', '0000-00-00 00:00:00', 133, 46, 0, 1, 1, 'Live'),
(134, 90, 'Kulit Crispy Telur Asin (727)', 1, 16000.00, 16000.00, 16000.00, 0.00, '\"\"', '0', 'plain', '', 0.00, 'Kitchen Item', 'Done', '2020-02-17 14:57:36', '2020-02-17 14:58:05', 134, 46, 0, 1, 1, 'Live'),
(135, 1, 'Fried Rice with sausage (0601)', 1, 28000.00, 28000.00, 28000.00, 0.00, '[]', '0', 'plain', '', 0.00, 'Bar Item', NULL, '0000-00-00 00:00:00', '0000-00-00 00:00:00', 135, 46, 0, 1, 1, 'Live'),
(136, 89, 'Pete 1 Papan (724)', 1, 10000.00, 10000.00, 10000.00, 0.00, '\"\"', '0', 'plain', '', 0.00, 'Kitchen Item', 'Done', '2020-02-17 14:57:36', '2020-02-17 14:58:05', 136, 46, 0, 1, 1, 'Live'),
(137, 2, 'Fish Set (0602)', 1, 28000.00, 28000.00, 28000.00, 0.00, '[]', '0', 'plain', '', 0.00, 'Bar Item', NULL, '0000-00-00 00:00:00', '0000-00-00 00:00:00', 137, 46, 0, 1, 1, 'Live'),
(138, 84, 'Tempe Crispy (0721)', 1, 5000.00, 5000.00, 5000.00, 0.00, '[]', '0', 'plain', '', 0.00, 'Bar Item', NULL, '0000-00-00 00:00:00', '0000-00-00 00:00:00', 138, 47, 0, 1, 1, 'Live'),
(139, 85, 'Jamur Crispy (0725)', 1, 10000.00, 10000.00, 10000.00, 0.00, '[]', '0', 'plain', '', 0.00, 'Bar Item', NULL, '0000-00-00 00:00:00', '0000-00-00 00:00:00', 139, 47, 0, 1, 1, 'Live'),
(140, 90, 'Kulit Crispy Telur Asin (727)', 1, 16000.00, 16000.00, 16000.00, 0.00, '\"\"', '0', 'plain', '', 0.00, 'Kitchen Item', 'Done', '0000-00-00 00:00:00', '2020-02-17 15:00:25', 140, 47, 0, 1, 1, 'Live'),
(141, 84, 'Tempe Crispy (0721)', 1, 5000.00, 5000.00, 5000.00, 0.00, '[]', '0', 'plain', '', 0.00, 'Bar Item', NULL, '0000-00-00 00:00:00', '0000-00-00 00:00:00', 141, 48, 0, 1, 1, 'Live'),
(142, 84, 'Tempe Crispy (0721)', 1, 5000.00, 5000.00, 5000.00, 0.00, '[]', '0', 'plain', '', 0.00, 'Bar Item', NULL, '0000-00-00 00:00:00', '0000-00-00 00:00:00', 142, 49, 0, 1, 1, 'Live'),
(143, 85, 'Jamur Crispy (0725)', 1, 10000.00, 10000.00, 10000.00, 0.00, '[]', '0', 'plain', '', 0.00, 'Bar Item', NULL, '0000-00-00 00:00:00', '0000-00-00 00:00:00', 143, 49, 0, 1, 1, 'Live'),
(144, 2, 'Fish Set (0602)', 1, 28000.00, 28000.00, 28000.00, 0.00, '[]', '0', 'plain', '', 0.00, 'Bar Item', NULL, '0000-00-00 00:00:00', '0000-00-00 00:00:00', 144, 49, 0, 1, 1, 'Live'),
(145, 84, 'Tempe Crispy (0721)', 1, 5000.00, 5000.00, 5000.00, 0.00, '[]', '0', 'plain', '', 0.00, 'Bar Item', NULL, '0000-00-00 00:00:00', '0000-00-00 00:00:00', 145, 50, 0, 1, 1, 'Live'),
(146, 85, 'Jamur Crispy (0725)', 1, 10000.00, 10000.00, 10000.00, 0.00, '[]', '0', 'plain', '', 0.00, 'Bar Item', NULL, '0000-00-00 00:00:00', '0000-00-00 00:00:00', 146, 50, 0, 1, 1, 'Live'),
(147, 2, 'Fish Set (0602)', 1, 28000.00, 28000.00, 28000.00, 0.00, '[]', '0', 'plain', '', 0.00, 'Bar Item', NULL, '0000-00-00 00:00:00', '0000-00-00 00:00:00', 147, 50, 0, 1, 1, 'Live'),
(148, 84, 'Tempe Crispy (0721)', 1, 5000.00, 5000.00, 5000.00, 0.00, '[]', '0', 'plain', '', 0.00, 'Bar Item', NULL, '0000-00-00 00:00:00', '0000-00-00 00:00:00', 148, 51, 0, 1, 1, 'Live'),
(149, 85, 'Jamur Crispy (0725)', 1, 10000.00, 10000.00, 10000.00, 0.00, '[]', '0', 'plain', '', 0.00, 'Bar Item', NULL, '0000-00-00 00:00:00', '0000-00-00 00:00:00', 149, 51, 0, 1, 1, 'Live'),
(150, 2, 'Fish Set (0602)', 1, 28000.00, 28000.00, 28000.00, 0.00, '[]', '0', 'plain', '', 0.00, 'Bar Item', NULL, '0000-00-00 00:00:00', '0000-00-00 00:00:00', 150, 51, 0, 1, 1, 'Live'),
(151, 84, 'Tempe Crispy (0721)', 1, 5000.00, 5000.00, 5000.00, 0.00, '[]', '0', 'plain', '', 0.00, 'Bar Item', NULL, '0000-00-00 00:00:00', '0000-00-00 00:00:00', 151, 52, 0, 1, 1, 'Live'),
(152, 85, 'Jamur Crispy (0725)', 1, 10000.00, 10000.00, 10000.00, 0.00, '[]', '0', 'plain', '', 0.00, 'Bar Item', NULL, '0000-00-00 00:00:00', '0000-00-00 00:00:00', 152, 52, 0, 1, 1, 'Live'),
(153, 1, 'Fried Rice with sausage (0601)', 1, 28000.00, 28000.00, 28000.00, 0.00, '[]', '0', 'plain', '', 0.00, 'Bar Item', NULL, '0000-00-00 00:00:00', '0000-00-00 00:00:00', 153, 52, 0, 1, 1, 'Live'),
(154, 84, 'Tempe Crispy (0721)', 1, 5000.00, 5000.00, 5000.00, 0.00, '[]', '0', 'plain', '', 0.00, 'Bar Item', NULL, '0000-00-00 00:00:00', '0000-00-00 00:00:00', 154, 52, 0, 1, 1, 'Live'),
(155, 85, 'Jamur Crispy (0725)', 1, 10000.00, 10000.00, 10000.00, 0.00, '[]', '0', 'plain', '', 0.00, 'Bar Item', NULL, '0000-00-00 00:00:00', '0000-00-00 00:00:00', 155, 52, 0, 1, 1, 'Live'),
(156, 84, 'Tempe Crispy (0721)', 1, 5000.00, 5000.00, 5000.00, 0.00, '[]', '0', 'plain', '', 0.00, 'Bar Item', NULL, '0000-00-00 00:00:00', '0000-00-00 00:00:00', 156, 53, 0, 1, 1, 'Live'),
(157, 85, 'Jamur Crispy (0725)', 1, 10000.00, 10000.00, 10000.00, 0.00, '[]', '0', 'plain', '', 0.00, 'Bar Item', NULL, '0000-00-00 00:00:00', '0000-00-00 00:00:00', 157, 53, 0, 1, 1, 'Live'),
(158, 90, 'Kulit Crispy Telur Asin (727)', 1, 16000.00, 16000.00, 16000.00, 0.00, '\"\"', '0', 'plain', '', 0.00, 'Kitchen Item', 'Done', '2020-02-18 12:33:31', '2020-02-18 12:33:57', 158, 53, 0, 1, 1, 'Live'),
(159, 1, 'Fried Rice with sausage (0601)', 1, 28000.00, 28000.00, 28000.00, 0.00, '[]', '0', 'plain', '', 0.00, 'Bar Item', NULL, '0000-00-00 00:00:00', '0000-00-00 00:00:00', 159, 53, 0, 1, 1, 'Live'),
(160, 89, 'Pete 1 Papan (724)', 1, 10000.00, 10000.00, 10000.00, 0.00, '\"\"', '0', 'plain', '', 0.00, 'Kitchen Item', 'Done', '2020-02-18 12:33:31', '2020-02-18 12:33:57', 160, 53, 0, 1, 1, 'Live'),
(161, 2, 'Fish Set (0602)', 1, 28000.00, 28000.00, 28000.00, 0.00, '[]', '0', 'plain', '', 0.00, 'Bar Item', NULL, '0000-00-00 00:00:00', '0000-00-00 00:00:00', 161, 53, 0, 1, 1, 'Live'),
(162, 84, 'Tempe Crispy (0721)', 1, 5000.00, 5000.00, 5000.00, 0.00, '[]', '0', 'plain', '', 0.00, 'Bar Item', NULL, '0000-00-00 00:00:00', '0000-00-00 00:00:00', 162, 54, 0, 1, 1, 'Live'),
(163, 85, 'Jamur Crispy (0725)', 1, 10000.00, 10000.00, 10000.00, 0.00, '[]', '0', 'plain', '', 0.00, 'Bar Item', NULL, '0000-00-00 00:00:00', '0000-00-00 00:00:00', 163, 54, 0, 1, 1, 'Live'),
(164, 1, 'Fried Rice with sausage (0601)', 1, 28000.00, 28000.00, 28000.00, 0.00, '[]', '0', 'plain', '', 0.00, 'Bar Item', NULL, '0000-00-00 00:00:00', '0000-00-00 00:00:00', 164, 54, 0, 1, 1, 'Live'),
(165, 89, 'Pete 1 Papan (724)', 1, 10000.00, 10000.00, 10000.00, 0.00, '\"\"', '0', 'plain', '', 0.00, 'Kitchen Item', 'Done', '2020-02-17 17:21:29', '2020-02-17 17:21:46', 165, 54, 0, 1, 1, 'Live'),
(166, 90, 'Kulit Crispy Telur Asin (727)', 1, 16000.00, 16000.00, 16000.00, 0.00, '\"\"', '0', 'plain', '', 0.00, 'Kitchen Item', 'Done', '2020-02-17 17:21:29', '2020-02-17 17:21:47', 166, 54, 0, 1, 1, 'Live'),
(167, 2, 'Fish Set (0602)', 1, 28000.00, 28000.00, 28000.00, 0.00, '[]', '0', 'plain', '', 0.00, 'Bar Item', NULL, '0000-00-00 00:00:00', '0000-00-00 00:00:00', 167, 54, 0, 1, 1, 'Live'),
(168, 84, 'Tempe Crispy (0721)', 1, 5000.00, 5000.00, 5000.00, 0.00, '[]', '0', 'plain', '', 0.00, 'Bar Item', NULL, '0000-00-00 00:00:00', '0000-00-00 00:00:00', 168, 55, 0, 1, 1, 'Live'),
(169, 85, 'Jamur Crispy (0725)', 1, 10000.00, 10000.00, 10000.00, 0.00, '[]', '0', 'plain', '', 0.00, 'Bar Item', NULL, '0000-00-00 00:00:00', '0000-00-00 00:00:00', 169, 55, 0, 1, 1, 'Live'),
(170, 90, 'Kulit Crispy Telur Asin (727)', 1, 16000.00, 16000.00, 16000.00, 0.00, '\"\"', '0', 'plain', '', 0.00, 'Kitchen Item', 'Done', '2020-02-18 13:03:59', '2020-02-18 13:04:59', 170, 55, 0, 1, 1, 'Live'),
(171, 1, 'Fried Rice with sausage (0601)', 1, 28000.00, 28000.00, 28000.00, 0.00, '[]', '0', 'plain', '', 0.00, 'Bar Item', NULL, '0000-00-00 00:00:00', '0000-00-00 00:00:00', 171, 55, 0, 1, 1, 'Live'),
(172, 83, 'Tahu Crispy (0720)', 1, 5000.00, 5000.00, 5000.00, 0.00, '[]', '0', 'plain', '', 0.00, 'Bar Item', NULL, '0000-00-00 00:00:00', '0000-00-00 00:00:00', 172, 56, 0, 1, 1, 'Live'),
(173, 145, 'Sencha - Japanese Green Tea (1301)', 1, 15000.00, 15000.00, 15000.00, 0.00, '[]', '0', 'plain', '', 0.00, 'Bar Item', NULL, '0000-00-00 00:00:00', '0000-00-00 00:00:00', 173, 56, 0, 1, 1, 'Live'),
(174, 2, 'Fish Set (0602)', 1, 28000.00, 28000.00, 28000.00, 0.00, '[]', '0', 'plain', '', 0.00, 'Bar Item', NULL, '0000-00-00 00:00:00', '0000-00-00 00:00:00', 174, 56, 0, 1, 1, 'Live'),
(175, 1, 'Fried Rice with sausage (0601)', 1, 28000.00, 28000.00, 28000.00, 0.00, '[]', '0', 'plain', '', 0.00, 'Bar Item', NULL, '0000-00-00 00:00:00', '0000-00-00 00:00:00', 175, 56, 0, 1, 1, 'Live'),
(176, 89, 'Pete 1 Papan (724)', 1, 10000.00, 10000.00, 10000.00, 0.00, '\"\"', '0', 'plain', '', 0.00, 'Kitchen Item', 'Done', '0000-00-00 00:00:00', '2020-02-18 16:38:43', 176, 56, 0, 1, 1, 'Live'),
(177, 2, 'Fish Set (0602)', 1, 28000.00, 28000.00, 28000.00, 0.00, '[]', '0', 'plain', '', 0.00, 'Bar Item', NULL, '0000-00-00 00:00:00', '0000-00-00 00:00:00', 177, 56, 0, 1, 1, 'Live'),
(178, 145, 'Sencha - Japanese Green Tea (1301)', 1, 15000.00, 15000.00, 15000.00, 0.00, '[]', '0', 'plain', '', 0.00, 'Bar Item', NULL, '0000-00-00 00:00:00', '0000-00-00 00:00:00', 178, 56, 0, 1, 1, 'Live'),
(179, 88, 'Kulit Crispy (723)', 1, 8000.00, 8000.00, 8000.00, 0.00, '\"\"', '0', 'plain', '', 0.00, 'Kitchen Item', 'Done', '0000-00-00 00:00:00', '2020-02-18 16:38:43', 179, 56, 0, 1, 1, 'Live'),
(180, 145, 'Sencha - Japanese Green Tea (1301)', 1, 15000.00, 15000.00, 15000.00, 0.00, '[]', '0', 'plain', '', 0.00, 'Bar Item', NULL, '0000-00-00 00:00:00', '0000-00-00 00:00:00', 180, 56, 0, 1, 1, 'Live'),
(181, 2, 'Fish Set (0602)', 1, 28000.00, 28000.00, 28000.00, 0.00, '[]', '0', 'plain', '', 0.00, 'Bar Item', NULL, '0000-00-00 00:00:00', '0000-00-00 00:00:00', 181, 56, 0, 1, 1, 'Live'),
(182, 1, 'Fried Rice with sausage (0601)', 1, 28000.00, 28000.00, 28000.00, 0.00, '[]', '0', 'plain', '', 0.00, 'Bar Item', NULL, '0000-00-00 00:00:00', '0000-00-00 00:00:00', 182, 56, 0, 1, 1, 'Live'),
(183, 89, 'Pete 1 Papan (724)', 1, 10000.00, 10000.00, 10000.00, 0.00, '\"\"', '0', 'plain', '', 0.00, 'Kitchen Item', 'Done', '0000-00-00 00:00:00', '2020-02-18 16:38:43', 183, 56, 0, 1, 1, 'Live'),
(184, 1, 'Fried Rice with sausage (0601)', 1, 28000.00, 28000.00, 28000.00, 0.00, '[]', '0', 'plain', '', 0.00, 'Bar Item', NULL, '0000-00-00 00:00:00', '0000-00-00 00:00:00', 184, 56, 0, 1, 1, 'Live'),
(185, 90, 'Kulit Crispy Telur Asin (727)', 1, 16000.00, 16000.00, 16000.00, 0.00, '\"\"', '0', 'plain', '', 0.00, 'Kitchen Item', 'Done', '0000-00-00 00:00:00', '2020-02-18 16:38:43', 185, 56, 0, 1, 1, 'Live'),
(186, 84, 'Tempe Crispy (0721)', 1, 5000.00, 5000.00, 5000.00, 0.00, '[]', '0', 'plain', '', 0.00, 'Bar Item', NULL, '0000-00-00 00:00:00', '0000-00-00 00:00:00', 186, 56, 0, 1, 1, 'Live'),
(189, 90, 'Kulit Crispy Telur Asin (727)', 1, 16000.00, 16000.00, 16000.00, 0.00, '\"\"', '0', 'plain', '', 0.00, 'Kitchen Item', NULL, '0000-00-00 00:00:00', '0000-00-00 00:00:00', 188, 57, 0, 1, 1, 'Live'),
(190, 85, 'Jamur Crispy (0725)', 1, 10000.00, 10000.00, 10000.00, 0.00, '[]', '0', 'plain', '', 0.00, 'Bar Item', NULL, '0000-00-00 00:00:00', '0000-00-00 00:00:00', 187, 57, 0, 1, 1, 'Live'),
(191, 84, 'Tempe Crispy (0721)', 1, 5000.00, 5000.00, 5000.00, 0.00, '[]', '0', 'plain', '', 0.00, 'Bar Item', NULL, '0000-00-00 00:00:00', '0000-00-00 00:00:00', 191, 57, 0, 1, 1, 'Live'),
(192, 85, 'Jamur Crispy (0725)', 1, 10000.00, 10000.00, 10000.00, 0.00, '[]', '0', 'plain', '', 0.00, 'Bar Item', NULL, '0000-00-00 00:00:00', '0000-00-00 00:00:00', 192, 57, 0, 1, 1, 'Live'),
(193, 90, 'Kulit Crispy Telur Asin (727)', 1, 16000.00, 16000.00, 16000.00, 0.00, '\"\"', '0', 'plain', '', 0.00, 'Kitchen Item', NULL, '0000-00-00 00:00:00', '0000-00-00 00:00:00', 193, 57, 0, 1, 1, 'Live'),
(194, 1, 'Fried Rice with sausage (0601)', 1, 28000.00, 28000.00, 28000.00, 0.00, '[]', '0', 'plain', '', 0.00, 'Bar Item', NULL, '0000-00-00 00:00:00', '0000-00-00 00:00:00', 194, 57, 0, 1, 1, 'Live'),
(195, 2, 'Fish Set (0602)', 1, 28000.00, 28000.00, 28000.00, 0.00, '[]', '0', 'plain', '', 0.00, 'Bar Item', NULL, '0000-00-00 00:00:00', '0000-00-00 00:00:00', 195, 57, 0, 1, 1, 'Live'),
(196, 89, 'Pete 1 Papan (724)', 1, 10000.00, 10000.00, 10000.00, 0.00, '\"\"', '0', 'plain', '', 0.00, 'Kitchen Item', NULL, '0000-00-00 00:00:00', '0000-00-00 00:00:00', 196, 57, 0, 1, 1, 'Live'),
(197, 88, 'Kulit Crispy (723)', 1, 8000.00, 8000.00, 8000.00, 0.00, '\"\"', '0', 'plain', '', 0.00, 'Kitchen Item', NULL, '0000-00-00 00:00:00', '0000-00-00 00:00:00', 197, 57, 0, 1, 1, 'Live'),
(198, 145, 'Sencha - Japanese Green Tea (1301)', 1, 15000.00, 15000.00, 15000.00, 0.00, '[]', '0', 'plain', '', 0.00, 'Bar Item', NULL, '0000-00-00 00:00:00', '0000-00-00 00:00:00', 198, 57, 0, 1, 1, 'Live'),
(199, 83, 'Tahu Crispy (0720)', 1, 5000.00, 5000.00, 5000.00, 0.00, '[]', '0', 'plain', '', 0.00, 'Bar Item', NULL, '0000-00-00 00:00:00', '0000-00-00 00:00:00', 199, 57, 0, 1, 1, 'Live'),
(200, 84, 'Tempe Crispy (0721)', 1, 5000.00, 5000.00, 5000.00, 0.00, '[]', '0', 'plain', '', 0.00, 'Bar Item', NULL, '0000-00-00 00:00:00', '0000-00-00 00:00:00', 200, 58, 0, 1, 1, 'Live'),
(201, 85, 'Jamur Crispy (0725)', 1, 10000.00, 10000.00, 10000.00, 0.00, '[]', '0', 'plain', '', 0.00, 'Bar Item', NULL, '0000-00-00 00:00:00', '0000-00-00 00:00:00', 201, 58, 0, 1, 1, 'Live'),
(202, 84, 'Tempe Crispy (0721)', 1, 5000.00, 5000.00, 5000.00, 0.00, '[]', '0', 'plain', '', 0.00, 'Bar Item', NULL, '0000-00-00 00:00:00', '0000-00-00 00:00:00', 202, 58, 0, 1, 1, 'Live'),
(203, 84, 'Tempe Crispy (0721)', 1, 5000.00, 5000.00, 5000.00, 0.00, '[]', '0', 'plain', '', 0.00, 'Bar Item', NULL, '0000-00-00 00:00:00', '0000-00-00 00:00:00', 203, 58, 0, 1, 1, 'Live'),
(204, 84, 'Tempe Crispy (0721)', 1, 5000.00, 5000.00, 5000.00, 0.00, '[]', '0', 'plain', '', 0.00, 'Bar Item', NULL, '0000-00-00 00:00:00', '0000-00-00 00:00:00', 204, 58, 0, 1, 1, 'Live'),
(205, 84, 'Tempe Crispy (0721)', 1, 5000.00, 5000.00, 5000.00, 0.00, '[]', '0', 'plain', '', 0.00, 'Bar Item', NULL, '0000-00-00 00:00:00', '0000-00-00 00:00:00', 205, 58, 0, 1, 1, 'Live'),
(206, 84, 'Tempe Crispy (0721)', 1, 5000.00, 5000.00, 5000.00, 0.00, '[]', '0', 'plain', '', 0.00, 'Bar Item', NULL, '0000-00-00 00:00:00', '0000-00-00 00:00:00', 206, 58, 0, 1, 1, 'Live'),
(207, 84, 'Tempe Crispy (0721)', 1, 5000.00, 5000.00, 5000.00, 0.00, '[]', '0', 'plain', '', 0.00, 'Bar Item', NULL, '0000-00-00 00:00:00', '0000-00-00 00:00:00', 207, 58, 0, 1, 1, 'Live'),
(208, 84, 'Tempe Crispy (0721)', 1, 5000.00, 5000.00, 5000.00, 0.00, '[]', '0', 'plain', '', 0.00, 'Bar Item', NULL, '0000-00-00 00:00:00', '0000-00-00 00:00:00', 208, 58, 0, 1, 1, 'Live'),
(209, 85, 'Jamur Crispy (0725)', 1, 10000.00, 10000.00, 10000.00, 0.00, '[]', '0', 'plain', '', 0.00, 'Bar Item', NULL, '0000-00-00 00:00:00', '0000-00-00 00:00:00', 209, 58, 0, 1, 1, 'Live'),
(210, 90, 'Kulit Crispy Telur Asin (727)', 1, 16000.00, 16000.00, 16000.00, 0.00, '\"\"', '0', 'plain', '', 0.00, 'Kitchen Item', NULL, '0000-00-00 00:00:00', '0000-00-00 00:00:00', 210, 58, 0, 1, 1, 'Live'),
(211, 1, 'Fried Rice with sausage (0601)', 1, 28000.00, 28000.00, 28000.00, 0.00, '[]', '0', 'plain', '', 0.00, 'Bar Item', NULL, '0000-00-00 00:00:00', '0000-00-00 00:00:00', 211, 58, 0, 1, 1, 'Live'),
(212, 2, 'Fish Set (0602)', 1, 28000.00, 28000.00, 28000.00, 0.00, '[]', '0', 'plain', '', 0.00, 'Bar Item', NULL, '0000-00-00 00:00:00', '0000-00-00 00:00:00', 212, 58, 0, 1, 1, 'Live'),
(213, 89, 'Pete 1 Papan (724)', 1, 10000.00, 10000.00, 10000.00, 0.00, '\"\"', '0', 'plain', '', 0.00, 'Kitchen Item', NULL, '0000-00-00 00:00:00', '0000-00-00 00:00:00', 213, 58, 0, 1, 1, 'Live'),
(214, 202, 'Hot Luo Han Guo Herbal Tea (1701)', 1, 12000.00, 12000.00, 12000.00, 0.00, '[]', '0', 'plain', '', 0.00, 'Bar Item', NULL, '0000-00-00 00:00:00', '0000-00-00 00:00:00', 214, 58, 0, 1, 1, 'Live'),
(215, 201, 'Iced Lemon Barley Tea (1705)', 1, 15000.00, 15000.00, 15000.00, 0.00, '[]', '0', 'plain', '', 0.00, 'Bar Item', NULL, '0000-00-00 00:00:00', '0000-00-00 00:00:00', 215, 58, 0, 1, 1, 'Live'),
(216, 200, 'Iced Winter Melon Barley Tea (1709)', 1, 15000.00, 15000.00, 15000.00, 0.00, '\"\"', '0', 'plain', '', 0.00, 'Kitchen Item', NULL, '0000-00-00 00:00:00', '0000-00-00 00:00:00', 216, 58, 0, 1, 1, 'Live'),
(217, 199, 'Hot Winter Melon Barley Tea (1708)', 1, 15000.00, 15000.00, 15000.00, 0.00, '[]', '0', 'plain', '', 0.00, 'Bar Item', NULL, '0000-00-00 00:00:00', '0000-00-00 00:00:00', 217, 58, 0, 1, 1, 'Live'),
(218, 198, 'Hot Lemon Barley Tea (1704)', 1, 15000.00, 15000.00, 15000.00, 0.00, '\"\"', '0', 'plain', '', 0.00, 'Kitchen Item', NULL, '0000-00-00 00:00:00', '0000-00-00 00:00:00', 218, 58, 0, 1, 1, 'Live'),
(219, 197, 'Lychee Tea Sensation (1706)', 1, 17000.00, 17000.00, 17000.00, 0.00, '[]', '0', 'plain', '', 0.00, 'Bar Item', NULL, '0000-00-00 00:00:00', '0000-00-00 00:00:00', 219, 58, 0, 1, 1, 'Live'),
(220, 134, 'Es Teh Tarik (1207)', 1, 15000.00, 15000.00, 15000.00, 0.00, '[]', '0', 'plain', '', 0.00, 'Bar Item', NULL, '0000-00-00 00:00:00', '0000-00-00 00:00:00', 220, 58, 0, 1, 1, 'Live'),
(221, 128, 'Air Mineral (600cc) (1201)', 1, 5000.00, 5000.00, 5000.00, 0.00, '[]', '0', 'plain', '', 0.00, 'Bar Item', NULL, '0000-00-00 00:00:00', '0000-00-00 00:00:00', 221, 58, 0, 1, 1, 'Live'),
(222, 129, 'Teh Tawar Hangat (1202)', 1, 4000.00, 4000.00, 4000.00, 0.00, '[]', '0', 'plain', '', 0.00, 'Bar Item', NULL, '0000-00-00 00:00:00', '0000-00-00 00:00:00', 222, 58, 0, 1, 1, 'Live'),
(223, 130, 'Es Teh Tawar (1203)', 1, 4000.00, 4000.00, 4000.00, 0.00, '[]', '0', 'plain', '', 0.00, 'Kitchen Item', NULL, '0000-00-00 00:00:00', '0000-00-00 00:00:00', 223, 58, 0, 1, 1, 'Live'),
(224, 267, 'Badak Float (1221)', 1, 18000.00, 18000.00, 18000.00, 0.00, '[]', '0', 'plain', '', 0.00, 'Bar Item', NULL, '0000-00-00 00:00:00', '0000-00-00 00:00:00', 224, 58, 0, 1, 1, 'Live'),
(225, 132, 'Es Teh Manis (1205)', 1, 6000.00, 6000.00, 6000.00, 0.00, '[]', '0', 'plain', '', 0.00, 'Bar Item', NULL, '0000-00-00 00:00:00', '0000-00-00 00:00:00', 225, 58, 0, 1, 1, 'Live'),
(226, 143, 'Teh Botol (1218)', 1, 7000.00, 7000.00, 7000.00, 0.00, '\"\"', '0', 'plain', '', 0.00, 'Kitchen Item', NULL, '0000-00-00 00:00:00', '0000-00-00 00:00:00', 226, 58, 0, 1, 1, 'Live'),
(227, 140, 'Soft Drinks - Sprite (1215)', 1, 10000.00, 10000.00, 10000.00, 0.00, '\"\"', '0', 'plain', '', 0.00, 'Kitchen Item', NULL, '0000-00-00 00:00:00', '0000-00-00 00:00:00', 227, 58, 0, 1, 1, 'Live'),
(228, 141, 'Soft Drinks - Fanta Merah (1216)', 1, 10000.00, 10000.00, 10000.00, 0.00, '\"\"', '0', 'plain', '', 0.00, 'Kitchen Item', NULL, '0000-00-00 00:00:00', '0000-00-00 00:00:00', 228, 58, 0, 1, 1, 'Live'),
(229, 142, 'Soft Drinks - Fanta Orange (1217)', 1, 10000.00, 10000.00, 10000.00, 0.00, '\"\"', '0', 'plain', '', 0.00, 'Kitchen Item', NULL, '0000-00-00 00:00:00', '0000-00-00 00:00:00', 229, 58, 0, 1, 1, 'Live'),
(230, 137, 'Milo Hangat (1212)', 1, 14000.00, 14000.00, 14000.00, 0.00, '[]', '0', 'plain', '', 0.00, 'Bar Item', NULL, '0000-00-00 00:00:00', '0000-00-00 00:00:00', 230, 58, 0, 1, 1, 'Live'),
(231, 131, 'Teh Manis Hangat (1204)', 1, 6000.00, 6000.00, 6000.00, 0.00, '[]', '0', 'plain', '', 0.00, 'Bar Item', NULL, '0000-00-00 00:00:00', '0000-00-00 00:00:00', 231, 58, 0, 1, 1, 'Live'),
(232, 272, 'Coffee Choco Avocado Float Chocolat (1511)', 1, 30000.00, 30000.00, 30000.00, 0.00, '[]', '0', 'plain', '', 0.00, 'Bar Item', NULL, '0000-00-00 00:00:00', '0000-00-00 00:00:00', 232, 58, 0, 1, 1, 'Live'),
(233, 179, 'Choco Avocado (1503)', 1, 25000.00, 25000.00, 25000.00, 0.00, '[]', '0', 'plain', '', 0.00, 'Bar Item', NULL, '0000-00-00 00:00:00', '0000-00-00 00:00:00', 233, 58, 0, 1, 1, 'Live'),
(234, 185, 'Coffee Choco Avocado Float Vanilla (1510)', 1, 30000.00, 30000.00, 30000.00, 0.00, '\"\"', '0', 'plain', '', 0.00, 'Kitchen Item', NULL, '0000-00-00 00:00:00', '0000-00-00 00:00:00', 234, 58, 0, 1, 1, 'Live'),
(235, 183, 'Coffee Avocado Float Chocolate (1507)', 1, 28000.00, 28000.00, 28000.00, 0.00, '\"\"', '0', 'plain', '', 0.00, 'Kitchen Item', NULL, '0000-00-00 00:00:00', '0000-00-00 00:00:00', 235, 58, 0, 1, 1, 'Live'),
(236, 233, 'Coffee Avocado Float Chocolate (1507)', 1, 28000.00, 28000.00, 28000.00, 0.00, '[]', '0', 'plain', '', 0.00, 'Bar Item', NULL, '0000-00-00 00:00:00', '0000-00-00 00:00:00', 236, 58, 0, 1, 1, 'Live'),
(237, 182, 'Coffee Avocado Float Vanilla (1506)', 1, 28000.00, 28000.00, 28000.00, 0.00, '[]', '0', 'plain', '', 0.00, 'Bar Item', NULL, '0000-00-00 00:00:00', '0000-00-00 00:00:00', 237, 58, 0, 1, 1, 'Live'),
(238, 177, 'Avocado Juice (1501)', 1, 20000.00, 20000.00, 20000.00, 0.00, '[]', '0', 'plain', '', 0.00, 'Bar Item', NULL, '0000-00-00 00:00:00', '0000-00-00 00:00:00', 238, 58, 0, 1, 1, 'Live'),
(239, 245, 'Rice Bowl Luncheon Meat (0508)', 1, 24000.00, 24000.00, 24000.00, 0.00, '[]', '0', 'plain', '', 0.00, 'Bar Item', NULL, '0000-00-00 00:00:00', '0000-00-00 00:00:00', 239, 58, 0, 1, 1, 'Live'),
(240, 244, 'Rice Bowl Ayam Sambal Matah (0511)', 1, 32000.00, 32000.00, 32000.00, 0.00, '[]', '0', 'plain', '', 0.00, 'Bar Item', NULL, '0000-00-00 00:00:00', '0000-00-00 00:00:00', 240, 58, 0, 1, 1, 'Live'),
(241, 247, 'Telur Negri (0509)', 1, 34000.00, 34000.00, 34000.00, 0.00, '[]', '0', 'plain', '', 0.00, 'Bar Item', NULL, '0000-00-00 00:00:00', '0000-00-00 00:00:00', 241, 58, 0, 1, 1, 'Live'),
(242, 246, 'Rice Bowl Ikan Telur Asin (0512)', 1, 34000.00, 34000.00, 34000.00, 0.00, '[]', '0', 'plain', '', 0.00, 'Bar Item', NULL, '0000-00-00 00:00:00', '0000-00-00 00:00:00', 242, 58, 0, 1, 1, 'Live'),
(243, 57, 'Rice Bowl Ikan Sambal Matah (0502)', 1, 32000.00, 32000.00, 32000.00, 0.00, '[]', '0', 'plain', '', 0.00, 'Bar Item', NULL, '0000-00-00 00:00:00', '0000-00-00 00:00:00', 243, 58, 0, 1, 1, 'Live'),
(244, 190, 'Melon Squash Delight (1603)', 1, 12000.00, 12000.00, 12000.00, 0.00, '\"\"', '0', 'plain', '', 0.00, 'Kitchen Item', NULL, '0000-00-00 00:00:00', '0000-00-00 00:00:00', 244, 58, 0, 1, 1, 'Live'),
(245, 191, 'Ocean Berry (1606)', 1, 15000.00, 15000.00, 15000.00, 0.00, '\"\"', '0', 'plain', '', 0.00, 'Kitchen Item', NULL, '0000-00-00 00:00:00', '0000-00-00 00:00:00', 245, 58, 0, 1, 1, 'Live'),
(246, 192, 'Rose Coco (1607)', 1, 15000.00, 15000.00, 15000.00, 0.00, '\"\"', '0', 'plain', '', 0.00, 'Kitchen Item', NULL, '0000-00-00 00:00:00', '0000-00-00 00:00:00', 246, 58, 0, 1, 1, 'Live'),
(247, 193, 'Galaxy (1608)', 1, 20000.00, 20000.00, 20000.00, 0.00, '\"\"', '0', 'plain', '', 0.00, 'Kitchen Item', NULL, '0000-00-00 00:00:00', '0000-00-00 00:00:00', 247, 58, 0, 1, 1, 'Live'),
(248, 234, 'Lemon Squash Delight (1601)', 1, 12000.00, 12000.00, 12000.00, 0.00, '[]', '0', 'plain', '', 0.00, 'Bar Item', NULL, '0000-00-00 00:00:00', '0000-00-00 00:00:00', 248, 58, 0, 1, 1, 'Live'),
(249, 273, 'Berry Squash Delight (1604)', 1, 12000.00, 12000.00, 12000.00, 0.00, '[]', '0', 'plain', '', 0.00, 'Bar Item', NULL, '0000-00-00 00:00:00', '0000-00-00 00:00:00', 249, 58, 0, 1, 1, 'Live'),
(250, 235, 'Orange Squash Delight (1602)', 1, 12000.00, 12000.00, 12000.00, 0.00, '[]', '0', 'plain', '', 0.00, 'Bar Item', NULL, '0000-00-00 00:00:00', '0000-00-00 00:00:00', 250, 58, 0, 1, 1, 'Live'),
(251, 236, 'Melon Squash Delight (1603)', 1, 12000.00, 12000.00, 12000.00, 0.00, '[]', '0', 'plain', '', 0.00, 'Bar Item', NULL, '0000-00-00 00:00:00', '0000-00-00 00:00:00', 251, 58, 0, 1, 1, 'Live'),
(252, 12, 'Mixed Platter (1105)', 1, 30000.00, 30000.00, 30000.00, 0.00, '[]', '0', 'plain', '', 0.00, 'Bar Item', NULL, '0000-00-00 00:00:00', '0000-00-00 00:00:00', 252, 58, 0, 1, 1, 'Live'),
(253, 255, 'Teriyaki Glazed Fishball (1114)', 1, 20000.00, 20000.00, 20000.00, 0.00, '[]', '0', 'plain', '', 0.00, 'Bar Item', NULL, '0000-00-00 00:00:00', '0000-00-00 00:00:00', 253, 58, 0, 1, 1, 'Live'),
(254, 9, 'Fish &amp; Chips (1102)', 1, 28000.00, 28000.00, 28000.00, 0.00, '[]', '0', 'plain', '', 0.00, 'Bar Item', NULL, '0000-00-00 00:00:00', '0000-00-00 00:00:00', 254, 58, 0, 1, 1, 'Live'),
(255, 10, 'Chicken Bites 6-p &amp; Fries (1103)', 1, 28000.00, 28000.00, 28000.00, 0.00, '[]', '0', 'plain', '', 0.00, 'Bar Item', NULL, '0000-00-00 00:00:00', '0000-00-00 00:00:00', 255, 58, 0, 1, 1, 'Live'),
(256, 8, 'French Fries (1101)', 1, 20000.00, 20000.00, 20000.00, 0.00, '[]', '0', 'plain', '', 0.00, 'Bar Item', NULL, '0000-00-00 00:00:00', '0000-00-00 00:00:00', 256, 58, 0, 1, 1, 'Live'),
(257, 34, 'Indomie Bakso Sambal Padang (205)', 1, 24000.00, 24000.00, 24000.00, 0.00, '\"\"', '0', 'plain', '', 0.00, 'Kitchen Item', NULL, '0000-00-00 00:00:00', '0000-00-00 00:00:00', 257, 58, 0, 1, 1, 'Live'),
(258, 27, 'Indomie Kari Ayam Special (0213)', 1, 24000.00, 24000.00, 24000.00, 0.00, '[]', '0', 'plain', '', 0.00, 'Bar Item', NULL, '0000-00-00 00:00:00', '0000-00-00 00:00:00', 258, 58, 0, 1, 1, 'Live'),
(259, 46, 'Nasi Kari Ayam (0424)', 1, 32000.00, 32000.00, 32000.00, 0.00, '[]', '0', 'plain', '', 0.00, 'Bar Item', NULL, '0000-00-00 00:00:00', '0000-00-00 00:00:00', 259, 58, 0, 1, 1, 'Live'),
(260, 47, 'Bihun Kari Ayam (0425)', 1, 32000.00, 32000.00, 32000.00, 0.00, '[]', '0', 'plain', '', 0.00, 'Bar Item', NULL, '0000-00-00 00:00:00', '0000-00-00 00:00:00', 260, 58, 0, 1, 1, 'Live'),
(261, 48, 'Nasi Soto Ayam (0426)', 1, 34000.00, 34000.00, 34000.00, 0.00, '[]', '0', 'plain', '', 0.00, 'Bar Item', NULL, '0000-00-00 00:00:00', '0000-00-00 00:00:00', 261, 58, 0, 1, 1, 'Live'),
(262, 241, 'Nasi Bakar Cumi Asin (0431)', 1, 32000.00, 32000.00, 32000.00, 0.00, '[]', '0', 'plain', '', 0.00, 'Bar Item', NULL, '0000-00-00 00:00:00', '0000-00-00 00:00:00', 262, 58, 0, 1, 1, 'Live'),
(263, 240, 'Nasi Bakar Ikan Peda (0428)', 1, 32000.00, 32000.00, 32000.00, 0.00, '[]', '0', 'plain', '', 0.00, 'Bar Item', NULL, '0000-00-00 00:00:00', '0000-00-00 00:00:00', 263, 58, 0, 1, 1, 'Live'),
(264, 45, 'Kwetiaw Siram - Seafood (0423)', 1, 34000.00, 34000.00, 34000.00, 0.00, '[]', '0', 'plain', '', 0.00, 'Bar Item', NULL, '0000-00-00 00:00:00', '0000-00-00 00:00:00', 264, 58, 0, 1, 1, 'Live'),
(265, 54, 'Ayam Goreng Rica (407)', 1, 16000.00, 16000.00, 16000.00, 0.00, '\"\"', '0', 'plain', '', 0.00, 'Kitchen Item', NULL, '0000-00-00 00:00:00', '0000-00-00 00:00:00', 265, 58, 0, 1, 1, 'Live'),
(266, 222, 'Ovomaltine (9)', 1, 9000.00, 9000.00, 9000.00, 0.00, '\"\"', '0', 'plain', '', 0.00, 'Kitchen Item', NULL, '0000-00-00 00:00:00', '0000-00-00 00:00:00', 266, 58, 0, 1, 1, 'Live'),
(267, 218, 'Srikaya Sauce (5)', 1, 0.00, 0.00, 0.00, 0.00, '\"\"', '0', 'plain', '', 0.00, 'Kitchen Item', NULL, '0000-00-00 00:00:00', '0000-00-00 00:00:00', 267, 58, 0, 1, 1, 'Live'),
(268, 217, 'White Orange Sauce (3)', 1, 0.00, 0.00, 0.00, 0.00, '\"\"', '0', 'plain', '', 0.00, 'Kitchen Item', NULL, '0000-00-00 00:00:00', '0000-00-00 00:00:00', 268, 58, 0, 1, 1, 'Live');
INSERT INTO `tbl_sales_details` (`id`, `food_menu_id`, `menu_name`, `qty`, `menu_price_without_discount`, `menu_price_with_discount`, `menu_unit_price`, `menu_vat_percentage`, `menu_taxes`, `menu_discount_value`, `discount_type`, `menu_note`, `discount_amount`, `item_type`, `cooking_status`, `cooking_start_time`, `cooking_done_time`, `previous_id`, `sales_id`, `order_status`, `user_id`, `outlet_id`, `del_status`) VALUES
(269, 216, 'Matcha Sauce (2)', 1, 0.00, 0.00, 0.00, 0.00, '\"\"', '0', 'plain', '', 0.00, 'Kitchen Item', NULL, '0000-00-00 00:00:00', '0000-00-00 00:00:00', 269, 58, 0, 1, 1, 'Live'),
(270, 215, 'Red Velvet Sauce (1)', 1, 0.00, 0.00, 0.00, 0.00, '\"\"', '0', 'plain', '', 0.00, 'Kitchen Item', NULL, '0000-00-00 00:00:00', '0000-00-00 00:00:00', 270, 58, 0, 1, 1, 'Live'),
(271, 209, 'Sambal Matah (0028)', 1, 4000.00, 4000.00, 4000.00, 0.00, '[]', '0', 'plain', '', 0.00, 'Bar Item', NULL, '0000-00-00 00:00:00', '0000-00-00 00:00:00', 271, 58, 0, 1, 1, 'Live'),
(272, 208, 'Sambal Dynamite (30)', 1, 5000.00, 5000.00, 5000.00, 0.00, '\"\"', '0', 'plain', '', 0.00, 'Kitchen Item', NULL, '0000-00-00 00:00:00', '0000-00-00 00:00:00', 272, 58, 0, 1, 1, 'Live'),
(273, 207, 'Bakso Sapi 1-p (21)', 1, 3000.00, 3000.00, 3000.00, 0.00, '\"\"', '0', 'plain', '', 0.00, 'Kitchen Item', NULL, '0000-00-00 00:00:00', '0000-00-00 00:00:00', 273, 58, 0, 1, 1, 'Live'),
(274, 219, 'Green Tea (6)', 1, 6000.00, 6000.00, 6000.00, 0.00, '\"\"', '0', 'plain', '', 0.00, 'Kitchen Item', NULL, '0000-00-00 00:00:00', '0000-00-00 00:00:00', 274, 58, 0, 1, 1, 'Live'),
(275, 223, 'Oreo (10)', 1, 6000.00, 6000.00, 6000.00, 0.00, '\"\"', '0', 'plain', '', 0.00, 'Kitchen Item', NULL, '0000-00-00 00:00:00', '0000-00-00 00:00:00', 275, 58, 0, 1, 1, 'Live'),
(276, 221, 'Nutella (8)', 1, 9000.00, 9000.00, 9000.00, 0.00, '\"\"', '0', 'plain', '', 0.00, 'Kitchen Item', NULL, '0000-00-00 00:00:00', '0000-00-00 00:00:00', 276, 58, 0, 1, 1, 'Live'),
(277, 206, 'Sosis 1-p (22)', 1, 3000.00, 3000.00, 3000.00, 0.00, '\"\"', '0', 'plain', '', 0.00, 'Kitchen Item', NULL, '0000-00-00 00:00:00', '0000-00-00 00:00:00', 277, 58, 0, 1, 1, 'Live'),
(278, 274, 'Strawberry Punch (1620)', 1, 15000.00, 15000.00, 15000.00, 0.00, '[]', '0', 'plain', '', 0.00, 'Bar Item', NULL, '0000-00-00 00:00:00', '0000-00-00 00:00:00', 278, 58, 0, 1, 1, 'Live'),
(279, 275, 'Mango Punch (1621)', 1, 15000.00, 15000.00, 15000.00, 0.00, '[]', '0', 'plain', '', 0.00, 'Bar Item', NULL, '0000-00-00 00:00:00', '0000-00-00 00:00:00', 279, 58, 0, 1, 1, 'Live'),
(280, 276, 'Pineapple Punch (1622)', 1, 15000.00, 15000.00, 15000.00, 0.00, '[]', '0', 'plain', '', 0.00, 'Bar Item', NULL, '0000-00-00 00:00:00', '0000-00-00 00:00:00', 280, 58, 0, 1, 1, 'Live'),
(281, 166, 'Hot Chocolate (1412)', 1, 20000.00, 20000.00, 20000.00, 0.00, '[]', '0', 'plain', '', 0.00, 'Bar Item', NULL, '0000-00-00 00:00:00', '0000-00-00 00:00:00', 281, 58, 0, 1, 1, 'Live'),
(282, 268, 'V60 Special Blend (1423)', 1, 20000.00, 20000.00, 20000.00, 0.00, '[]', '0', 'plain', '', 0.00, 'Bar Item', NULL, '0000-00-00 00:00:00', '0000-00-00 00:00:00', 282, 58, 0, 1, 1, 'Live'),
(283, 158, 'Caffe Latte (1404)', 1, 20000.00, 20000.00, 20000.00, 0.00, '[]', '0', 'plain', '', 0.00, 'Bar Item', NULL, '0000-00-00 00:00:00', '0000-00-00 00:00:00', 283, 58, 0, 1, 1, 'Live'),
(284, 157, 'Americano (1403)', 1, 15000.00, 15000.00, 15000.00, 0.00, '[]', '0', 'plain', '', 0.00, 'Bar Item', NULL, '0000-00-00 00:00:00', '0000-00-00 00:00:00', 284, 58, 0, 1, 1, 'Live'),
(285, 156, 'Espresso (1402)', 1, 12000.00, 12000.00, 12000.00, 0.00, '[]', '0', 'plain', '', 0.00, 'Kitchen Item', NULL, '0000-00-00 00:00:00', '0000-00-00 00:00:00', 285, 58, 0, 1, 1, 'Live'),
(286, 256, 'Pisgor Choco (1014)', 1, 15000.00, 15000.00, 15000.00, 0.00, '[]', '0', 'plain', '', 0.00, 'Bar Item', NULL, '0000-00-00 00:00:00', '0000-00-00 00:00:00', 286, 58, 0, 1, 1, 'Live'),
(287, 114, 'Ropang Ice Cream - Chocolate (0805)', 1, 20000.00, 20000.00, 20000.00, 0.00, '[]', '0', 'plain', '', 0.00, 'Bar Item', NULL, '0000-00-00 00:00:00', '0000-00-00 00:00:00', 287, 58, 0, 1, 1, 'Live'),
(288, 111, 'Ice Cream - Dilema (3 Scoop) (0804)', 1, 20000.00, 20000.00, 20000.00, 0.00, '[]', '0', 'plain', '', 0.00, 'Bar Item', NULL, '0000-00-00 00:00:00', '0000-00-00 00:00:00', 288, 58, 0, 1, 1, 'Live'),
(289, 122, 'Ropang Red Velvet Oreo (1006)', 1, 24000.00, 24000.00, 24000.00, 0.00, '\"\"', '0', 'plain', '', 0.00, 'Kitchen Item', NULL, '0000-00-00 00:00:00', '0000-00-00 00:00:00', 289, 58, 0, 1, 1, 'Live'),
(290, 112, 'Ice Cream Cup - Vanilla (0802)', 1, 15000.00, 15000.00, 15000.00, 0.00, '[]', '0', 'plain', '', 0.00, 'Bar Item', NULL, '0000-00-00 00:00:00', '0000-00-00 00:00:00', 290, 58, 0, 1, 1, 'Live'),
(291, 113, 'Ice Cream Cup  - Strawberry (0803)', 1, 15000.00, 15000.00, 15000.00, 0.00, '[]', '0', 'plain', '', 0.00, 'Bar Item', NULL, '0000-00-00 00:00:00', '0000-00-00 00:00:00', 291, 58, 0, 1, 1, 'Live'),
(292, 100, 'Apple Juice (1802)', 1, 15000.00, 15000.00, 15000.00, 0.00, '[]', '0', 'plain', '', 0.00, 'Bar Item', NULL, '0000-00-00 00:00:00', '0000-00-00 00:00:00', 292, 58, 0, 1, 1, 'Live'),
(293, 99, 'Orange Juice (1801)', 1, 15000.00, 15000.00, 15000.00, 0.00, '[]', '0', 'plain', '', 0.00, 'Bar Item', NULL, '0000-00-00 00:00:00', '0000-00-00 00:00:00', 293, 58, 0, 1, 1, 'Live'),
(294, 107, 'Pomegranate Juice (Jus Delima) (1809)', 1, 15000.00, 15000.00, 15000.00, 0.00, '[]', '0', 'plain', '', 0.00, 'Bar Item', NULL, '0000-00-00 00:00:00', '0000-00-00 00:00:00', 294, 58, 0, 1, 1, 'Live'),
(295, 106, 'Soursop Juice (Jus Sirsak) (1808)', 1, 15000.00, 15000.00, 15000.00, 0.00, '[]', '0', 'plain', '', 0.00, 'Bar Item', NULL, '0000-00-00 00:00:00', '0000-00-00 00:00:00', 295, 58, 0, 1, 1, 'Live'),
(296, 73, 'Nasi Ayam Geprek Keju Parut (0705)', 1, 35000.00, 35000.00, 35000.00, 0.00, '[]', '0', 'plain', '', 0.00, 'Bar Item', NULL, '0000-00-00 00:00:00', '0000-00-00 00:00:00', 296, 58, 0, 1, 1, 'Live'),
(297, 74, 'Paket B (+ Tahu + Tempe) (0707)', 1, 39000.00, 39000.00, 39000.00, 0.00, '[]', '0', 'plain', '', 0.00, 'Bar Item', NULL, '0000-00-00 00:00:00', '0000-00-00 00:00:00', 297, 58, 0, 1, 1, 'Live'),
(298, 77, 'Nasi Kulit Crispy Telur Asin (701)', 1, 20000.00, 20000.00, 20000.00, 0.00, '\"\"', '0', 'plain', '', 0.00, 'Kitchen Item', NULL, '0000-00-00 00:00:00', '0000-00-00 00:00:00', 298, 58, 0, 1, 1, 'Live'),
(299, 80, 'Indomie Ayam Geprek (0710)', 1, 30000.00, 30000.00, 30000.00, 0.00, '[]', '0', 'plain', '', 0.00, 'Bar Item', NULL, '0000-00-00 00:00:00', '0000-00-00 00:00:00', 299, 58, 0, 1, 1, 'Live'),
(300, 81, 'Indomie Ayam Geprek Keju Parut (0711)', 1, 35000.00, 35000.00, 35000.00, 0.00, '[]', '0', 'plain', '', 0.00, 'Bar Item', NULL, '0000-00-00 00:00:00', '0000-00-00 00:00:00', 300, 58, 0, 1, 1, 'Live'),
(301, 82, 'Indomie Ayam Geprek Keju Moza (0712)', 1, 35000.00, 35000.00, 35000.00, 0.00, '[]', '0', 'plain', '', 0.00, 'Bar Item', NULL, '0000-00-00 00:00:00', '0000-00-00 00:00:00', 301, 58, 0, 1, 1, 'Live'),
(302, 77, 'Nasi Kulit Crispy Telur Asin (701)', 25, 500000.00, 500000.00, 20000.00, 0.00, '\"\"', '0', 'plain', '', 0.00, 'Kitchen Item', 'Done', '2020-02-18 12:32:25', '2020-02-18 12:33:02', 302, 59, 0, 1, 1, 'Live'),
(332, 84, 'Tempe Crispy (0721)', 1, 5000.00, 5000.00, 5000.00, 0.00, '[]', '0', 'plain', '', 0.00, 'Bar Item', NULL, '0000-00-00 00:00:00', '0000-00-00 00:00:00', 332, 61, 0, 1, 1, 'Live'),
(333, 85, 'Jamur Crispy (0725)', 1, 10000.00, 10000.00, 10000.00, 0.00, '[]', '0', 'plain', '', 0.00, 'Bar Item', NULL, '0000-00-00 00:00:00', '0000-00-00 00:00:00', 333, 61, 0, 1, 1, 'Live'),
(334, 90, 'Kulit Crispy Telur Asin (727)', 1, 16000.00, 16000.00, 16000.00, 0.00, '\"\"', '0', 'plain', '', 0.00, 'Kitchen Item', 'Done', '0000-00-00 00:00:00', '2020-02-19 13:13:14', 334, 61, 0, 1, 1, 'Live'),
(335, 1, 'Fried Rice with sausage (0601)', 1, 28000.00, 28000.00, 28000.00, 0.00, '[]', '0', 'plain', '', 0.00, 'Bar Item', NULL, '0000-00-00 00:00:00', '0000-00-00 00:00:00', 335, 61, 0, 1, 1, 'Live'),
(336, 2, 'Fish Set (0602)', 1, 28000.00, 28000.00, 28000.00, 0.00, '[]', '0', 'plain', '', 0.00, 'Bar Item', NULL, '0000-00-00 00:00:00', '0000-00-00 00:00:00', 336, 61, 0, 1, 1, 'Live'),
(337, 89, 'Pete 1 Papan (724)', 1, 10000.00, 10000.00, 10000.00, 0.00, '\"\"', '0', 'plain', '', 0.00, 'Kitchen Item', 'Done', '0000-00-00 00:00:00', '2020-02-19 13:13:14', 337, 61, 0, 1, 1, 'Live'),
(338, 88, 'Kulit Crispy (723)', 1, 8000.00, 8000.00, 8000.00, 0.00, '\"\"', '0', 'plain', '', 0.00, 'Kitchen Item', 'Done', '0000-00-00 00:00:00', '2020-02-19 13:13:14', 338, 61, 0, 1, 1, 'Live'),
(339, 145, 'Sencha - Japanese Green Tea (1301)', 1, 15000.00, 15000.00, 15000.00, 0.00, '[]', '0', 'plain', '', 0.00, 'Bar Item', NULL, '0000-00-00 00:00:00', '0000-00-00 00:00:00', 339, 61, 0, 1, 1, 'Live'),
(340, 83, 'Tahu Crispy (0720)', 1, 5000.00, 5000.00, 5000.00, 0.00, '[]', '0', 'plain', '', 0.00, 'Bar Item', NULL, '0000-00-00 00:00:00', '0000-00-00 00:00:00', 340, 61, 0, 1, 1, 'Live'),
(341, 84, 'Tempe Crispy (0721)', 1, 5000.00, 5000.00, 5000.00, 0.00, '[]', '0', 'plain', '', 0.00, 'Bar Item', NULL, '0000-00-00 00:00:00', '0000-00-00 00:00:00', 341, 62, 0, 1, 1, 'Live'),
(342, 85, 'Jamur Crispy (0725)', 1, 10000.00, 10000.00, 10000.00, 0.00, '[]', '0', 'plain', '', 0.00, 'Bar Item', NULL, '0000-00-00 00:00:00', '0000-00-00 00:00:00', 342, 62, 0, 1, 1, 'Live'),
(343, 90, 'Kulit Crispy Telur Asin (727)', 1, 16000.00, 16000.00, 16000.00, 0.00, '\"\"', '0', 'plain', '', 0.00, 'Kitchen Item', 'Done', '2020-02-19 13:15:42', '2020-02-19 13:16:33', 343, 62, 0, 1, 1, 'Live'),
(344, 1, 'Fried Rice with sausage (0601)', 1, 28000.00, 28000.00, 28000.00, 0.00, '[]', '0', 'plain', '', 0.00, 'Bar Item', NULL, '0000-00-00 00:00:00', '0000-00-00 00:00:00', 344, 62, 0, 1, 1, 'Live'),
(345, 2, 'Fish Set (0602)', 1, 28000.00, 28000.00, 28000.00, 0.00, '[]', '0', 'plain', '', 0.00, 'Bar Item', NULL, '0000-00-00 00:00:00', '0000-00-00 00:00:00', 345, 62, 0, 1, 1, 'Live'),
(346, 89, 'Pete 1 Papan (724)', 1, 10000.00, 10000.00, 10000.00, 0.00, '\"\"', '0', 'plain', '', 0.00, 'Kitchen Item', 'Done', '2020-02-19 13:15:42', '2020-02-19 13:16:33', 346, 62, 0, 1, 1, 'Live'),
(347, 88, 'Kulit Crispy (723)', 1, 8000.00, 8000.00, 8000.00, 0.00, '\"\"', '0', 'plain', '', 0.00, 'Kitchen Item', 'Done', '2020-02-19 13:15:42', '2020-02-19 13:16:33', 347, 62, 0, 1, 1, 'Live'),
(348, 145, 'Sencha - Japanese Green Tea (1301)', 1, 15000.00, 15000.00, 15000.00, 0.00, '[]', '0', 'plain', '', 0.00, 'Bar Item', NULL, '0000-00-00 00:00:00', '0000-00-00 00:00:00', 348, 62, 0, 1, 1, 'Live'),
(349, 83, 'Tahu Crispy (0720)', 1, 5000.00, 5000.00, 5000.00, 0.00, '[]', '0', 'plain', '', 0.00, 'Bar Item', NULL, '0000-00-00 00:00:00', '0000-00-00 00:00:00', 349, 62, 0, 1, 1, 'Live'),
(350, 84, 'Tempe Crispy (0721)', 1, 5000.00, 5000.00, 5000.00, 0.00, '[]', '0', 'plain', '', 0.00, 'Bar Item', NULL, '0000-00-00 00:00:00', '0000-00-00 00:00:00', 350, 63, 0, 1, 1, 'Live'),
(351, 85, 'Jamur Crispy (0725)', 1, 10000.00, 10000.00, 10000.00, 0.00, '[]', '0', 'plain', '', 0.00, 'Bar Item', NULL, '0000-00-00 00:00:00', '0000-00-00 00:00:00', 351, 63, 0, 1, 1, 'Live'),
(352, 1, 'Fried Rice with sausage (0601)', 1, 28000.00, 28000.00, 28000.00, 0.00, '[]', '0', 'plain', '', 0.00, 'Bar Item', NULL, '0000-00-00 00:00:00', '0000-00-00 00:00:00', 352, 63, 0, 1, 1, 'Live'),
(353, 2, 'Fish Set (0602)', 1, 28000.00, 28000.00, 28000.00, 0.00, '[]', '0', 'plain', '', 0.00, 'Bar Item', NULL, '0000-00-00 00:00:00', '0000-00-00 00:00:00', 353, 63, 0, 1, 1, 'Live'),
(354, 84, 'Tempe Crispy (0721)', 1, 5000.00, 5000.00, 5000.00, 0.00, '[]', '0', 'plain', '', 0.00, 'Bar Item', NULL, '0000-00-00 00:00:00', '0000-00-00 00:00:00', 354, 64, 0, 1, 1, 'Live'),
(355, 85, 'Jamur Crispy (0725)', 1, 10000.00, 10000.00, 10000.00, 0.00, '[]', '0', 'plain', '', 0.00, 'Bar Item', NULL, '0000-00-00 00:00:00', '0000-00-00 00:00:00', 355, 64, 0, 1, 1, 'Live'),
(356, 1, 'Fried Rice with sausage (0601)', 1, 28000.00, 28000.00, 28000.00, 0.00, '[]', '0', 'plain', '', 0.00, 'Bar Item', NULL, '0000-00-00 00:00:00', '0000-00-00 00:00:00', 356, 64, 0, 1, 1, 'Live'),
(357, 2, 'Fish Set (0602)', 1, 28000.00, 28000.00, 28000.00, 0.00, '[]', '0', 'plain', '', 0.00, 'Bar Item', NULL, '0000-00-00 00:00:00', '0000-00-00 00:00:00', 357, 64, 0, 1, 1, 'Live'),
(358, 90, 'Kulit Crispy Telur Asin (727)', 1, 16000.00, 16000.00, 16000.00, 0.00, '\"\"', '0', 'plain', '', 0.00, 'Kitchen Item', 'Done', '0000-00-00 00:00:00', '2020-02-19 13:36:51', 358, 64, 0, 1, 1, 'Live'),
(359, 89, 'Pete 1 Papan (724)', 1, 10000.00, 10000.00, 10000.00, 0.00, '\"\"', '0', 'plain', '', 0.00, 'Kitchen Item', 'Done', '0000-00-00 00:00:00', '2020-02-19 13:36:51', 359, 64, 0, 1, 1, 'Live'),
(360, 83, 'Tahu Crispy (0720)', 1, 5000.00, 5000.00, 5000.00, 0.00, '[]', '0', 'plain', '', 0.00, 'Bar Item', NULL, '0000-00-00 00:00:00', '0000-00-00 00:00:00', 360, 64, 0, 1, 1, 'Live'),
(361, 145, 'Sencha - Japanese Green Tea (1301)', 1, 15000.00, 15000.00, 15000.00, 0.00, '[]', '0', 'plain', '', 0.00, 'Bar Item', NULL, '0000-00-00 00:00:00', '0000-00-00 00:00:00', 361, 64, 0, 1, 1, 'Live'),
(362, 88, 'Kulit Crispy (723)', 1, 8000.00, 8000.00, 8000.00, 0.00, '\"\"', '0', 'plain', '', 0.00, 'Kitchen Item', 'Done', '0000-00-00 00:00:00', '2020-02-19 13:36:51', 362, 64, 0, 1, 1, 'Live'),
(363, 84, 'Tempe Crispy (0721)', 1, 5000.00, 5000.00, 5000.00, 0.00, '[]', '0', 'plain', '', 0.00, 'Bar Item', NULL, '0000-00-00 00:00:00', '0000-00-00 00:00:00', 363, 65, 0, 1, 1, 'Live'),
(364, 85, 'Jamur Crispy (0725)', 1, 10000.00, 10000.00, 10000.00, 0.00, '[]', '0', 'plain', '', 0.00, 'Bar Item', NULL, '0000-00-00 00:00:00', '0000-00-00 00:00:00', 364, 65, 0, 1, 1, 'Live'),
(365, 90, 'Kulit Crispy Telur Asin (727)', 1, 16000.00, 16000.00, 16000.00, 0.00, '\"\"', '0', 'plain', '', 0.00, 'Kitchen Item', 'Done', '0000-00-00 00:00:00', '2020-02-19 13:48:32', 365, 65, 0, 1, 1, 'Live'),
(366, 1, 'Fried Rice with sausage (0601)', 1, 28000.00, 28000.00, 28000.00, 0.00, '[]', '0', 'plain', '', 0.00, 'Bar Item', NULL, '0000-00-00 00:00:00', '0000-00-00 00:00:00', 366, 65, 0, 1, 1, 'Live'),
(367, 2, 'Fish Set (0602)', 1, 28000.00, 28000.00, 28000.00, 0.00, '[]', '0', 'plain', '', 0.00, 'Bar Item', NULL, '0000-00-00 00:00:00', '0000-00-00 00:00:00', 367, 65, 0, 1, 1, 'Live'),
(368, 89, 'Pete 1 Papan (724)', 1, 10000.00, 10000.00, 10000.00, 0.00, '\"\"', '0', 'plain', '', 0.00, 'Kitchen Item', 'Done', '0000-00-00 00:00:00', '2020-02-19 13:48:32', 368, 65, 0, 1, 1, 'Live'),
(369, 88, 'Kulit Crispy (723)', 1, 8000.00, 8000.00, 8000.00, 0.00, '\"\"', '0', 'plain', '', 0.00, 'Kitchen Item', 'Done', '0000-00-00 00:00:00', '2020-02-19 13:48:32', 369, 65, 0, 1, 1, 'Live'),
(370, 145, 'Sencha - Japanese Green Tea (1301)', 1, 15000.00, 15000.00, 15000.00, 0.00, '[]', '0', 'plain', '', 0.00, 'Bar Item', NULL, '0000-00-00 00:00:00', '0000-00-00 00:00:00', 370, 65, 0, 1, 1, 'Live'),
(371, 83, 'Tahu Crispy (0720)', 1, 5000.00, 5000.00, 5000.00, 0.00, '[]', '0', 'plain', '', 0.00, 'Bar Item', NULL, '0000-00-00 00:00:00', '0000-00-00 00:00:00', 371, 65, 0, 1, 1, 'Live'),
(372, 83, 'Tahu Crispy (0720)', 1, 5000.00, 5000.00, 5000.00, 0.00, '[]', '0', 'plain', '', 0.00, 'Bar Item', NULL, '0000-00-00 00:00:00', '0000-00-00 00:00:00', 372, 65, 0, 1, 1, 'Live'),
(373, 84, 'Tempe Crispy (0721)', 1, 5000.00, 5000.00, 5000.00, 0.00, '[]', '0', 'plain', '', 0.00, 'Bar Item', NULL, '0000-00-00 00:00:00', '0000-00-00 00:00:00', 373, 66, 0, 1, 1, 'Live'),
(374, 85, 'Jamur Crispy (0725)', 1, 10000.00, 10000.00, 10000.00, 0.00, '[]', '0', 'plain', '', 0.00, 'Bar Item', NULL, '0000-00-00 00:00:00', '0000-00-00 00:00:00', 374, 66, 0, 1, 1, 'Live'),
(375, 90, 'Kulit Crispy Telur Asin (727)', 1, 16000.00, 16000.00, 16000.00, 0.00, '\"\"', '0', 'plain', '', 0.00, 'Kitchen Item', 'Done', '0000-00-00 00:00:00', '2020-02-19 13:48:35', 375, 66, 0, 1, 1, 'Live'),
(376, 84, 'Tempe Crispy (0721)', 1, 5000.00, 5000.00, 5000.00, 0.00, '[]', '0', 'plain', '', 0.00, 'Bar Item', NULL, '0000-00-00 00:00:00', '0000-00-00 00:00:00', 376, 67, 0, 1, 1, 'Live'),
(377, 85, 'Jamur Crispy (0725)', 1, 10000.00, 10000.00, 10000.00, 0.00, '[]', '0', 'plain', '', 0.00, 'Bar Item', NULL, '0000-00-00 00:00:00', '0000-00-00 00:00:00', 377, 67, 0, 1, 1, 'Live'),
(378, 90, 'Kulit Crispy Telur Asin (727)', 1, 16000.00, 16000.00, 16000.00, 0.00, '\"\"', '0', 'plain', '', 0.00, 'Kitchen Item', 'Done', '0000-00-00 00:00:00', '2020-02-19 15:10:03', 378, 67, 0, 1, 1, 'Live'),
(379, 1, 'Fried Rice with sausage (0601)', 1, 28000.00, 28000.00, 28000.00, 0.00, '[]', '0', 'plain', '', 0.00, 'Bar Item', NULL, '0000-00-00 00:00:00', '0000-00-00 00:00:00', 379, 67, 0, 1, 1, 'Live'),
(380, 89, 'Pete 1 Papan (724)', 1, 10000.00, 10000.00, 10000.00, 0.00, '\"\"', '0', 'plain', '', 0.00, 'Kitchen Item', 'Done', '0000-00-00 00:00:00', '2020-02-19 15:10:03', 380, 67, 0, 1, 1, 'Live'),
(381, 2, 'Fish Set (0602)', 1, 28000.00, 28000.00, 28000.00, 0.00, '[]', '0', 'plain', '', 0.00, 'Bar Item', NULL, '0000-00-00 00:00:00', '0000-00-00 00:00:00', 381, 67, 0, 1, 1, 'Live'),
(382, 88, 'Kulit Crispy (723)', 1, 8000.00, 8000.00, 8000.00, 0.00, '\"\"', '0', 'plain', '', 0.00, 'Kitchen Item', 'Done', '0000-00-00 00:00:00', '2020-02-19 15:10:03', 382, 67, 0, 1, 1, 'Live'),
(383, 145, 'Sencha - Japanese Green Tea (1301)', 1, 15000.00, 15000.00, 15000.00, 0.00, '[]', '0', 'plain', '', 0.00, 'Bar Item', NULL, '0000-00-00 00:00:00', '0000-00-00 00:00:00', 383, 67, 0, 1, 1, 'Live'),
(384, 83, 'Tahu Crispy (0720)', 1, 5000.00, 5000.00, 5000.00, 0.00, '[]', '0', 'plain', '', 0.00, 'Bar Item', NULL, '0000-00-00 00:00:00', '0000-00-00 00:00:00', 384, 67, 0, 1, 1, 'Live'),
(385, 85, 'Jamur Crispy (0725)', 1, 10000.00, 10000.00, 10000.00, 0.00, '[]', '0', 'plain', '', 0.00, 'Bar Item', NULL, '0000-00-00 00:00:00', '0000-00-00 00:00:00', 385, 68, 0, 1, 1, 'Live'),
(386, 90, 'Kulit Crispy Telur Asin (727)', 1, 16000.00, 16000.00, 16000.00, 0.00, '\"\"', '0', 'plain', '', 0.00, 'Kitchen Item', 'Done', '0000-00-00 00:00:00', '2020-02-19 15:12:53', 386, 68, 0, 1, 1, 'Live'),
(387, 1, 'Fried Rice with sausage (0601)', 1, 28000.00, 28000.00, 28000.00, 0.00, '[]', '0', 'plain', '', 0.00, 'Bar Item', NULL, '0000-00-00 00:00:00', '0000-00-00 00:00:00', 387, 68, 0, 1, 1, 'Live'),
(388, 2, 'Fish Set (0602)', 1, 28000.00, 28000.00, 28000.00, 0.00, '[]', '0', 'plain', '', 0.00, 'Bar Item', NULL, '0000-00-00 00:00:00', '0000-00-00 00:00:00', 388, 68, 0, 1, 1, 'Live'),
(389, 89, 'Pete 1 Papan (724)', 1, 10000.00, 10000.00, 10000.00, 0.00, '\"\"', '0', 'plain', '', 0.00, 'Kitchen Item', 'Done', '0000-00-00 00:00:00', '2020-02-19 15:12:53', 389, 68, 0, 1, 1, 'Live'),
(390, 83, 'Tahu Crispy (0720)', 1, 5000.00, 5000.00, 5000.00, 0.00, '[]', '0', 'plain', '', 0.00, 'Bar Item', NULL, '0000-00-00 00:00:00', '0000-00-00 00:00:00', 390, 68, 0, 1, 1, 'Live'),
(391, 145, 'Sencha - Japanese Green Tea (1301)', 1, 15000.00, 15000.00, 15000.00, 0.00, '[]', '0', 'plain', '', 0.00, 'Bar Item', NULL, '0000-00-00 00:00:00', '0000-00-00 00:00:00', 391, 68, 0, 1, 1, 'Live'),
(392, 88, 'Kulit Crispy (723)', 1, 8000.00, 8000.00, 8000.00, 0.00, '\"\"', '0', 'plain', '', 0.00, 'Kitchen Item', 'Done', '0000-00-00 00:00:00', '2020-02-19 15:12:53', 392, 68, 0, 1, 1, 'Live'),
(393, 84, 'Tempe Crispy (0721)', 1, 5000.00, 5000.00, 5000.00, 0.00, '[]', '0', 'plain', '', 0.00, 'Bar Item', NULL, '0000-00-00 00:00:00', '0000-00-00 00:00:00', 393, 69, 0, 1, 1, 'Live'),
(394, 90, 'Kulit Crispy Telur Asin (727)', 1, 16000.00, 16000.00, 16000.00, 0.00, '\"\"', '0', 'plain', '', 0.00, 'Kitchen Item', NULL, '0000-00-00 00:00:00', '0000-00-00 00:00:00', 394, 69, 0, 1, 1, 'Live'),
(395, 84, 'Tempe Crispy (0721)', 1, 5000.00, 5000.00, 5000.00, 0.00, '[]', '0', 'plain', '', 0.00, 'Bar Item', NULL, '0000-00-00 00:00:00', '0000-00-00 00:00:00', 395, 69, 0, 1, 1, 'Live'),
(396, 85, 'Jamur Crispy (0725)', 1, 10000.00, 10000.00, 10000.00, 0.00, '[]', '0', 'plain', '', 0.00, 'Bar Item', NULL, '0000-00-00 00:00:00', '0000-00-00 00:00:00', 396, 69, 0, 1, 1, 'Live'),
(397, 90, 'Kulit Crispy Telur Asin (727)', 1, 16000.00, 16000.00, 16000.00, 0.00, '\"\"', '0', 'plain', '', 0.00, 'Kitchen Item', NULL, '0000-00-00 00:00:00', '0000-00-00 00:00:00', 397, 69, 0, 1, 1, 'Live'),
(398, 84, 'Tempe Crispy (0721)', 1, 5000.00, 5000.00, 5000.00, 0.00, '[]', '0', 'plain', '', 0.00, 'Bar Item', NULL, '0000-00-00 00:00:00', '0000-00-00 00:00:00', 398, 70, 0, 1, 1, 'Live'),
(399, 85, 'Jamur Crispy (0725)', 1, 10000.00, 10000.00, 10000.00, 0.00, '[]', '0', 'plain', '', 0.00, 'Bar Item', NULL, '0000-00-00 00:00:00', '0000-00-00 00:00:00', 399, 70, 0, 1, 1, 'Live'),
(400, 90, 'Kulit Crispy Telur Asin (727)', 1, 16000.00, 16000.00, 16000.00, 0.00, '\"\"', '0', 'plain', '', 0.00, 'Kitchen Item', NULL, '0000-00-00 00:00:00', '0000-00-00 00:00:00', 400, 70, 0, 1, 1, 'Live'),
(401, 1, 'Fried Rice with sausage (0601)', 1, 28000.00, 28000.00, 28000.00, 0.00, '[]', '0', 'plain', '', 0.00, 'Bar Item', NULL, '0000-00-00 00:00:00', '0000-00-00 00:00:00', 401, 70, 0, 1, 1, 'Live'),
(402, 2, 'Fish Set (0602)', 1, 28000.00, 28000.00, 28000.00, 0.00, '[]', '0', 'plain', '', 0.00, 'Bar Item', NULL, '0000-00-00 00:00:00', '0000-00-00 00:00:00', 402, 70, 0, 1, 1, 'Live'),
(403, 89, 'Pete 1 Papan (724)', 1, 10000.00, 10000.00, 10000.00, 0.00, '\"\"', '0', 'plain', '', 0.00, 'Kitchen Item', NULL, '0000-00-00 00:00:00', '0000-00-00 00:00:00', 403, 70, 0, 1, 1, 'Live'),
(404, 88, 'Kulit Crispy (723)', 1, 8000.00, 8000.00, 8000.00, 0.00, '\"\"', '0', 'plain', '', 0.00, 'Kitchen Item', NULL, '0000-00-00 00:00:00', '0000-00-00 00:00:00', 404, 70, 0, 1, 1, 'Live'),
(405, 145, 'Sencha - Japanese Green Tea (1301)', 1, 15000.00, 15000.00, 15000.00, 0.00, '[]', '0', 'plain', '', 0.00, 'Bar Item', NULL, '0000-00-00 00:00:00', '0000-00-00 00:00:00', 405, 70, 0, 1, 1, 'Live'),
(406, 83, 'Tahu Crispy (0720)', 1, 5000.00, 5000.00, 5000.00, 0.00, '[]', '0', 'plain', '', 0.00, 'Bar Item', NULL, '0000-00-00 00:00:00', '0000-00-00 00:00:00', 406, 70, 0, 1, 1, 'Live'),
(409, 85, 'Jamur Crispy (0725)', 1, 10000.00, 10000.00, 10000.00, 0.00, '[]', '0', 'plain', '', 0.00, 'Bar Item', 'Done', '0000-00-00 00:00:00', '2020-02-19 15:57:18', 409, 72, 0, 1, 1, 'Live'),
(410, 1, 'Fried Rice with sausage (0601)', 1, 28000.00, 28000.00, 28000.00, 0.00, '[]', '0', 'plain', '', 0.00, 'Bar Item', 'Done', '0000-00-00 00:00:00', '2020-02-19 15:57:18', 410, 72, 0, 1, 1, 'Live'),
(411, 1, 'Fried Rice with sausage (0601)', 1, 28000.00, 28000.00, 28000.00, 0.00, '[]', '0', 'plain', '', 0.00, 'Bar Item', 'Done', '0000-00-00 00:00:00', '2020-02-19 15:57:18', 411, 72, 0, 1, 1, 'Live'),
(412, 88, 'Kulit Crispy (723)', 1, 8000.00, 8000.00, 8000.00, 0.00, '\"\"', '0', 'plain', '', 0.00, 'Kitchen Item', 'Done', '0000-00-00 00:00:00', '2020-02-19 15:55:10', 412, 72, 0, 1, 1, 'Live'),
(413, 84, 'Tempe Crispy (0721)', 1, 5000.00, 5000.00, 5000.00, 0.00, '[]', '0', 'plain', '', 0.00, 'Bar Item', 'Done', '0000-00-00 00:00:00', '2020-02-19 16:17:26', 413, 73, 0, 1, 1, 'Live'),
(414, 90, 'Kulit Crispy Telur Asin (727)', 1, 16000.00, 16000.00, 16000.00, 0.00, '\"\"', '0', 'plain', '', 0.00, 'Kitchen Item', 'Done', '2020-02-19 16:01:00', '2020-02-19 16:04:59', 414, 73, 0, 1, 1, 'Live'),
(415, 89, 'Pete 1 Papan (724)', 1, 10000.00, 10000.00, 10000.00, 0.00, '\"\"', '0', 'plain', '', 0.00, 'Kitchen Item', 'Done', '2020-02-19 16:01:00', '2020-02-19 16:04:59', 415, 73, 0, 1, 1, 'Live'),
(416, 2, 'Fish Set (0602)', 1, 28000.00, 28000.00, 28000.00, 0.00, '[]', '0', 'plain', '', 0.00, 'Bar Item', 'Done', '0000-00-00 00:00:00', '2020-02-19 16:17:26', 416, 73, 0, 1, 1, 'Live'),
(417, 85, 'Jamur Crispy (0725)', 1, 10000.00, 10000.00, 10000.00, 0.00, '[]', '0', 'plain', '', 0.00, 'Bar Item', 'Done', '0000-00-00 00:00:00', '2020-02-19 16:17:26', 417, 73, 0, 1, 1, 'Live'),
(418, 85, 'Jamur Crispy (0725)', 1, 10000.00, 10000.00, 10000.00, 0.00, '[]', '0', 'plain', '', 0.00, 'Bar Item', 'Done', '0000-00-00 00:00:00', '2020-02-19 16:17:26', 418, 73, 0, 1, 1, 'Live'),
(419, 84, 'Tempe Crispy (0721)', 1, 5000.00, 5000.00, 5000.00, 0.00, '[]', '0', 'plain', '', 0.00, 'Bar Item', 'Done', '0000-00-00 00:00:00', '2020-02-19 16:11:49', 419, 74, 0, 1, 1, 'Live'),
(420, 85, 'Jamur Crispy (0725)', 1, 10000.00, 10000.00, 10000.00, 0.00, '[]', '0', 'plain', '', 0.00, 'Bar Item', 'Done', '0000-00-00 00:00:00', '2020-02-19 16:11:49', 420, 74, 0, 1, 1, 'Live'),
(421, 84, 'Tempe Crispy (0721)', 1, 5000.00, 5000.00, 5000.00, 0.00, '[]', '0', 'plain', '', 0.00, 'Bar Item', 'Done', '0000-00-00 00:00:00', '2020-02-19 16:17:29', 421, 75, 0, 1, 1, 'Live'),
(422, 85, 'Jamur Crispy (0725)', 1, 10000.00, 10000.00, 10000.00, 0.00, '[]', '0', 'plain', '', 0.00, 'Bar Item', 'Done', '0000-00-00 00:00:00', '2020-02-19 16:17:29', 422, 75, 0, 1, 1, 'Live'),
(423, 90, 'Kulit Crispy Telur Asin (727)', 1, 16000.00, 16000.00, 16000.00, 0.00, '\"\"', '0', 'plain', '', 0.00, 'Kitchen Item', 'Done', '2020-02-19 16:04:12', '2020-02-19 16:05:04', 423, 75, 0, 1, 1, 'Live'),
(424, 1, 'Fried Rice with sausage (0601)', 1, 28000.00, 28000.00, 28000.00, 0.00, '[]', '0', 'plain', '', 0.00, 'Bar Item', 'Done', '0000-00-00 00:00:00', '2020-02-19 16:17:29', 424, 75, 0, 1, 1, 'Live'),
(425, 2, 'Fish Set (0602)', 1, 28000.00, 28000.00, 28000.00, 0.00, '[]', '0', 'plain', '', 0.00, 'Bar Item', 'Done', '0000-00-00 00:00:00', '2020-02-19 16:17:29', 425, 75, 0, 1, 1, 'Live'),
(426, 84, 'Tempe Crispy (0721)', 1, 5000.00, 5000.00, 5000.00, 0.00, '[]', '0', 'plain', '', 0.00, 'Bar Item', 'Done', '0000-00-00 00:00:00', '2020-02-19 16:08:20', 426, 76, 0, 1, 1, 'Live'),
(427, 85, 'Jamur Crispy (0725)', 1, 10000.00, 10000.00, 10000.00, 0.00, '[]', '0', 'plain', '', 0.00, 'Bar Item', 'Done', '0000-00-00 00:00:00', '2020-02-19 16:08:20', 427, 76, 0, 1, 1, 'Live'),
(428, 90, 'Kulit Crispy Telur Asin (727)', 1, 16000.00, 16000.00, 16000.00, 0.00, '\"\"', '0', 'plain', '', 0.00, 'Kitchen Item', 'Done', '2020-02-19 16:07:04', '2020-02-19 16:09:11', 428, 76, 0, 1, 1, 'Live'),
(429, 1, 'Fried Rice with sausage (0601)', 1, 28000.00, 28000.00, 28000.00, 0.00, '[]', '0', 'plain', '', 0.00, 'Bar Item', 'Done', '0000-00-00 00:00:00', '2020-02-19 16:08:20', 429, 76, 0, 1, 1, 'Live'),
(430, 89, 'Pete 1 Papan (724)', 1, 10000.00, 10000.00, 10000.00, 0.00, '\"\"', '0', 'plain', '', 0.00, 'Kitchen Item', 'Done', '2020-02-19 16:07:04', '2020-02-19 16:09:11', 430, 76, 0, 1, 1, 'Live'),
(431, 2, 'Fish Set (0602)', 1, 28000.00, 28000.00, 28000.00, 0.00, '[]', '0', 'plain', '', 0.00, 'Bar Item', 'Done', '0000-00-00 00:00:00', '2020-02-19 16:08:20', 431, 76, 0, 1, 1, 'Live'),
(432, 84, 'Tempe Crispy (0721)', 1, 5000.00, 5000.00, 5000.00, 0.00, '[]', '0', 'plain', '', 0.00, 'Bar Item', 'Done', '0000-00-00 00:00:00', '2020-02-19 16:10:38', 432, 77, 0, 1, 1, 'Live'),
(433, 85, 'Jamur Crispy (0725)', 1, 10000.00, 10000.00, 10000.00, 0.00, '[]', '0', 'plain', '', 0.00, 'Bar Item', 'Done', '0000-00-00 00:00:00', '2020-02-19 16:10:38', 433, 77, 0, 1, 1, 'Live'),
(434, 90, 'Kulit Crispy Telur Asin (727)', 1, 16000.00, 16000.00, 16000.00, 0.00, '\"\"', '0', 'plain', '', 0.00, 'Kitchen Item', 'Done', '0000-00-00 00:00:00', '2020-02-19 16:09:51', 434, 77, 0, 1, 1, 'Live'),
(435, 1, 'Fried Rice with sausage (0601)', 1, 28000.00, 28000.00, 28000.00, 0.00, '[]', '0', 'plain', '', 0.00, 'Bar Item', 'Done', '0000-00-00 00:00:00', '2020-02-19 16:10:38', 435, 77, 0, 1, 1, 'Live'),
(436, 2, 'Fish Set (0602)', 1, 28000.00, 28000.00, 28000.00, 0.00, '[]', '0', 'plain', '', 0.00, 'Bar Item', 'Done', '0000-00-00 00:00:00', '2020-02-19 16:10:38', 436, 77, 0, 1, 1, 'Live'),
(437, 89, 'Pete 1 Papan (724)', 1, 10000.00, 10000.00, 10000.00, 0.00, '\"\"', '0', 'plain', '', 0.00, 'Kitchen Item', 'Done', '0000-00-00 00:00:00', '2020-02-19 16:09:51', 437, 77, 0, 1, 1, 'Live'),
(438, 88, 'Kulit Crispy (723)', 1, 8000.00, 8000.00, 8000.00, 0.00, '\"\"', '0', 'plain', '', 0.00, 'Kitchen Item', 'Done', '0000-00-00 00:00:00', '2020-02-19 16:09:51', 438, 77, 0, 1, 1, 'Live'),
(439, 83, 'Tahu Crispy (0720)', 1, 5000.00, 5000.00, 5000.00, 0.00, '[]', '0', 'plain', '', 0.00, 'Bar Item', 'Done', '0000-00-00 00:00:00', '2020-02-19 16:10:38', 439, 77, 0, 1, 1, 'Live'),
(440, 84, 'Tempe Crispy (0721)', 1, 5000.00, 5000.00, 5000.00, 0.00, '[]', '0', 'plain', '', 0.00, 'Bar Item', 'Done', '0000-00-00 00:00:00', '2020-02-20 14:28:44', 440, 78, 0, 1, 1, 'Live'),
(441, 85, 'Jamur Crispy (0725)', 1, 10000.00, 10000.00, 10000.00, 0.00, '[]', '0', 'plain', '', 0.00, 'Bar Item', 'Done', '0000-00-00 00:00:00', '2020-02-20 14:28:45', 441, 78, 0, 1, 1, 'Live'),
(442, 90, 'Kulit Crispy Telur Asin (727)', 1, 16000.00, 16000.00, 16000.00, 0.00, '\"\"', '0', 'plain', '', 0.00, 'Kitchen Item', 'Done', '2020-02-19 17:25:41', '2020-02-19 17:26:03', 442, 78, 0, 1, 1, 'Live'),
(443, 1, 'Fried Rice with sausage (0601)', 1, 28000.00, 28000.00, 28000.00, 0.00, '[]', '0', 'plain', '', 0.00, 'Bar Item', 'Done', '0000-00-00 00:00:00', '2020-02-20 14:28:45', 443, 78, 0, 1, 1, 'Live'),
(444, 2, 'Fish Set (0602)', 1, 28000.00, 28000.00, 28000.00, 0.00, '[]', '0', 'plain', '', 0.00, 'Bar Item', 'Done', '0000-00-00 00:00:00', '2020-02-20 14:28:45', 444, 78, 0, 1, 1, 'Live'),
(445, 89, 'Pete 1 Papan (724)', 1, 10000.00, 10000.00, 10000.00, 0.00, '\"\"', '0', 'plain', '', 0.00, 'Kitchen Item', 'Done', '2020-02-19 17:25:41', '2020-02-19 17:26:03', 445, 78, 0, 1, 1, 'Live'),
(446, 88, 'Kulit Crispy (723)', 1, 8000.00, 8000.00, 8000.00, 0.00, '\"\"', '0', 'plain', '', 0.00, 'Kitchen Item', 'Done', '2020-02-19 17:25:41', '2020-02-19 17:26:03', 446, 78, 0, 1, 1, 'Live'),
(447, 145, 'Sencha - Japanese Green Tea (1301)', 1, 15000.00, 15000.00, 15000.00, 0.00, '[]', '0', 'plain', '', 0.00, 'Bar Item', 'Done', '0000-00-00 00:00:00', '2020-02-20 14:28:45', 447, 78, 0, 1, 1, 'Live'),
(448, 83, 'Tahu Crispy (0720)', 1, 5000.00, 5000.00, 5000.00, 0.00, '[]', '0', 'plain', '', 0.00, 'Bar Item', 'Done', '0000-00-00 00:00:00', '2020-02-20 14:28:45', 448, 78, 0, 1, 1, 'Live'),
(449, 84, 'Tempe Crispy (0721)', 1, 5000.00, 5000.00, 5000.00, 0.00, '[]', '0', 'plain', '', 0.00, 'Bar Item', 'Done', '0000-00-00 00:00:00', '2020-02-20 14:28:47', 449, 79, 0, 1, 1, 'Live'),
(450, 85, 'Jamur Crispy (0725)', 1, 10000.00, 10000.00, 10000.00, 0.00, '[]', '0', 'plain', '', 0.00, 'Bar Item', 'Done', '0000-00-00 00:00:00', '2020-02-20 14:28:47', 450, 79, 0, 1, 1, 'Live'),
(451, 90, 'Kulit Crispy Telur Asin (727)', 1, 16000.00, 16000.00, 16000.00, 0.00, '\"\"', '0', 'plain', '', 0.00, 'Kitchen Item', 'Done', '2020-02-20 11:17:56', '2020-02-20 11:24:16', 451, 79, 0, 1, 1, 'Live'),
(452, 1, 'Fried Rice with sausage (0601)', 1, 28000.00, 28000.00, 28000.00, 0.00, '[]', '0', 'plain', '', 0.00, 'Bar Item', 'Done', '0000-00-00 00:00:00', '2020-02-20 14:28:47', 452, 79, 0, 1, 1, 'Live'),
(453, 2, 'Fish Set (0602)', 1, 28000.00, 28000.00, 28000.00, 0.00, '[]', '0', 'plain', '', 0.00, 'Bar Item', 'Done', '0000-00-00 00:00:00', '2020-02-20 14:28:47', 453, 79, 0, 1, 1, 'Live'),
(454, 89, 'Pete 1 Papan (724)', 1, 10000.00, 10000.00, 10000.00, 0.00, '\"\"', '0', 'plain', '', 0.00, 'Kitchen Item', 'Done', '2020-02-20 11:17:56', '2020-02-20 11:24:16', 454, 79, 0, 1, 1, 'Live'),
(455, 84, 'Tempe Crispy (0721)', 1, 5000.00, 5000.00, 5000.00, 0.00, '[]', '0', 'plain', '', 0.00, 'Bar Item', 'Done', '0000-00-00 00:00:00', '2020-02-20 14:28:50', 455, 80, 0, 1, 1, 'Live'),
(456, 85, 'Jamur Crispy (0725)', 1, 10000.00, 10000.00, 10000.00, 0.00, '[]', '0', 'plain', '', 0.00, 'Bar Item', 'Done', '0000-00-00 00:00:00', '2020-02-20 14:28:50', 456, 80, 0, 1, 1, 'Live'),
(457, 84, 'Tempe Crispy (0721)', 1, 5000.00, 5000.00, 5000.00, 0.00, '[]', '0', 'plain', '', 0.00, 'Bar Item', 'Done', '0000-00-00 00:00:00', '2020-02-19 17:26:33', 457, 81, 0, 1, 1, 'Live'),
(458, 1, 'Fried Rice with sausage (0601)', 1, 28000.00, 28000.00, 28000.00, 0.00, '[]', '0', 'plain', '', 0.00, 'Bar Item', 'Done', '0000-00-00 00:00:00', '2020-02-19 17:26:33', 458, 81, 0, 1, 1, 'Live'),
(459, 88, 'Kulit Crispy (723)', 1, 8000.00, 8000.00, 8000.00, 0.00, '\"\"', '0', 'plain', '', 0.00, 'Kitchen Item', 'Done', '2020-02-19 15:53:05', '2020-02-19 15:53:46', 408, 71, 0, 1, 1, 'Live'),
(460, 2, 'Fish Set (0602)', 1, 28000.00, 28000.00, 28000.00, 0.00, '[]', '0', 'plain', '', 0.00, 'Bar Item', 'Done', '0000-00-00 00:00:00', '2020-02-19 15:56:06', 407, 71, 0, 1, 1, 'Live'),
(461, 84, 'Tempe Crispy (0721)', 1, 5000.00, 5000.00, 5000.00, 0.00, '[]', '0', 'plain', '', 0.00, 'Bar Item', 'Done', '0000-00-00 00:00:00', '2020-02-20 14:29:12', 461, 82, 0, 1, 1, 'Live'),
(462, 85, 'Jamur Crispy (0725)', 1, 10000.00, 10000.00, 10000.00, 0.00, '[]', '0', 'plain', '', 0.00, 'Bar Item', 'Done', '0000-00-00 00:00:00', '2020-02-20 14:29:12', 462, 82, 0, 1, 1, 'Live'),
(463, 90, 'Kulit Crispy Telur Asin (727)', 1, 16000.00, 16000.00, 16000.00, 0.00, '\"\"', '0', 'plain', '', 0.00, 'Kitchen Item', 'Done', '0000-00-00 00:00:00', '2020-02-20 11:24:19', 463, 82, 0, 1, 1, 'Live'),
(464, 1, 'Fried Rice with sausage (0601)', 1, 28000.00, 28000.00, 28000.00, 0.00, '[]', '0', 'plain', '', 0.00, 'Bar Item', 'Done', '0000-00-00 00:00:00', '2020-02-20 14:29:12', 464, 82, 0, 1, 1, 'Live'),
(465, 2, 'Fish Set (0602)', 1, 28000.00, 28000.00, 28000.00, 0.00, '[]', '0', 'plain', '', 0.00, 'Bar Item', 'Done', '0000-00-00 00:00:00', '2020-02-20 14:29:12', 465, 82, 0, 1, 1, 'Live'),
(466, 89, 'Pete 1 Papan (724)', 1, 10000.00, 10000.00, 10000.00, 0.00, '\"\"', '0', 'plain', '', 0.00, 'Kitchen Item', 'Done', '0000-00-00 00:00:00', '2020-02-20 11:24:19', 466, 82, 0, 1, 1, 'Live'),
(467, 84, 'Tempe Crispy (0721)', 1, 5000.00, 5000.00, 5000.00, 0.00, '[]', '0', 'plain', '', 0.00, 'Bar Item', 'Done', '0000-00-00 00:00:00', '2020-02-20 14:29:15', 467, 83, 0, 1, 1, 'Live'),
(468, 85, 'Jamur Crispy (0725)', 1, 10000.00, 10000.00, 10000.00, 0.00, '[]', '0', 'plain', '', 0.00, 'Bar Item', 'Done', '0000-00-00 00:00:00', '2020-02-20 14:29:15', 468, 83, 0, 1, 1, 'Live'),
(469, 84, 'Tempe Crispy (0721)', 1, 5000.00, 5000.00, 5000.00, 0.00, '[]', '0', 'plain', '', 0.00, 'Bar Item', NULL, '0000-00-00 00:00:00', '0000-00-00 00:00:00', 469, 84, 0, 10, 1, 'Live'),
(470, 85, 'Jamur Crispy (0725)', 1, 10000.00, 10000.00, 10000.00, 0.00, '[]', '0', 'plain', '', 0.00, 'Bar Item', NULL, '0000-00-00 00:00:00', '0000-00-00 00:00:00', 470, 84, 0, 10, 1, 'Live'),
(471, 90, 'Kulit Crispy Telur Asin (727)', 1, 16000.00, 16000.00, 16000.00, 0.00, '\"\"', '0', 'plain', '', 0.00, 'Kitchen Item', NULL, '0000-00-00 00:00:00', '0000-00-00 00:00:00', 471, 84, 0, 10, 1, 'Live'),
(472, 1, 'Fried Rice with sausage (0601)', 1, 28000.00, 28000.00, 28000.00, 0.00, '[]', '0', 'plain', '', 0.00, 'Bar Item', NULL, '0000-00-00 00:00:00', '0000-00-00 00:00:00', 472, 84, 0, 10, 1, 'Live'),
(473, 2, 'Fish Set (0602)', 1, 28000.00, 28000.00, 28000.00, 0.00, '[]', '0', 'plain', '', 0.00, 'Bar Item', NULL, '0000-00-00 00:00:00', '0000-00-00 00:00:00', 473, 84, 0, 10, 1, 'Live'),
(474, 89, 'Pete 1 Papan (724)', 1, 10000.00, 10000.00, 10000.00, 0.00, '\"\"', '0', 'plain', '', 0.00, 'Kitchen Item', NULL, '0000-00-00 00:00:00', '0000-00-00 00:00:00', 474, 84, 0, 10, 1, 'Live'),
(475, 88, 'Kulit Crispy (723)', 1, 8000.00, 8000.00, 8000.00, 0.00, '\"\"', '0', 'plain', '', 0.00, 'Kitchen Item', NULL, '0000-00-00 00:00:00', '0000-00-00 00:00:00', 475, 84, 0, 10, 1, 'Live'),
(476, 145, 'Sencha - Japanese Green Tea (1301)', 1, 15000.00, 15000.00, 15000.00, 0.00, '[]', '0', 'plain', '', 0.00, 'Bar Item', NULL, '0000-00-00 00:00:00', '0000-00-00 00:00:00', 476, 84, 0, 10, 1, 'Live'),
(477, 83, 'Tahu Crispy (0720)', 1, 5000.00, 5000.00, 5000.00, 0.00, '[]', '0', 'plain', '', 0.00, 'Bar Item', NULL, '0000-00-00 00:00:00', '0000-00-00 00:00:00', 477, 84, 0, 10, 1, 'Live'),
(478, 84, 'Tempe Crispy (0721)', 1, 5000.00, 5000.00, 5000.00, 0.00, '[]', '0', 'plain', '', 0.00, 'Bar Item', 'Done', '0000-00-00 00:00:00', '2020-02-20 14:28:52', 478, 85, 0, 10, 1, 'Live'),
(479, 85, 'Jamur Crispy (0725)', 1, 10000.00, 10000.00, 10000.00, 0.00, '[]', '0', 'plain', '', 0.00, 'Bar Item', 'Done', '0000-00-00 00:00:00', '2020-02-20 14:28:53', 479, 85, 0, 10, 1, 'Live'),
(480, 90, 'Kulit Crispy Telur Asin (727)', 1, 16000.00, 16000.00, 16000.00, 0.00, '\"\"', '0', 'plain', '', 0.00, 'Kitchen Item', 'Done', '0000-00-00 00:00:00', '2020-02-20 11:22:19', 480, 85, 0, 10, 1, 'Live'),
(481, 1, 'Fried Rice with sausage (0601)', 1, 28000.00, 28000.00, 28000.00, 0.00, '[]', '0', 'plain', '', 0.00, 'Bar Item', 'Done', '0000-00-00 00:00:00', '2020-02-20 14:28:53', 481, 85, 0, 10, 1, 'Live'),
(482, 2, 'Fish Set (0602)', 1, 28000.00, 28000.00, 28000.00, 0.00, '[]', '0', 'plain', '', 0.00, 'Bar Item', 'Done', '0000-00-00 00:00:00', '2020-02-20 14:28:53', 482, 85, 0, 10, 1, 'Live'),
(483, 89, 'Pete 1 Papan (724)', 1, 10000.00, 10000.00, 10000.00, 0.00, '\"\"', '0', 'plain', '', 0.00, 'Kitchen Item', 'Done', '0000-00-00 00:00:00', '2020-02-20 11:22:19', 483, 85, 0, 10, 1, 'Live'),
(484, 88, 'Kulit Crispy (723)', 1, 8000.00, 8000.00, 8000.00, 0.00, '\"\"', '0', 'plain', '', 0.00, 'Kitchen Item', 'Done', '0000-00-00 00:00:00', '2020-02-20 11:22:19', 484, 85, 0, 10, 1, 'Live'),
(485, 145, 'Sencha - Japanese Green Tea (1301)', 1, 15000.00, 15000.00, 15000.00, 0.00, '[]', '0', 'plain', '', 0.00, 'Bar Item', 'Done', '0000-00-00 00:00:00', '2020-02-20 14:28:53', 485, 85, 0, 10, 1, 'Live'),
(486, 83, 'Tahu Crispy (0720)', 1, 5000.00, 5000.00, 5000.00, 0.00, '[]', '0', 'plain', '', 0.00, 'Bar Item', 'Done', '0000-00-00 00:00:00', '2020-02-20 14:28:53', 486, 85, 0, 10, 1, 'Live'),
(487, 84, 'Tempe Crispy (0721)', 1, 5000.00, 5000.00, 5000.00, 0.00, '[]', '0', 'plain', '', 0.00, 'Bar Item', 'Done', '0000-00-00 00:00:00', '2020-02-20 14:28:57', 487, 86, 0, 10, 1, 'Live'),
(488, 85, 'Jamur Crispy (0725)', 1, 10000.00, 10000.00, 10000.00, 0.00, '[]', '0', 'plain', '', 0.00, 'Bar Item', 'Done', '0000-00-00 00:00:00', '2020-02-20 14:28:57', 488, 86, 0, 10, 1, 'Live'),
(489, 90, 'Kulit Crispy Telur Asin (727)', 1, 16000.00, 16000.00, 16000.00, 0.00, '\"\"', '0', 'plain', '', 0.00, 'Kitchen Item', 'Done', '0000-00-00 00:00:00', '2020-02-20 11:21:12', 489, 86, 0, 10, 1, 'Live'),
(490, 1, 'Fried Rice with sausage (0601)', 1, 28000.00, 28000.00, 28000.00, 0.00, '[]', '0', 'plain', '', 0.00, 'Bar Item', 'Done', '0000-00-00 00:00:00', '2020-02-20 14:28:57', 490, 86, 0, 10, 1, 'Live'),
(491, 2, 'Fish Set (0602)', 1, 28000.00, 28000.00, 28000.00, 0.00, '[]', '0', 'plain', '', 0.00, 'Bar Item', 'Done', '0000-00-00 00:00:00', '2020-02-20 14:28:57', 491, 86, 0, 10, 1, 'Live'),
(492, 89, 'Pete 1 Papan (724)', 1, 10000.00, 10000.00, 10000.00, 0.00, '\"\"', '0', 'plain', '', 0.00, 'Kitchen Item', 'Done', '0000-00-00 00:00:00', '2020-02-20 11:21:12', 492, 86, 0, 10, 1, 'Live'),
(493, 88, 'Kulit Crispy (723)', 1, 8000.00, 8000.00, 8000.00, 0.00, '\"\"', '0', 'plain', '', 0.00, 'Kitchen Item', 'Done', '0000-00-00 00:00:00', '2020-02-20 11:21:12', 493, 86, 0, 10, 1, 'Live'),
(494, 145, 'Sencha - Japanese Green Tea (1301)', 1, 15000.00, 15000.00, 15000.00, 0.00, '[]', '0', 'plain', '', 0.00, 'Bar Item', 'Done', '0000-00-00 00:00:00', '2020-02-20 14:28:57', 494, 86, 0, 10, 1, 'Live'),
(495, 83, 'Tahu Crispy (0720)', 1, 5000.00, 5000.00, 5000.00, 0.00, '[]', '0', 'plain', '', 0.00, 'Bar Item', 'Done', '0000-00-00 00:00:00', '2020-02-20 14:28:57', 495, 86, 0, 10, 1, 'Live'),
(496, 84, 'Tempe Crispy (0721)', 1, 5000.00, 5000.00, 5000.00, 0.00, '[]', '0', 'plain', '', 0.00, 'Bar Item', 'Done', '0000-00-00 00:00:00', '2020-02-20 14:29:00', 496, 87, 0, 10, 1, 'Live'),
(497, 85, 'Jamur Crispy (0725)', 1, 10000.00, 10000.00, 10000.00, 0.00, '[]', '0', 'plain', '', 0.00, 'Bar Item', 'Done', '0000-00-00 00:00:00', '2020-02-20 14:29:00', 497, 87, 0, 10, 1, 'Live'),
(498, 90, 'Kulit Crispy Telur Asin (727)', 1, 16000.00, 16000.00, 16000.00, 0.00, '\"\"', '0', 'plain', '', 0.00, 'Kitchen Item', 'Done', '0000-00-00 00:00:00', '2020-02-20 11:24:22', 498, 87, 0, 10, 1, 'Live'),
(499, 1, 'Fried Rice with sausage (0601)', 1, 28000.00, 28000.00, 28000.00, 0.00, '[]', '0', 'plain', '', 0.00, 'Bar Item', 'Done', '0000-00-00 00:00:00', '2020-02-20 14:29:00', 499, 87, 0, 10, 1, 'Live'),
(500, 2, 'Fish Set (0602)', 1, 28000.00, 28000.00, 28000.00, 0.00, '[]', '0', 'plain', '', 0.00, 'Bar Item', 'Done', '0000-00-00 00:00:00', '2020-02-20 14:29:00', 500, 87, 0, 10, 1, 'Live'),
(501, 89, 'Pete 1 Papan (724)', 1, 10000.00, 10000.00, 10000.00, 0.00, '\"\"', '0', 'plain', '', 0.00, 'Kitchen Item', 'Done', '0000-00-00 00:00:00', '2020-02-20 11:24:22', 501, 87, 0, 10, 1, 'Live'),
(502, 88, 'Kulit Crispy (723)', 1, 8000.00, 8000.00, 8000.00, 0.00, '\"\"', '0', 'plain', '', 0.00, 'Kitchen Item', 'Done', '0000-00-00 00:00:00', '2020-02-20 11:24:22', 502, 87, 0, 10, 1, 'Live'),
(503, 145, 'Sencha - Japanese Green Tea (1301)', 1, 15000.00, 15000.00, 15000.00, 0.00, '[]', '0', 'plain', '', 0.00, 'Bar Item', 'Done', '0000-00-00 00:00:00', '2020-02-20 14:29:00', 503, 87, 0, 10, 1, 'Live'),
(504, 83, 'Tahu Crispy (0720)', 1, 5000.00, 5000.00, 5000.00, 0.00, '[]', '0', 'plain', '', 0.00, 'Bar Item', 'Done', '0000-00-00 00:00:00', '2020-02-20 14:29:00', 504, 87, 0, 10, 1, 'Live'),
(505, 84, 'Tempe Crispy (0721)', 1, 5000.00, 5000.00, 5000.00, 0.00, '[]', '0', 'plain', '', 0.00, 'Bar Item', 'Done', '0000-00-00 00:00:00', '2020-02-20 14:29:02', 505, 88, 0, 1, 1, 'Live'),
(506, 85, 'Jamur Crispy (0725)', 1, 10000.00, 10000.00, 10000.00, 0.00, '[]', '0', 'plain', '', 0.00, 'Bar Item', 'Done', '0000-00-00 00:00:00', '2020-02-20 14:29:03', 506, 88, 0, 1, 1, 'Live'),
(507, 90, 'Kulit Crispy Telur Asin (727)', 1, 16000.00, 16000.00, 16000.00, 0.00, '\"\"', '0', 'plain', '', 0.00, 'Kitchen Item', 'Done', '0000-00-00 00:00:00', '2020-02-20 12:21:16', 507, 88, 0, 1, 1, 'Live'),
(508, 1, 'Fried Rice with sausage (0601)', 1, 28000.00, 28000.00, 28000.00, 0.00, '[]', '0', 'plain', '', 0.00, 'Bar Item', 'Done', '0000-00-00 00:00:00', '2020-02-20 14:29:03', 508, 88, 0, 1, 1, 'Live'),
(509, 2, 'Fish Set (0602)', 1, 28000.00, 28000.00, 28000.00, 0.00, '[]', '0', 'plain', '', 0.00, 'Bar Item', 'Done', '0000-00-00 00:00:00', '2020-02-20 14:29:03', 509, 88, 0, 1, 1, 'Live'),
(510, 89, 'Pete 1 Papan (724)', 1, 10000.00, 10000.00, 10000.00, 0.00, '\"\"', '0', 'plain', '', 0.00, 'Kitchen Item', 'Done', '0000-00-00 00:00:00', '2020-02-20 12:21:16', 510, 88, 0, 1, 1, 'Live'),
(511, 88, 'Kulit Crispy (723)', 1, 8000.00, 8000.00, 8000.00, 0.00, '\"\"', '0', 'plain', '', 0.00, 'Kitchen Item', 'Done', '0000-00-00 00:00:00', '2020-02-20 12:21:16', 511, 88, 0, 1, 1, 'Live'),
(512, 145, 'Sencha - Japanese Green Tea (1301)', 1, 15000.00, 15000.00, 15000.00, 0.00, '[]', '0', 'plain', '', 0.00, 'Bar Item', 'Done', '0000-00-00 00:00:00', '2020-02-20 14:29:03', 512, 88, 0, 1, 1, 'Live'),
(513, 83, 'Tahu Crispy (0720)', 1, 5000.00, 5000.00, 5000.00, 0.00, '[]', '0', 'plain', '', 0.00, 'Bar Item', 'Done', '0000-00-00 00:00:00', '2020-02-20 14:29:03', 513, 88, 0, 1, 1, 'Live'),
(514, 84, 'Tempe Crispy (0721)', 1, 5000.00, 5000.00, 5000.00, 0.00, '[]', '0', 'plain', '', 0.00, 'Bar Item', 'Done', '0000-00-00 00:00:00', '2020-02-20 14:29:17', 514, 89, 0, 1, 1, 'Live'),
(515, 85, 'Jamur Crispy (0725)', 1, 10000.00, 10000.00, 10000.00, 0.00, '[]', '0', 'plain', '', 0.00, 'Bar Item', 'Done', '0000-00-00 00:00:00', '2020-02-20 14:29:17', 515, 89, 0, 1, 1, 'Live'),
(516, 90, 'Kulit Crispy Telur Asin (727)', 1, 16000.00, 16000.00, 16000.00, 0.00, '\"\"', '0', 'plain', '', 0.00, 'Kitchen Item', 'Done', '2020-02-20 12:30:11', '2020-02-20 12:30:27', 516, 89, 0, 1, 1, 'Live'),
(517, 1, 'Fried Rice with sausage (0601)', 1, 28000.00, 28000.00, 28000.00, 0.00, '[]', '0', 'plain', '', 0.00, 'Bar Item', 'Done', '0000-00-00 00:00:00', '2020-02-20 14:29:17', 517, 89, 0, 1, 1, 'Live'),
(518, 2, 'Fish Set (0602)', 1, 28000.00, 28000.00, 28000.00, 0.00, '[]', '0', 'plain', '', 0.00, 'Bar Item', 'Done', '0000-00-00 00:00:00', '2020-02-20 14:29:17', 518, 89, 0, 1, 1, 'Live'),
(519, 89, 'Pete 1 Papan (724)', 1, 10000.00, 10000.00, 10000.00, 0.00, '\"\"', '0', 'plain', '', 0.00, 'Kitchen Item', 'Done', '2020-02-20 12:30:11', '2020-02-20 12:30:27', 519, 89, 0, 1, 1, 'Live'),
(520, 88, 'Kulit Crispy (723)', 1, 8000.00, 8000.00, 8000.00, 0.00, '\"\"', '0', 'plain', '', 0.00, 'Kitchen Item', 'Done', '2020-02-20 12:30:11', '2020-02-20 12:30:27', 520, 89, 0, 1, 1, 'Live'),
(521, 145, 'Sencha - Japanese Green Tea (1301)', 1, 15000.00, 15000.00, 15000.00, 0.00, '[]', '0', 'plain', '', 0.00, 'Bar Item', 'Done', '0000-00-00 00:00:00', '2020-02-20 14:29:17', 521, 89, 0, 1, 1, 'Live'),
(522, 83, 'Tahu Crispy (0720)', 1, 5000.00, 5000.00, 5000.00, 0.00, '[]', '0', 'plain', '', 0.00, 'Bar Item', 'Done', '0000-00-00 00:00:00', '2020-02-20 14:29:17', 522, 89, 0, 1, 1, 'Live'),
(523, 84, 'Tempe Crispy (0721)', 1, 5000.00, 5000.00, 5000.00, 0.00, '[]', '0', 'plain', '', 0.00, 'Bar Item', 'Done', '0000-00-00 00:00:00', '2020-02-20 14:29:23', 523, 90, 0, 1, 1, 'Live'),
(524, 85, 'Jamur Crispy (0725)', 1, 10000.00, 10000.00, 10000.00, 0.00, '[]', '0', 'plain', '', 0.00, 'Bar Item', 'Done', '0000-00-00 00:00:00', '2020-02-20 14:29:23', 524, 90, 0, 1, 1, 'Live'),
(525, 90, 'Kulit Crispy Telur Asin (727)', 1, 16000.00, 16000.00, 16000.00, 0.00, '\"\"', '0', 'plain', '', 0.00, 'Kitchen Item', 'Done', '2020-02-20 12:31:12', '2020-02-20 12:31:21', 525, 90, 0, 1, 1, 'Live'),
(526, 1, 'Fried Rice with sausage (0601)', 1, 28000.00, 28000.00, 28000.00, 0.00, '[]', '0', 'plain', '', 0.00, 'Bar Item', 'Done', '0000-00-00 00:00:00', '2020-02-20 14:29:23', 526, 90, 0, 1, 1, 'Live'),
(527, 2, 'Fish Set (0602)', 1, 28000.00, 28000.00, 28000.00, 0.00, '[]', '0', 'plain', '', 0.00, 'Bar Item', 'Done', '0000-00-00 00:00:00', '2020-02-20 14:29:23', 527, 90, 0, 1, 1, 'Live'),
(528, 89, 'Pete 1 Papan (724)', 1, 10000.00, 10000.00, 10000.00, 0.00, '\"\"', '0', 'plain', '', 0.00, 'Kitchen Item', 'Done', '2020-02-20 12:31:12', '2020-02-20 12:31:21', 528, 90, 0, 1, 1, 'Live'),
(529, 88, 'Kulit Crispy (723)', 1, 8000.00, 8000.00, 8000.00, 0.00, '\"\"', '0', 'plain', '', 0.00, 'Kitchen Item', 'Done', '2020-02-20 12:31:12', '2020-02-20 12:31:21', 529, 90, 0, 1, 1, 'Live'),
(530, 145, 'Sencha - Japanese Green Tea (1301)', 1, 15000.00, 15000.00, 15000.00, 0.00, '[]', '0', 'plain', '', 0.00, 'Bar Item', 'Done', '0000-00-00 00:00:00', '2020-02-20 14:29:23', 530, 90, 0, 1, 1, 'Live'),
(531, 83, 'Tahu Crispy (0720)', 1, 5000.00, 5000.00, 5000.00, 0.00, '[]', '0', 'plain', '', 0.00, 'Bar Item', 'Done', '0000-00-00 00:00:00', '2020-02-20 14:29:23', 531, 90, 0, 1, 1, 'Live'),
(532, 84, 'Tempe Crispy (0721)', 1, 5000.00, 5000.00, 5000.00, 0.00, '[]', '0', 'plain', '', 0.00, 'Bar Item', NULL, '0000-00-00 00:00:00', '0000-00-00 00:00:00', 532, 91, 0, 1, 1, 'Live'),
(533, 85, 'Jamur Crispy (0725)', 1, 10000.00, 10000.00, 10000.00, 0.00, '[]', '0', 'plain', '', 0.00, 'Bar Item', NULL, '0000-00-00 00:00:00', '0000-00-00 00:00:00', 533, 91, 0, 1, 1, 'Live'),
(534, 90, 'Kulit Crispy Telur Asin (727)', 1, 16000.00, 16000.00, 16000.00, 0.00, '\"\"', '0', 'plain', '', 0.00, 'Kitchen Item', 'Done', '2020-02-20 12:31:51', '2020-02-20 12:31:54', 534, 91, 0, 1, 1, 'Live'),
(535, 1, 'Fried Rice with sausage (0601)', 1, 28000.00, 28000.00, 28000.00, 0.00, '[]', '0', 'plain', '', 0.00, 'Bar Item', NULL, '0000-00-00 00:00:00', '0000-00-00 00:00:00', 535, 91, 0, 1, 1, 'Live'),
(536, 2, 'Fish Set (0602)', 1, 28000.00, 28000.00, 28000.00, 0.00, '[]', '0', 'plain', '', 0.00, 'Bar Item', NULL, '0000-00-00 00:00:00', '0000-00-00 00:00:00', 536, 91, 0, 1, 1, 'Live'),
(537, 89, 'Pete 1 Papan (724)', 1, 10000.00, 10000.00, 10000.00, 0.00, '\"\"', '0', 'plain', '', 0.00, 'Kitchen Item', 'Done', '2020-02-20 12:31:51', '2020-02-20 12:31:54', 537, 91, 0, 1, 1, 'Live'),
(538, 88, 'Kulit Crispy (723)', 1, 8000.00, 8000.00, 8000.00, 0.00, '\"\"', '0', 'plain', '', 0.00, 'Kitchen Item', 'Done', '2020-02-20 12:31:51', '2020-02-20 12:31:54', 538, 91, 0, 1, 1, 'Live'),
(539, 145, 'Sencha - Japanese Green Tea (1301)', 1, 15000.00, 15000.00, 15000.00, 0.00, '[]', '0', 'plain', '', 0.00, 'Bar Item', NULL, '0000-00-00 00:00:00', '0000-00-00 00:00:00', 539, 91, 0, 1, 1, 'Live'),
(540, 83, 'Tahu Crispy (0720)', 1, 5000.00, 5000.00, 5000.00, 0.00, '[]', '0', 'plain', '', 0.00, 'Bar Item', NULL, '0000-00-00 00:00:00', '0000-00-00 00:00:00', 540, 91, 0, 1, 1, 'Live'),
(541, 84, 'Tempe Crispy (0721)', 1, 5000.00, 5000.00, 5000.00, 0.00, '[]', '0', 'plain', '', 0.00, 'Bar Item', 'Done', '0000-00-00 00:00:00', '2020-02-20 14:29:25', 541, 92, 0, 1, 1, 'Live'),
(542, 85, 'Jamur Crispy (0725)', 1, 10000.00, 10000.00, 10000.00, 0.00, '[]', '0', 'plain', '', 0.00, 'Bar Item', 'Done', '0000-00-00 00:00:00', '2020-02-20 14:29:25', 542, 92, 0, 1, 1, 'Live'),
(543, 90, 'Kulit Crispy Telur Asin (727)', 1, 16000.00, 16000.00, 16000.00, 0.00, '\"\"', '0', 'plain', '', 0.00, 'Kitchen Item', 'Done', '2020-02-20 13:29:34', '2020-02-20 13:29:40', 543, 92, 0, 1, 1, 'Live'),
(544, 1, 'Fried Rice with sausage (0601)', 1, 28000.00, 28000.00, 28000.00, 0.00, '[]', '0', 'plain', '', 0.00, 'Bar Item', 'Done', '0000-00-00 00:00:00', '2020-02-20 14:29:25', 544, 92, 0, 1, 1, 'Live'),
(545, 2, 'Fish Set (0602)', 1, 28000.00, 28000.00, 28000.00, 0.00, '[]', '0', 'plain', '', 0.00, 'Bar Item', 'Done', '0000-00-00 00:00:00', '2020-02-20 14:29:26', 545, 92, 0, 1, 1, 'Live'),
(546, 89, 'Pete 1 Papan (724)', 1, 10000.00, 10000.00, 10000.00, 0.00, '\"\"', '0', 'plain', '', 0.00, 'Kitchen Item', 'Done', '2020-02-20 13:29:34', '2020-02-20 13:29:40', 546, 92, 0, 1, 1, 'Live'),
(547, 88, 'Kulit Crispy (723)', 1, 8000.00, 8000.00, 8000.00, 0.00, '\"\"', '0', 'plain', '', 0.00, 'Kitchen Item', 'Done', '2020-02-20 13:29:34', '2020-02-20 13:29:40', 547, 92, 0, 1, 1, 'Live'),
(548, 145, 'Sencha - Japanese Green Tea (1301)', 1, 15000.00, 15000.00, 15000.00, 0.00, '[]', '0', 'plain', '', 0.00, 'Bar Item', 'Done', '0000-00-00 00:00:00', '2020-02-20 14:29:26', 548, 92, 0, 1, 1, 'Live'),
(549, 83, 'Tahu Crispy (0720)', 1, 5000.00, 5000.00, 5000.00, 0.00, '[]', '0', 'plain', '', 0.00, 'Bar Item', 'Done', '0000-00-00 00:00:00', '2020-02-20 14:29:26', 549, 92, 0, 1, 1, 'Live'),
(550, 84, 'Tempe Crispy (0721)', 1, 5000.00, 5000.00, 5000.00, 0.00, '[]', '0', 'plain', '', 0.00, 'Bar Item', 'Done', '0000-00-00 00:00:00', '2020-02-20 14:29:27', 550, 93, 0, 1, 1, 'Live'),
(551, 85, 'Jamur Crispy (0725)', 1, 10000.00, 10000.00, 10000.00, 0.00, '[]', '0', 'plain', '', 0.00, 'Bar Item', 'Done', '0000-00-00 00:00:00', '2020-02-20 14:29:28', 551, 93, 0, 1, 1, 'Live');
INSERT INTO `tbl_sales_details` (`id`, `food_menu_id`, `menu_name`, `qty`, `menu_price_without_discount`, `menu_price_with_discount`, `menu_unit_price`, `menu_vat_percentage`, `menu_taxes`, `menu_discount_value`, `discount_type`, `menu_note`, `discount_amount`, `item_type`, `cooking_status`, `cooking_start_time`, `cooking_done_time`, `previous_id`, `sales_id`, `order_status`, `user_id`, `outlet_id`, `del_status`) VALUES
(552, 85, 'Jamur Crispy (0725)', 1, 10000.00, 10000.00, 10000.00, 0.00, '[]', '0', 'plain', '', 0.00, 'Bar Item', 'Done', '0000-00-00 00:00:00', '2020-02-20 14:29:28', 552, 93, 0, 1, 1, 'Live'),
(553, 1, 'Fried Rice with sausage (0601)', 1, 28000.00, 28000.00, 28000.00, 0.00, '[]', '0', 'plain', '', 0.00, 'Bar Item', 'Done', '0000-00-00 00:00:00', '2020-02-20 14:29:28', 553, 93, 0, 1, 1, 'Live'),
(554, 2, 'Fish Set (0602)', 1, 28000.00, 28000.00, 28000.00, 0.00, '[]', '0', 'plain', '', 0.00, 'Bar Item', 'Done', '0000-00-00 00:00:00', '2020-02-20 14:29:28', 554, 93, 0, 1, 1, 'Live'),
(555, 89, 'Pete 1 Papan (724)', 1, 10000.00, 10000.00, 10000.00, 0.00, '\"\"', '0', 'plain', '', 0.00, 'Kitchen Item', 'Done', '2020-02-20 13:29:50', '2020-02-20 13:29:53', 555, 93, 0, 1, 1, 'Live'),
(556, 88, 'Kulit Crispy (723)', 1, 8000.00, 8000.00, 8000.00, 0.00, '\"\"', '0', 'plain', '', 0.00, 'Kitchen Item', 'Done', '2020-02-20 13:29:50', '2020-02-20 13:29:53', 556, 93, 0, 1, 1, 'Live'),
(557, 145, 'Sencha - Japanese Green Tea (1301)', 1, 15000.00, 15000.00, 15000.00, 0.00, '[]', '0', 'plain', '', 0.00, 'Bar Item', 'Done', '0000-00-00 00:00:00', '2020-02-20 14:29:28', 557, 93, 0, 1, 1, 'Live'),
(558, 83, 'Tahu Crispy (0720)', 1, 5000.00, 5000.00, 5000.00, 0.00, '[]', '0', 'plain', '', 0.00, 'Bar Item', 'Done', '0000-00-00 00:00:00', '2020-02-20 14:29:28', 558, 93, 0, 1, 1, 'Live'),
(559, 84, 'Tempe Crispy (0721)', 1, 5000.00, 5000.00, 5000.00, 0.00, '[]', '0', 'plain', '', 0.00, 'Bar Item', 'Done', '0000-00-00 00:00:00', '2020-02-20 14:29:30', 559, 94, 0, 1, 1, 'Live'),
(560, 85, 'Jamur Crispy (0725)', 1, 10000.00, 10000.00, 10000.00, 0.00, '[]', '0', 'plain', '', 0.00, 'Bar Item', 'Done', '0000-00-00 00:00:00', '2020-02-20 14:29:30', 560, 94, 0, 1, 1, 'Live'),
(561, 90, 'Kulit Crispy Telur Asin (727)', 1, 16000.00, 16000.00, 16000.00, 0.00, '\"\"', '0', 'plain', '', 0.00, 'Kitchen Item', 'Done', '2020-02-20 13:38:37', '2020-02-20 13:38:42', 561, 94, 0, 1, 1, 'Live'),
(562, 1, 'Fried Rice with sausage (0601)', 1, 28000.00, 28000.00, 28000.00, 0.00, '[]', '0', 'plain', '', 0.00, 'Bar Item', 'Done', '0000-00-00 00:00:00', '2020-02-20 14:29:30', 562, 94, 0, 1, 1, 'Live'),
(563, 2, 'Fish Set (0602)', 1, 28000.00, 28000.00, 28000.00, 0.00, '[]', '0', 'plain', '', 0.00, 'Bar Item', 'Done', '0000-00-00 00:00:00', '2020-02-20 14:29:30', 563, 94, 0, 1, 1, 'Live'),
(564, 89, 'Pete 1 Papan (724)', 1, 10000.00, 10000.00, 10000.00, 0.00, '\"\"', '0', 'plain', '', 0.00, 'Kitchen Item', 'Done', '2020-02-20 13:38:37', '2020-02-20 13:38:42', 564, 94, 0, 1, 1, 'Live'),
(565, 88, 'Kulit Crispy (723)', 1, 8000.00, 8000.00, 8000.00, 0.00, '\"\"', '0', 'plain', '', 0.00, 'Kitchen Item', 'Done', '2020-02-20 13:38:37', '2020-02-20 13:38:42', 565, 94, 0, 1, 1, 'Live'),
(566, 83, 'Tahu Crispy (0720)', 1, 5000.00, 5000.00, 5000.00, 0.00, '[]', '0', 'plain', '', 0.00, 'Bar Item', 'Done', '0000-00-00 00:00:00', '2020-02-20 14:29:30', 566, 94, 0, 1, 1, 'Live'),
(567, 83, 'Tahu Crispy (0720)', 1, 5000.00, 5000.00, 5000.00, 0.00, '[]', '0', 'plain', '', 0.00, 'Bar Item', 'Done', '0000-00-00 00:00:00', '2020-02-20 14:29:30', 567, 94, 0, 1, 1, 'Live'),
(568, 145, 'Sencha - Japanese Green Tea (1301)', 1, 15000.00, 15000.00, 15000.00, 0.00, '[]', '0', 'plain', '', 0.00, 'Bar Item', 'Done', '0000-00-00 00:00:00', '2020-02-20 14:29:30', 568, 94, 0, 1, 1, 'Live'),
(569, 84, 'Tempe Crispy (0721)', 1, 5000.00, 5000.00, 5000.00, 0.00, '[]', '0', 'plain', '', 0.00, 'Bar Item', 'Done', '0000-00-00 00:00:00', '2020-02-20 14:29:33', 569, 95, 0, 1, 1, 'Live'),
(570, 90, 'Kulit Crispy Telur Asin (727)', 1, 16000.00, 16000.00, 16000.00, 0.00, '\"\"', '0', 'plain', '', 0.00, 'Kitchen Item', 'Done', '2020-02-20 13:45:35', '2020-02-20 13:46:00', 570, 95, 0, 1, 1, 'Live'),
(571, 90, 'Kulit Crispy Telur Asin (727)', 1, 16000.00, 16000.00, 16000.00, 0.00, '\"\"', '0', 'plain', '', 0.00, 'Kitchen Item', 'Done', '2020-02-20 13:45:35', '2020-02-20 13:46:00', 571, 95, 0, 1, 1, 'Live'),
(572, 1, 'Fried Rice with sausage (0601)', 1, 28000.00, 28000.00, 28000.00, 0.00, '[]', '0', 'plain', '', 0.00, 'Bar Item', 'Done', '0000-00-00 00:00:00', '2020-02-20 14:29:33', 572, 95, 0, 1, 1, 'Live'),
(573, 2, 'Fish Set (0602)', 1, 28000.00, 28000.00, 28000.00, 0.00, '[]', '0', 'plain', '', 0.00, 'Bar Item', 'Done', '0000-00-00 00:00:00', '2020-02-20 14:29:33', 573, 95, 0, 1, 1, 'Live'),
(574, 89, 'Pete 1 Papan (724)', 1, 10000.00, 10000.00, 10000.00, 0.00, '\"\"', '0', 'plain', '', 0.00, 'Kitchen Item', 'Done', '2020-02-20 13:45:35', '2020-02-20 13:46:00', 574, 95, 0, 1, 1, 'Live'),
(575, 88, 'Kulit Crispy (723)', 1, 8000.00, 8000.00, 8000.00, 0.00, '\"\"', '0', 'plain', '', 0.00, 'Kitchen Item', 'Done', '2020-02-20 13:45:35', '2020-02-20 13:46:00', 575, 95, 0, 1, 1, 'Live'),
(576, 83, 'Tahu Crispy (0720)', 1, 5000.00, 5000.00, 5000.00, 0.00, '[]', '0', 'plain', '', 0.00, 'Bar Item', 'Done', '0000-00-00 00:00:00', '2020-02-20 14:29:33', 576, 95, 0, 1, 1, 'Live'),
(577, 145, 'Sencha - Japanese Green Tea (1301)', 1, 15000.00, 15000.00, 15000.00, 0.00, '[]', '0', 'plain', '', 0.00, 'Bar Item', 'Done', '0000-00-00 00:00:00', '2020-02-20 14:29:33', 577, 95, 0, 1, 1, 'Live'),
(578, 84, 'Tempe Crispy (0721)', 1, 5000.00, 5000.00, 5000.00, 0.00, '[]', '0', 'plain', '', 0.00, 'Bar Item', NULL, '0000-00-00 00:00:00', '0000-00-00 00:00:00', 578, 96, 0, 1, 1, 'Live'),
(579, 85, 'Jamur Crispy (0725)', 1, 10000.00, 10000.00, 10000.00, 0.00, '[]', '0', 'plain', '', 0.00, 'Bar Item', NULL, '0000-00-00 00:00:00', '0000-00-00 00:00:00', 579, 96, 0, 1, 1, 'Live'),
(580, 90, 'Kulit Crispy Telur Asin (727)', 1, 16000.00, 16000.00, 16000.00, 0.00, '\"\"', '0', 'plain', '', 0.00, 'Kitchen Item', NULL, '0000-00-00 00:00:00', '0000-00-00 00:00:00', 580, 96, 0, 1, 1, 'Live'),
(581, 1, 'Fried Rice with sausage (0601)', 1, 28000.00, 28000.00, 28000.00, 0.00, '[]', '0', 'plain', '', 0.00, 'Bar Item', NULL, '0000-00-00 00:00:00', '0000-00-00 00:00:00', 581, 96, 0, 1, 1, 'Live'),
(582, 2, 'Fish Set (0602)', 1, 28000.00, 28000.00, 28000.00, 0.00, '[]', '0', 'plain', '', 0.00, 'Bar Item', NULL, '0000-00-00 00:00:00', '0000-00-00 00:00:00', 582, 96, 0, 1, 1, 'Live'),
(583, 89, 'Pete 1 Papan (724)', 1, 10000.00, 10000.00, 10000.00, 0.00, '\"\"', '0', 'plain', '', 0.00, 'Kitchen Item', NULL, '0000-00-00 00:00:00', '0000-00-00 00:00:00', 583, 96, 0, 1, 1, 'Live'),
(584, 83, 'Tahu Crispy (0720)', 1, 5000.00, 5000.00, 5000.00, 0.00, '[]', '0', 'plain', '', 0.00, 'Bar Item', NULL, '0000-00-00 00:00:00', '0000-00-00 00:00:00', 584, 96, 0, 1, 1, 'Live'),
(585, 88, 'Kulit Crispy (723)', 1, 8000.00, 8000.00, 8000.00, 0.00, '\"\"', '0', 'plain', '', 0.00, 'Kitchen Item', NULL, '0000-00-00 00:00:00', '0000-00-00 00:00:00', 585, 96, 0, 1, 1, 'Live'),
(586, 145, 'Sencha - Japanese Green Tea (1301)', 1, 15000.00, 15000.00, 15000.00, 0.00, '[]', '0', 'plain', '', 0.00, 'Bar Item', NULL, '0000-00-00 00:00:00', '0000-00-00 00:00:00', 586, 96, 0, 1, 1, 'Live'),
(587, 185, 'Coffee Choco Avocado Float Vanilla (1510)', 1, 30000.00, 30000.00, 30000.00, 0.00, '\"\"', '0', 'plain', '', 0.00, 'Kitchen Item', 'Started Cooking', '2020-02-21 08:12:47', '0000-00-00 00:00:00', 587, 97, 0, 1, 1, 'Live'),
(588, 187, 'Coffee Avocado Float Chocolate (1507)', 1, 30000.00, 30000.00, 30000.00, 0.00, '\"\"', '0', 'plain', '', 0.00, 'Kitchen Item', 'Started Cooking', '2020-02-21 08:12:47', '0000-00-00 00:00:00', 588, 97, 0, 1, 1, 'Live'),
(589, 231, 'Coffee Choco Avocado Float Vanilla (1510)', 1, 30000.00, 30000.00, 30000.00, 0.00, '[]', '0', 'plain', '', 0.00, 'Bar Item', 'Done', '0000-00-00 00:00:00', '2020-02-20 14:29:42', 589, 97, 0, 1, 1, 'Live'),
(590, 232, 'Choco Avocado Float Chocolate (1509)', 1, 28000.00, 28000.00, 28000.00, 0.00, '[]', '0', 'plain', '', 0.00, 'Bar Item', 'Done', '0000-00-00 00:00:00', '2020-02-20 14:29:42', 590, 97, 0, 1, 1, 'Live'),
(591, 183, 'Coffee Avocado Float Chocolate (1507)', 1, 28000.00, 28000.00, 28000.00, 0.00, '\"\"', '0', 'plain', '', 0.00, 'Kitchen Item', 'Started Cooking', '2020-02-21 08:12:47', '0000-00-00 00:00:00', 591, 97, 0, 1, 1, 'Live'),
(592, 180, 'Coffee Choco Avocado (1504)', 1, 28000.00, 28000.00, 28000.00, 0.00, '[]', '0', 'plain', '', 0.00, 'Bar Item', 'Done', '0000-00-00 00:00:00', '2020-02-20 14:29:42', 592, 97, 0, 1, 1, 'Live'),
(593, 179, 'Choco Avocado (1503)', 1, 25000.00, 25000.00, 25000.00, 0.00, '[]', '0', 'plain', '', 0.00, 'Bar Item', 'Done', '0000-00-00 00:00:00', '2020-02-20 14:29:43', 593, 97, 0, 1, 1, 'Live'),
(594, 181, 'Pink avocado (1505)', 1, 28000.00, 28000.00, 28000.00, 0.00, '[]', '0', 'plain', '', 0.00, 'Bar Item', 'Done', '0000-00-00 00:00:00', '2020-02-20 14:29:43', 594, 97, 0, 1, 1, 'Live'),
(595, 186, 'Choco Avocado Float Chocolate (1509)', 1, 28000.00, 28000.00, 28000.00, 0.00, '\"\"', '0', 'plain', '', 0.00, 'Kitchen Item', 'Started Cooking', '2020-02-21 08:12:47', '0000-00-00 00:00:00', 595, 97, 0, 1, 1, 'Live'),
(596, 84, 'Tempe Crispy (0721)', 1, 5000.00, 5000.00, 5000.00, 0.00, '[]', '0', 'plain', '', 0.00, 'Bar Item', 'Done', '0000-00-00 00:00:00', '2020-02-20 14:29:45', 596, 98, 0, 1, 1, 'Live'),
(597, 90, 'Kulit Crispy Telur Asin (727)', 1, 16000.00, 16000.00, 16000.00, 0.00, '\"\"', '0', 'plain', '', 0.00, 'Kitchen Item', NULL, '0000-00-00 00:00:00', '0000-00-00 00:00:00', 597, 98, 0, 1, 1, 'Live'),
(598, 88, 'Kulit Crispy (723)', 1, 8000.00, 8000.00, 8000.00, 0.00, '\"\"', '0', 'plain', '', 0.00, 'Kitchen Item', NULL, '0000-00-00 00:00:00', '0000-00-00 00:00:00', 598, 98, 0, 1, 1, 'Live'),
(599, 83, 'Tahu Crispy (0720)', 1, 5000.00, 5000.00, 5000.00, 0.00, '[]', '0', 'plain', '', 0.00, 'Bar Item', 'Done', '0000-00-00 00:00:00', '2020-02-20 14:29:45', 599, 98, 0, 1, 1, 'Live'),
(600, 87, 'Bakso Geprek 5-p (0726)', 1, 15000.00, 15000.00, 15000.00, 0.00, '[]', '0', 'plain', '', 0.00, 'Bar Item', 'Done', '0000-00-00 00:00:00', '2020-02-20 14:29:45', 600, 98, 0, 1, 1, 'Live'),
(601, 84, 'Tempe Crispy (0721)', 1, 5000.00, 5000.00, 5000.00, 0.00, '[]', '0', 'plain', '', 0.00, 'Bar Item', NULL, '0000-00-00 00:00:00', '0000-00-00 00:00:00', 601, 99, 0, 1, 1, 'Live'),
(602, 85, 'Jamur Crispy (0725)', 1, 10000.00, 10000.00, 10000.00, 0.00, '[]', '0', 'plain', '', 0.00, 'Bar Item', NULL, '0000-00-00 00:00:00', '0000-00-00 00:00:00', 602, 99, 0, 1, 1, 'Live'),
(603, 90, 'Kulit Crispy Telur Asin (727)', 1, 16000.00, 16000.00, 16000.00, 0.00, '\"\"', '0', 'plain', '', 0.00, 'Kitchen Item', NULL, '0000-00-00 00:00:00', '0000-00-00 00:00:00', 603, 99, 0, 1, 1, 'Live'),
(604, 1, 'Fried Rice with sausage (0601)', 1, 28000.00, 28000.00, 28000.00, 0.00, '[]', '0', 'plain', '', 0.00, 'Bar Item', NULL, '0000-00-00 00:00:00', '0000-00-00 00:00:00', 604, 99, 0, 1, 1, 'Live'),
(605, 2, 'Fish Set (0602)', 1, 28000.00, 28000.00, 28000.00, 0.00, '[]', '0', 'plain', '', 0.00, 'Bar Item', NULL, '0000-00-00 00:00:00', '0000-00-00 00:00:00', 605, 99, 0, 1, 1, 'Live'),
(606, 89, 'Pete 1 Papan (724)', 1, 10000.00, 10000.00, 10000.00, 0.00, '\"\"', '0', 'plain', '', 0.00, 'Kitchen Item', NULL, '0000-00-00 00:00:00', '0000-00-00 00:00:00', 606, 99, 0, 1, 1, 'Live'),
(607, 88, 'Kulit Crispy (723)', 1, 8000.00, 8000.00, 8000.00, 0.00, '\"\"', '0', 'plain', '', 0.00, 'Kitchen Item', NULL, '0000-00-00 00:00:00', '0000-00-00 00:00:00', 607, 99, 0, 1, 1, 'Live'),
(608, 83, 'Tahu Crispy (0720)', 1, 5000.00, 5000.00, 5000.00, 0.00, '[]', '0', 'plain', '', 0.00, 'Bar Item', NULL, '0000-00-00 00:00:00', '0000-00-00 00:00:00', 608, 99, 0, 1, 1, 'Live'),
(609, 145, 'Sencha - Japanese Green Tea (1301)', 1, 15000.00, 15000.00, 15000.00, 0.00, '[]', '0', 'plain', '', 0.00, 'Bar Item', NULL, '0000-00-00 00:00:00', '0000-00-00 00:00:00', 609, 99, 0, 1, 1, 'Live'),
(610, 84, 'Tempe Crispy (0721)', 1, 5000.00, 5000.00, 5000.00, 0.00, '[]', '0', 'plain', '', 0.00, 'Bar Item', NULL, '0000-00-00 00:00:00', '0000-00-00 00:00:00', 610, 100, 0, 1, 1, 'Live'),
(611, 85, 'Jamur Crispy (0725)', 1, 10000.00, 10000.00, 10000.00, 0.00, '[]', '0', 'plain', '', 0.00, 'Bar Item', NULL, '0000-00-00 00:00:00', '0000-00-00 00:00:00', 611, 100, 0, 1, 1, 'Live'),
(612, 90, 'Kulit Crispy Telur Asin (727)', 1, 16000.00, 16000.00, 16000.00, 0.00, '\"\"', '0', 'plain', '', 0.00, 'Kitchen Item', NULL, '0000-00-00 00:00:00', '0000-00-00 00:00:00', 612, 100, 0, 1, 1, 'Live'),
(613, 1, 'Fried Rice with sausage (0601)', 1, 28000.00, 28000.00, 28000.00, 0.00, '[]', '0', 'plain', '', 0.00, 'Bar Item', NULL, '0000-00-00 00:00:00', '0000-00-00 00:00:00', 613, 100, 0, 1, 1, 'Live'),
(614, 2, 'Fish Set (0602)', 1, 28000.00, 28000.00, 28000.00, 0.00, '[]', '0', 'plain', '', 0.00, 'Bar Item', NULL, '0000-00-00 00:00:00', '0000-00-00 00:00:00', 614, 100, 0, 1, 1, 'Live'),
(615, 89, 'Pete 1 Papan (724)', 1, 10000.00, 10000.00, 10000.00, 0.00, '\"\"', '0', 'plain', '', 0.00, 'Kitchen Item', NULL, '0000-00-00 00:00:00', '0000-00-00 00:00:00', 615, 100, 0, 1, 1, 'Live'),
(616, 88, 'Kulit Crispy (723)', 1, 8000.00, 8000.00, 8000.00, 0.00, '\"\"', '0', 'plain', '', 0.00, 'Kitchen Item', NULL, '0000-00-00 00:00:00', '0000-00-00 00:00:00', 616, 100, 0, 1, 1, 'Live'),
(617, 83, 'Tahu Crispy (0720)', 1, 5000.00, 5000.00, 5000.00, 0.00, '[]', '0', 'plain', '', 0.00, 'Bar Item', NULL, '0000-00-00 00:00:00', '0000-00-00 00:00:00', 617, 100, 0, 1, 1, 'Live'),
(618, 145, 'Sencha - Japanese Green Tea (1301)', 1, 15000.00, 15000.00, 15000.00, 0.00, '[]', '0', 'plain', '', 0.00, 'Bar Item', NULL, '0000-00-00 00:00:00', '0000-00-00 00:00:00', 618, 100, 0, 1, 1, 'Live'),
(619, 84, 'Tempe Crispy (0721)', 1, 5000.00, 5000.00, 5000.00, 0.00, '[]', '0', 'plain', '', 0.00, 'Bar Item', NULL, '0000-00-00 00:00:00', '0000-00-00 00:00:00', 619, 101, 0, 1, 1, 'Live'),
(620, 85, 'Jamur Crispy (0725)', 1, 10000.00, 10000.00, 10000.00, 0.00, '[]', '0', 'plain', '', 0.00, 'Bar Item', NULL, '0000-00-00 00:00:00', '0000-00-00 00:00:00', 620, 101, 0, 1, 1, 'Live'),
(621, 90, 'Kulit Crispy Telur Asin (727)', 1, 16000.00, 16000.00, 16000.00, 0.00, '\"\"', '0', 'plain', '', 0.00, 'Kitchen Item', NULL, '0000-00-00 00:00:00', '0000-00-00 00:00:00', 621, 101, 0, 1, 1, 'Live'),
(622, 1, 'Fried Rice with sausage (0601)', 1, 28000.00, 28000.00, 28000.00, 0.00, '[]', '0', 'plain', '', 0.00, 'Bar Item', NULL, '0000-00-00 00:00:00', '0000-00-00 00:00:00', 622, 101, 0, 1, 1, 'Live'),
(623, 2, 'Fish Set (0602)', 1, 28000.00, 28000.00, 28000.00, 0.00, '[]', '0', 'plain', '', 0.00, 'Bar Item', NULL, '0000-00-00 00:00:00', '0000-00-00 00:00:00', 623, 101, 0, 1, 1, 'Live'),
(624, 89, 'Pete 1 Papan (724)', 1, 10000.00, 10000.00, 10000.00, 0.00, '\"\"', '0', 'plain', '', 0.00, 'Kitchen Item', NULL, '0000-00-00 00:00:00', '0000-00-00 00:00:00', 624, 101, 0, 1, 1, 'Live'),
(625, 88, 'Kulit Crispy (723)', 1, 8000.00, 8000.00, 8000.00, 0.00, '\"\"', '0', 'plain', '', 0.00, 'Kitchen Item', NULL, '0000-00-00 00:00:00', '0000-00-00 00:00:00', 625, 101, 0, 1, 1, 'Live'),
(626, 83, 'Tahu Crispy (0720)', 1, 5000.00, 5000.00, 5000.00, 0.00, '[]', '0', 'plain', '', 0.00, 'Bar Item', NULL, '0000-00-00 00:00:00', '0000-00-00 00:00:00', 626, 101, 0, 1, 1, 'Live'),
(627, 145, 'Sencha - Japanese Green Tea (1301)', 1, 15000.00, 15000.00, 15000.00, 0.00, '[]', '0', 'plain', '', 0.00, 'Bar Item', NULL, '0000-00-00 00:00:00', '0000-00-00 00:00:00', 627, 101, 0, 1, 1, 'Live'),
(628, 84, 'Tempe Crispy (0721)', 1, 5000.00, 5000.00, 5000.00, 0.00, '[]', '0', 'plain', '', 0.00, 'Bar Item', 'Done', '0000-00-00 00:00:00', '2020-02-20 14:29:48', 628, 102, 0, 1, 1, 'Live'),
(629, 85, 'Jamur Crispy (0725)', 1, 10000.00, 10000.00, 10000.00, 0.00, '[]', '0', 'plain', '', 0.00, 'Bar Item', 'Done', '0000-00-00 00:00:00', '2020-02-20 14:29:48', 629, 102, 0, 1, 1, 'Live'),
(630, 90, 'Kulit Crispy Telur Asin (727)', 1, 16000.00, 16000.00, 16000.00, 0.00, '\"\"', '0', 'plain', '', 0.00, 'Kitchen Item', NULL, '0000-00-00 00:00:00', '0000-00-00 00:00:00', 630, 102, 0, 1, 1, 'Live'),
(631, 1, 'Fried Rice with sausage (0601)', 1, 28000.00, 28000.00, 28000.00, 0.00, '[]', '0', 'plain', '', 0.00, 'Bar Item', 'Done', '0000-00-00 00:00:00', '2020-02-20 14:29:48', 631, 102, 0, 1, 1, 'Live'),
(632, 2, 'Fish Set (0602)', 1, 28000.00, 28000.00, 28000.00, 0.00, '[]', '0', 'plain', '', 0.00, 'Bar Item', 'Done', '0000-00-00 00:00:00', '2020-02-20 14:29:48', 632, 102, 0, 1, 1, 'Live'),
(633, 89, 'Pete 1 Papan (724)', 1, 10000.00, 10000.00, 10000.00, 0.00, '\"\"', '0', 'plain', '', 0.00, 'Kitchen Item', NULL, '0000-00-00 00:00:00', '0000-00-00 00:00:00', 633, 102, 0, 1, 1, 'Live'),
(634, 88, 'Kulit Crispy (723)', 1, 8000.00, 8000.00, 8000.00, 0.00, '\"\"', '0', 'plain', '', 0.00, 'Kitchen Item', NULL, '0000-00-00 00:00:00', '0000-00-00 00:00:00', 634, 102, 0, 1, 1, 'Live'),
(635, 83, 'Tahu Crispy (0720)', 1, 5000.00, 5000.00, 5000.00, 0.00, '[]', '0', 'plain', '', 0.00, 'Bar Item', 'Done', '0000-00-00 00:00:00', '2020-02-20 14:29:48', 635, 102, 0, 1, 1, 'Live'),
(636, 145, 'Sencha - Japanese Green Tea (1301)', 1, 15000.00, 15000.00, 15000.00, 0.00, '[]', '0', 'plain', '', 0.00, 'Bar Item', 'Done', '0000-00-00 00:00:00', '2020-02-20 14:29:48', 636, 102, 0, 1, 1, 'Live'),
(637, 84, 'Tempe Crispy (0721)', 1, 5000.00, 5000.00, 5000.00, 0.00, '[]', '0', 'plain', '', 0.00, 'Bar Item', NULL, '0000-00-00 00:00:00', '0000-00-00 00:00:00', 637, 103, 0, 1, 1, 'Live'),
(638, 85, 'Jamur Crispy (0725)', 1, 10000.00, 10000.00, 10000.00, 0.00, '[]', '0', 'plain', '', 0.00, 'Bar Item', NULL, '0000-00-00 00:00:00', '0000-00-00 00:00:00', 638, 103, 0, 1, 1, 'Live'),
(639, 90, 'Kulit Crispy Telur Asin (727)', 1, 16000.00, 16000.00, 16000.00, 0.00, '\"\"', '0', 'plain', '', 0.00, 'Kitchen Item', NULL, '0000-00-00 00:00:00', '0000-00-00 00:00:00', 639, 103, 0, 1, 1, 'Live'),
(640, 1, 'Fried Rice with sausage (0601)', 1, 28000.00, 28000.00, 28000.00, 0.00, '[]', '0', 'plain', '', 0.00, 'Bar Item', NULL, '0000-00-00 00:00:00', '0000-00-00 00:00:00', 640, 103, 0, 1, 1, 'Live'),
(641, 2, 'Fish Set (0602)', 1, 28000.00, 28000.00, 28000.00, 0.00, '[]', '0', 'plain', '', 0.00, 'Bar Item', NULL, '0000-00-00 00:00:00', '0000-00-00 00:00:00', 641, 103, 0, 1, 1, 'Live'),
(642, 89, 'Pete 1 Papan (724)', 1, 10000.00, 10000.00, 10000.00, 0.00, '\"\"', '0', 'plain', '', 0.00, 'Kitchen Item', NULL, '0000-00-00 00:00:00', '0000-00-00 00:00:00', 642, 103, 0, 1, 1, 'Live'),
(643, 88, 'Kulit Crispy (723)', 1, 8000.00, 8000.00, 8000.00, 0.00, '\"\"', '0', 'plain', '', 0.00, 'Kitchen Item', NULL, '0000-00-00 00:00:00', '0000-00-00 00:00:00', 643, 103, 0, 1, 1, 'Live'),
(644, 83, 'Tahu Crispy (0720)', 1, 5000.00, 5000.00, 5000.00, 0.00, '[]', '0', 'plain', '', 0.00, 'Bar Item', NULL, '0000-00-00 00:00:00', '0000-00-00 00:00:00', 644, 103, 0, 1, 1, 'Live'),
(647, 84, 'Tempe Crispy (0721)', 1, 5000.00, 5000.00, 5000.00, 0.00, '[]', '0', 'plain', '', 0.00, 'Bar Item', 'Done', '0000-00-00 00:00:00', '2020-02-21 08:12:17', 647, 105, 0, 1, 1, 'Live'),
(648, 85, 'Jamur Crispy (0725)', 1, 10000.00, 10000.00, 10000.00, 0.00, '[]', '0', 'plain', '', 0.00, 'Bar Item', 'Done', '0000-00-00 00:00:00', '2020-02-21 08:12:17', 648, 105, 0, 1, 1, 'Live'),
(649, 85, 'Jamur Crispy (0725)', 1, 10000.00, 10000.00, 10000.00, 0.00, '[]', '0', 'plain', '', 0.00, 'Bar Item', 'Done', '0000-00-00 00:00:00', '2020-02-21 08:12:17', 649, 105, 0, 1, 1, 'Live'),
(650, 276, 'Pineapple Punch (1622)', 1, 15000.00, 15000.00, 15000.00, 0.00, '[]', '0', 'plain', '', 0.00, 'Bar Item', 'Started Preparing', '0000-00-00 00:00:00', '2020-02-21 15:56:54', 650, 106, 0, 1, 1, 'Live'),
(651, 276, 'Pineapple Punch (1622)', 1, 15000.00, 15000.00, 15000.00, 0.00, '[]', '0', 'plain', '', 0.00, 'Bar Item', 'Started Preparing', '0000-00-00 00:00:00', '2020-02-21 15:56:54', 651, 106, 0, 1, 1, 'Live'),
(652, 275, 'Mango Punch (1621)', 1, 15000.00, 15000.00, 15000.00, 0.00, '[]', '0', 'plain', '', 0.00, 'Bar Item', 'Started Preparing', '0000-00-00 00:00:00', '2020-02-21 15:56:54', 652, 106, 0, 1, 1, 'Live'),
(653, 83, 'Tahu Crispy (0720)', 1, 5000.00, 5000.00, 5000.00, 0.00, '[]', '0', 'plain', '', 0.00, 'Bar Item', NULL, '0000-00-00 00:00:00', '0000-00-00 00:00:00', 653, 111, 0, 1, 1, 'Live'),
(654, 85, 'Jamur Crispy (0725)', 1, 10000.00, 10000.00, 10000.00, 0.00, '[]', '0', 'plain', '', 0.00, 'Bar Item', NULL, '0000-00-00 00:00:00', '0000-00-00 00:00:00', 654, 111, 0, 1, 1, 'Live'),
(655, 84, 'Tempe Crispy (0721)', 1, 5000.00, 5000.00, 5000.00, 0.00, '[]', '0', 'plain', '', 0.00, 'Bar Item', 'Started Preparing', '0000-00-00 00:00:00', '2020-02-21 15:56:50', 655, 112, 0, 1, 1, 'Live'),
(656, 1, 'Fried Rice with sausage (0601)', 1, 28000.00, 28000.00, 28000.00, 0.00, '[]', '0', 'plain', '', 0.00, 'Bar Item', 'Started Preparing', '0000-00-00 00:00:00', '2020-02-21 15:56:50', 656, 112, 0, 1, 1, 'Live'),
(657, 84, 'Tempe Crispy (0721)', 1, 5000.00, 5000.00, 5000.00, 0.00, '[]', '0', 'plain', '', 0.00, 'Bar Item', 'Started Preparing', '0000-00-00 00:00:00', '2020-02-21 15:56:51', 657, 112, 0, 1, 1, 'Live'),
(658, 2, 'Fish Set (0602)', 1, 28000.00, 28000.00, 28000.00, 0.00, '[]', '0', 'plain', '', 0.00, 'Bar Item', 'Started Preparing', '0000-00-00 00:00:00', '2020-02-21 15:56:51', 658, 112, 0, 1, 1, 'Live'),
(659, 89, 'Pete 1 Papan (724)', 1, 10000.00, 10000.00, 10000.00, 0.00, '\"\"', '0', 'plain', '', 0.00, 'Kitchen Item', 'Done', '2020-02-22 15:10:52', '2020-02-22 15:10:57', 659, 112, 0, 1, 1, 'Live'),
(660, 90, 'Kulit Crispy Telur Asin (727)', 1, 16000.00, 16000.00, 16000.00, 0.00, '\"\"', '0', 'plain', '', 0.00, 'Kitchen Item', 'Done', '2020-02-22 15:10:52', '2020-02-22 15:10:57', 660, 112, 0, 1, 1, 'Live'),
(661, 85, 'Jamur Crispy (0725)', 1, 10000.00, 10000.00, 10000.00, 0.00, '[]', '0', 'plain', '', 0.00, 'Bar Item', 'Started Preparing', '0000-00-00 00:00:00', '2020-02-21 15:56:51', 661, 112, 0, 1, 1, 'Live'),
(662, 84, 'Tempe Crispy (0721)', 1, 5000.00, 5000.00, 5000.00, 0.00, '[]', '0', 'plain', '', 0.00, 'Bar Item', 'Started Preparing', '0000-00-00 00:00:00', '2020-02-21 15:56:51', 662, 112, 0, 1, 1, 'Live'),
(663, 1, 'Fried Rice with sausage (0601)', 1, 28000.00, 28000.00, 28000.00, 0.00, '[]', '0', 'plain', '', 0.00, 'Bar Item', 'Started Preparing', '0000-00-00 00:00:00', '2020-02-21 15:56:51', 663, 112, 0, 1, 1, 'Live'),
(664, 84, 'Tempe Crispy (0721)', 1, 5000.00, 5000.00, 5000.00, 0.00, '[]', '0', 'plain', '', 0.00, 'Bar Item', 'Started Preparing', '0000-00-00 00:00:00', '2020-02-21 15:56:51', 664, 112, 0, 1, 1, 'Live'),
(667, 84, 'Tempe Crispy (0721)', 1, 5000.00, 5000.00, 5000.00, 0.00, '[]', '0', 'plain', '', 0.00, 'Bar Item', 'Done', '0000-00-00 00:00:00', '2020-02-20 18:50:17', 645, 104, 0, 1, 1, 'Live'),
(668, 85, 'Jamur Crispy (0725)', 1, 10000.00, 10000.00, 10000.00, 0.00, '[]', '0', 'plain', '', 0.00, 'Bar Item', 'Done', '0000-00-00 00:00:00', '2020-02-20 18:50:17', 646, 104, 0, 1, 1, 'Live'),
(669, 85, 'Jamur Crispy (0725)', 5, 50000.00, 50000.00, 10000.00, 0.00, '[]', '0', 'plain', '', 0.00, 'Bar Item', NULL, '0000-00-00 00:00:00', '0000-00-00 00:00:00', 669, 113, 0, 1, 1, 'Live'),
(670, 85, 'Jamur Crispy (0725)', 1, 10000.00, 10000.00, 10000.00, 0.00, '[]', '0', 'plain', '', 0.00, 'Bar Item', NULL, '0000-00-00 00:00:00', '0000-00-00 00:00:00', 670, 113, 0, 1, 1, 'Live'),
(671, 89, 'Pete 1 Papan (724)', 1, 10000.00, 10000.00, 10000.00, 0.00, '\"\"', '0', 'plain', '', 0.00, 'Kitchen Item', NULL, '0000-00-00 00:00:00', '0000-00-00 00:00:00', 671, 114, 0, 1, 1, 'Live'),
(672, 89, 'Pete 1 Papan (724)', 1, 10000.00, 10000.00, 10000.00, 0.00, '\"\"', '0', 'plain', '', 0.00, 'Kitchen Item', NULL, '0000-00-00 00:00:00', '0000-00-00 00:00:00', 672, 114, 0, 1, 1, 'Live'),
(673, 84, 'Tempe Crispy (0721)', 1, 5000.00, 4000.00, 5000.00, 0.00, '1000', '1000.00', 'plain', '', 1000.00, 'Bar Item', NULL, '0000-00-00 00:00:00', '0000-00-00 00:00:00', 673, 115, 0, 1, 1, 'Live'),
(682, 84, 'Tempe Crispy (0721)', 1, 5000.00, -25000.00, 5000.00, 0.00, '30000', '30000', 'plain', '', 30000.00, 'Bar Item', 'Done', '0000-00-00 00:00:00', '2020-02-22 17:43:13', 682, 155, 0, 1, 1, 'Live'),
(683, 75, 'Paket C (Paket B+Bakso 3-p+Telur) (0708)', 1, 45000.00, 15000.00, 45000.00, 0.00, '30000', '30000', 'plain', '', 30000.00, 'Bar Item', 'Done', '0000-00-00 00:00:00', '2020-02-23 23:59:45', 683, 156, 0, 1, 1, 'Live'),
(684, 75, 'Paket C (Paket B+Bakso 3-p+Telur) (0708)', 1, 45000.00, 15000.00, 45000.00, 0.00, '30000', '30000', 'plain', '', 30000.00, 'Bar Item', NULL, '0000-00-00 00:00:00', '0000-00-00 00:00:00', 684, 157, 0, 1, 1, 'Live'),
(685, 85, 'Jamur Crispy (0725)', 1, 10000.00, -20000.00, 10000.00, 0.00, '30000', '30000', 'plain', '', 30000.00, 'Bar Item', NULL, '0000-00-00 00:00:00', '0000-00-00 00:00:00', 685, 158, 0, 1, 1, 'Live'),
(686, 85, 'Jamur Crispy (0725)', 1, 10000.00, 10000.00, 10000.00, 0.00, '[]', '0', 'plain', '', 0.00, 'Bar Item', 'Done', '0000-00-00 00:00:00', '2020-02-23 23:28:57', 686, 159, 0, 1, 1, 'Live'),
(687, 84, 'Tempe Crispy (0721)', 1, 5000.00, 5000.00, 5000.00, 0.00, '[]', '0', 'plain', '', 0.00, 'Bar Item', 'Done', '0000-00-00 00:00:00', '2020-02-23 23:28:57', 687, 159, 0, 1, 1, 'Live'),
(688, 1, 'Fried Rice with sausage (0601)', 1, 28000.00, 28000.00, 28000.00, 0.00, '[]', '0', 'plain', '', 0.00, 'Bar Item', 'Done', '0000-00-00 00:00:00', '2020-02-23 23:28:57', 688, 159, 0, 1, 1, 'Live'),
(689, 2, 'Fish Set (0602)', 1, 28000.00, 28000.00, 28000.00, 0.00, '[]', '0', 'plain', '', 0.00, 'Bar Item', 'Done', '0000-00-00 00:00:00', '2020-02-23 23:28:57', 689, 159, 0, 1, 1, 'Live'),
(690, 84, 'Tempe Crispy (0721)', 1, 5000.00, 5000.00, 5000.00, 0.00, '[]', '0', 'plain', '', 0.00, 'Bar Item', 'Done', '0000-00-00 00:00:00', '2020-02-23 23:28:57', 690, 159, 0, 1, 1, 'Live'),
(691, 90, 'Kulit Crispy Telur Asin (727)', 1, 16000.00, 16000.00, 16000.00, 0.00, '\"\"', '0', 'plain', '', 0.00, 'Kitchen Item', 'Done', '2020-02-22 17:42:09', '2020-02-22 17:42:13', 691, 159, 0, 1, 1, 'Live'),
(692, 90, 'Kulit Crispy Telur Asin (727)', 1, 16000.00, 16000.00, 16000.00, 0.00, '\"\"', '0', 'plain', '', 0.00, 'Kitchen Item', 'Done', '2020-02-22 17:47:15', '2020-02-22 17:47:24', 692, 160, 0, 1, 1, 'Live'),
(696, 85, 'Jamur Crispy (0725)', 1, 10000.00, 9000.00, 10000.00, 0.00, '1000', '1000.00', 'plain', '', 1000.00, 'Bar Item', NULL, '0000-00-00 00:00:00', '0000-00-00 00:00:00', 696, 205, 0, 1, 1, 'Live'),
(697, 85, 'Jamur Crispy (0725)', 1, 10000.00, 9000.00, 10000.00, 0.00, '1000', '1000.00', 'plain', '', 1000.00, 'Bar Item', NULL, '0000-00-00 00:00:00', '0000-00-00 00:00:00', 697, 207, 0, 1, 1, 'Live'),
(698, 85, 'Jamur Crispy (0725)', 1, 10000.00, 9000.00, 10000.00, 0.00, '1000', '1000.00', 'plain', '', 1000.00, 'Bar Item', NULL, '0000-00-00 00:00:00', '0000-00-00 00:00:00', 698, 209, 0, 1, 1, 'Live'),
(699, 2, 'Fish Set (0602)', 1, 28000.00, 28000.00, 28000.00, 0.00, '[]', '0', 'plain', '', 0.00, 'Bar Item', NULL, '0000-00-00 00:00:00', '0000-00-00 00:00:00', 699, 210, 0, 1, 1, 'Live'),
(700, 85, 'Jamur Crispy (0725)', 1, 10000.00, 10000.00, 10000.00, 0.00, '[]', '0', 'plain', '', 0.00, 'Bar Item', NULL, '0000-00-00 00:00:00', '0000-00-00 00:00:00', 700, 211, 0, 1, 1, 'Live'),
(702, 1, 'Fried Rice with sausage (0601)', 1, 28000.00, -2000.00, 28000.00, 0.00, '30000', '30000', 'plain', '', 30000.00, 'Bar Item', NULL, '0000-00-00 00:00:00', '0000-00-00 00:00:00', 702, 213, 0, 1, 1, 'Live'),
(703, 85, 'Jamur Crispy (0725)', 1, 10000.00, 10000.00, 10000.00, 0.00, '[]', '0', 'plain', '', 0.00, 'Bar Item', NULL, '0000-00-00 00:00:00', '0000-00-00 00:00:00', 703, 214, 0, 1, 1, 'Live'),
(704, 85, 'Jamur Crispy (0725)', 1, 10000.00, 10000.00, 10000.00, 0.00, '[]', '0', 'plain', '', 0.00, 'Bar Item', NULL, '0000-00-00 00:00:00', '0000-00-00 00:00:00', 704, 216, 0, 1, 1, 'Live'),
(705, 85, 'Jamur Crispy (0725)', 1, 10000.00, 5000.00, 10000.00, 0.00, '5000', '5000', 'plain', '', 5000.00, 'Bar Item', NULL, '0000-00-00 00:00:00', '0000-00-00 00:00:00', 705, 252, 0, 1, 1, 'Live'),
(706, 84, 'Tempe Crispy (0721)', 1, 5000.00, 5000.00, 5000.00, 0.00, '[]', '0', 'plain', '', 0.00, 'Bar Item', NULL, '0000-00-00 00:00:00', '0000-00-00 00:00:00', 706, 253, 0, 1, 1, 'Live'),
(707, 84, 'Tempe Crispy (0721)', 1, 5000.00, 5000.00, 5000.00, 0.00, '[]', '0', 'plain', '', 0.00, 'Bar Item', NULL, '0000-00-00 00:00:00', '0000-00-00 00:00:00', 707, 254, 0, 1, 1, 'Live'),
(708, 84, 'Tempe Crispy (0721)', 1, 5000.00, 5000.00, 5000.00, 0.00, '[]', '0', 'plain', '', 0.00, 'Bar Item', NULL, '0000-00-00 00:00:00', '0000-00-00 00:00:00', 708, 255, 0, 1, 1, 'Live'),
(709, 84, 'Tempe Crispy (0721)', 1, 5000.00, 5000.00, 5000.00, 0.00, '[]', '0', 'plain', '', 0.00, 'Bar Item', NULL, '0000-00-00 00:00:00', '0000-00-00 00:00:00', 709, 256, 0, 1, 1, 'Live'),
(710, 84, 'Tempe Crispy (0721)', 1, 5000.00, 5000.00, 5000.00, 0.00, '[]', '0', 'plain', '', 0.00, 'Bar Item', NULL, '0000-00-00 00:00:00', '0000-00-00 00:00:00', 710, 257, 0, 1, 1, 'Live'),
(711, 84, 'Tempe Crispy (0721)', 1, 5000.00, 5000.00, 5000.00, 0.00, '[]', '0', 'plain', '', 0.00, 'Bar Item', NULL, '0000-00-00 00:00:00', '0000-00-00 00:00:00', 711, 258, 0, 1, 1, 'Live'),
(712, 84, 'Tempe Crispy (0721)', 1, 5000.00, 5000.00, 5000.00, 0.00, '[]', '0', 'plain', '', 0.00, 'Bar Item', NULL, '0000-00-00 00:00:00', '0000-00-00 00:00:00', 712, 259, 0, 1, 1, 'Live'),
(713, 84, 'Tempe Crispy (0721)', 1, 5000.00, 5000.00, 5000.00, 0.00, '[]', '0', 'plain', '', 0.00, 'Bar Item', NULL, '0000-00-00 00:00:00', '0000-00-00 00:00:00', 713, 260, 0, 1, 1, 'Live'),
(714, 84, 'Tempe Crispy (0721)', 1, 5000.00, 5000.00, 5000.00, 0.00, '[]', '0', 'plain', '', 0.00, 'Bar Item', NULL, '0000-00-00 00:00:00', '0000-00-00 00:00:00', 714, 261, 0, 1, 1, 'Live'),
(715, 84, 'Tempe Crispy (0721)', 1, 5000.00, 5000.00, 5000.00, 0.00, '[]', '0', 'plain', '', 0.00, 'Bar Item', NULL, '0000-00-00 00:00:00', '0000-00-00 00:00:00', 715, 262, 0, 1, 1, 'Live'),
(716, 84, 'Tempe Crispy (0721)', 1, 5000.00, 5000.00, 5000.00, 0.00, '[]', '0', 'plain', '', 0.00, 'Bar Item', NULL, '0000-00-00 00:00:00', '0000-00-00 00:00:00', 716, 263, 0, 1, 1, 'Live'),
(717, 84, 'Tempe Crispy (0721)', 1, 5000.00, 5000.00, 5000.00, 0.00, '[]', '0', 'plain', '', 0.00, 'Bar Item', NULL, '0000-00-00 00:00:00', '0000-00-00 00:00:00', 717, 264, 0, 1, 1, 'Live'),
(718, 84, 'Tempe Crispy (0721)', 1, 5000.00, 5000.00, 5000.00, 0.00, '[]', '0', 'plain', '', 0.00, 'Bar Item', NULL, '0000-00-00 00:00:00', '0000-00-00 00:00:00', 718, 265, 0, 1, 1, 'Live'),
(719, 84, 'Tempe Crispy (0721)', 1, 5000.00, 5000.00, 5000.00, 0.00, '[]', '0', 'plain', '', 0.00, 'Bar Item', NULL, '0000-00-00 00:00:00', '0000-00-00 00:00:00', 719, 266, 0, 1, 1, 'Live'),
(720, 84, 'Tempe Crispy (0721)', 1, 5000.00, 5000.00, 5000.00, 0.00, '[]', '0', 'plain', '', 0.00, 'Bar Item', NULL, '0000-00-00 00:00:00', '0000-00-00 00:00:00', 720, 267, 0, 1, 1, 'Live'),
(721, 84, 'Tempe Crispy (0721)', 1, 5000.00, 5000.00, 5000.00, 0.00, '[]', '0', 'plain', '', 0.00, 'Bar Item', NULL, '0000-00-00 00:00:00', '0000-00-00 00:00:00', 721, 268, 0, 1, 1, 'Live'),
(722, 84, 'Tempe Crispy (0721)', 1, 5000.00, 5000.00, 5000.00, 0.00, '[]', '0', 'plain', '', 0.00, 'Bar Item', NULL, '0000-00-00 00:00:00', '0000-00-00 00:00:00', 722, 269, 0, 1, 1, 'Live'),
(723, 2, 'Fish Set (0602)', 1, 28000.00, 28000.00, 28000.00, 0.00, '[]', '0', 'plain', '', 0.00, 'Bar Item', NULL, '0000-00-00 00:00:00', '0000-00-00 00:00:00', 695, 204, 0, 1, 1, 'Live'),
(724, 1, 'Fried Rice with sausage (0601)', 1, 28000.00, 28000.00, 28000.00, 0.00, '[]', '0', 'plain', '', 0.00, 'Bar Item', NULL, '0000-00-00 00:00:00', '0000-00-00 00:00:00', 694, 204, 0, 1, 1, 'Live'),
(725, 84, 'Tempe Crispy (0721)', 1, 5000.00, 5000.00, 5000.00, 0.00, '[]', '0', 'plain', '', 0.00, 'Bar Item', NULL, '0000-00-00 00:00:00', '0000-00-00 00:00:00', 693, 204, 0, 1, 1, 'Live'),
(726, 84, 'Tempe Crispy (0721)', 1, 5000.00, 5000.00, 5000.00, 0.00, '[]', '0', 'plain', '', 0.00, 'Bar Item', NULL, '0000-00-00 00:00:00', '0000-00-00 00:00:00', 726, 270, 0, 11, 1, 'Live'),
(727, 90, 'Kulit Crispy Telur Asin (727)', 1, 16000.00, 16000.00, 16000.00, 0.00, '\"\"', '0', 'plain', '', 0.00, 'Kitchen Item', 'Done', '2020-02-23 22:33:25', '2020-02-23 22:33:34', 727, 271, 0, 1, 1, 'Live'),
(728, 84, 'Tempe Crispy (0721)', 1, 5000.00, 5000.00, 5000.00, 0.00, '[]', '0', 'plain', '', 0.00, 'Bar Item', NULL, '0000-00-00 00:00:00', '0000-00-00 00:00:00', 728, 272, 0, 11, 1, 'Live'),
(729, 85, 'Jamur Crispy (0725)', 1, 10000.00, 10000.00, 10000.00, 0.00, '[]', '0', 'plain', '', 0.00, 'Bar Item', NULL, '0000-00-00 00:00:00', '0000-00-00 00:00:00', 729, 272, 0, 11, 1, 'Live'),
(730, 90, 'Kulit Crispy Telur Asin (727)', 1, 16000.00, 16000.00, 16000.00, 0.00, '\"\"', '0', 'plain', '', 0.00, 'Kitchen Item', 'Done', '2020-02-23 23:14:23', '2020-02-23 23:14:42', 730, 272, 0, 11, 1, 'Live'),
(731, 1, 'Fried Rice with sausage (0601)', 1, 28000.00, 28000.00, 28000.00, 0.00, '[]', '0', 'plain', '', 0.00, 'Bar Item', NULL, '0000-00-00 00:00:00', '0000-00-00 00:00:00', 731, 272, 0, 11, 1, 'Live'),
(732, 2, 'Fish Set (0602)', 1, 28000.00, 28000.00, 28000.00, 0.00, '[]', '0', 'plain', '', 0.00, 'Bar Item', NULL, '0000-00-00 00:00:00', '0000-00-00 00:00:00', 732, 272, 0, 11, 1, 'Live'),
(733, 89, 'Pete 1 Papan (724)', 1, 10000.00, 10000.00, 10000.00, 0.00, '\"\"', '0', 'plain', '', 0.00, 'Kitchen Item', 'Done', '2020-02-23 23:14:23', '2020-02-23 23:14:42', 733, 272, 0, 11, 1, 'Live'),
(734, 88, 'Kulit Crispy (723)', 1, 8000.00, 8000.00, 8000.00, 0.00, '\"\"', '0', 'plain', '', 0.00, 'Kitchen Item', 'Done', '2020-02-23 23:14:23', '2020-02-23 23:14:42', 734, 272, 0, 11, 1, 'Live'),
(735, 83, 'Tahu Crispy (0720)', 1, 5000.00, 5000.00, 5000.00, 0.00, '[]', '0', 'plain', '', 0.00, 'Bar Item', NULL, '0000-00-00 00:00:00', '0000-00-00 00:00:00', 735, 272, 0, 11, 1, 'Live'),
(736, 145, 'Sencha - Japanese Green Tea (1301)', 1, 15000.00, 15000.00, 15000.00, 0.00, '[]', '0', 'plain', '', 0.00, 'Bar Item', NULL, '0000-00-00 00:00:00', '0000-00-00 00:00:00', 736, 272, 0, 11, 1, 'Live'),
(737, 4, 'Iced Chocolate (0607)', 1, 0.00, 0.00, 0.00, 0.00, '[]', '0', 'plain', '', 0.00, 'Bar Item', NULL, '0000-00-00 00:00:00', '0000-00-00 00:00:00', 737, 273, 0, 1, 1, 'Live'),
(738, 279, 'aer kali (279)', 1, 15000.00, 15000.00, 15000.00, 0.00, '[]', '0', 'plain', '', 0.00, 'Kitchen Item', 'Done', '2020-02-23 22:32:54', '2020-02-23 22:33:00', 738, 274, 0, 1, 1, 'Live'),
(739, 280, 'gundu goreng (280)', 1, 25000.00, 25000.00, 25000.00, 0.00, '[]', '0', 'plain', '', 0.00, 'Kitchen Item', 'Done', '2020-02-23 22:33:12', '2020-02-23 22:33:15', 739, 275, 0, 1, 1, 'Live'),
(740, 84, 'Tempe Crispy (0721)', 1, 5000.00, 4000.00, 5000.00, 0.00, '1000', '1000.00', 'plain', '', 1000.00, 'Bar Item', NULL, '0000-00-00 00:00:00', '0000-00-00 00:00:00', 740, 276, 0, 1, 1, 'Live'),
(741, 84, 'Tempe Crispy (0721)', 1, 5000.00, 5000.00, 5000.00, 0.00, '[]', '0', 'plain', '', 0.00, 'Bar Item', NULL, '0000-00-00 00:00:00', '0000-00-00 00:00:00', 741, 277, 0, 1, 1, 'Live'),
(743, 90, 'Kulit Crispy Telur Asin (727)', 1, 16000.00, 16000.00, 16000.00, 0.00, '\"\"', '0', 'plain', '', 0.00, 'Kitchen Item', NULL, '0000-00-00 00:00:00', '0000-00-00 00:00:00', 743, 279, 0, 1, 1, 'Live'),
(744, 284, 'Boba (283)', 1, 20000.00, 20000.00, 20000.00, 0.00, '[]', '0', 'plain', '', 0.00, 'Kitchen Item', NULL, '0000-00-00 00:00:00', '0000-00-00 00:00:00', 744, 280, 0, 1, 1, 'Live'),
(745, 84, 'Tempe Crispy (0721)', 1, 5000.00, 4000.00, 5000.00, 0.00, '1000', '1000.00', 'plain', '', 1000.00, 'Bar Item', NULL, '0000-00-00 00:00:00', '0000-00-00 00:00:00', 745, 288, 0, 1, 1, 'Live'),
(746, 84, 'Tempe Crispy (0721)', 1, 5000.00, 5000.00, 5000.00, 0.00, '[]', '0', 'plain', '', 0.00, 'Bar Item', NULL, '0000-00-00 00:00:00', '0000-00-00 00:00:00', 746, 289, 0, 11, 1, 'Live'),
(747, 85, 'Jamur Crispy (0725)', 1, 10000.00, 10000.00, 10000.00, 0.00, '[]', '0', 'plain', '', 0.00, 'Bar Item', NULL, '0000-00-00 00:00:00', '0000-00-00 00:00:00', 747, 289, 0, 11, 1, 'Live'),
(748, 84, 'Tempe Crispy (0721)', 1, 5000.00, 5000.00, 5000.00, 0.00, '[]', '0', 'plain', '', 0.00, 'Bar Item', NULL, '0000-00-00 00:00:00', '0000-00-00 00:00:00', 748, 290, 0, 1, 1, 'Live'),
(749, 84, 'Tempe Crispy (0721)', 1, 5000.00, 4000.00, 5000.00, 0.00, '1000', '1000.00', 'plain', '', 1000.00, 'Bar Item', NULL, '0000-00-00 00:00:00', '0000-00-00 00:00:00', 749, 290, 0, 1, 1, 'Live'),
(750, 288, 'Gifar (288)', 1, 7000.00, 7000.00, 7000.00, 0.00, '[]', '0', 'plain', '', 0.00, 'Bar Item', NULL, '0000-00-00 00:00:00', '0000-00-00 00:00:00', 750, 296, 0, 1, 1, 'Live'),
(751, 85, 'Jamur Crispy (0725)', 1, 10000.00, 10000.00, 10000.00, 0.00, '[]', '0', 'plain', '', 0.00, 'Bar Item', NULL, '0000-00-00 00:00:00', '0000-00-00 00:00:00', 751, 297, 0, 1, 1, 'Live'),
(752, 90, 'Kulit Crispy Telur Asin (727)', 1, 16000.00, 16000.00, 16000.00, 0.00, '\"\"', '0', 'plain', '', 0.00, 'Kitchen Item', 'Done', '2020-02-24 18:24:11', '2020-02-24 18:24:29', 752, 298, 0, 1, 1, 'Live'),
(753, 2, 'Fish Set (0602)', 1, 28000.00, 28000.00, 28000.00, 0.00, '[]', '0', 'plain', '', 0.00, 'Bar Item', 'Done', '0000-00-00 00:00:00', '2020-02-25 17:27:03', 753, 302, 0, 1, 1, 'Live'),
(754, 84, 'Tempe Crispy (0721)', 1, 5000.00, 5000.00, 5000.00, 0.00, '[]', '0', 'plain', '', 0.00, 'Bar Item', 'Done', '0000-00-00 00:00:00', '2020-02-25 17:27:05', 754, 303, 0, 1, 1, 'Live'),
(755, 90, 'Kulit Crispy Telur Asin (727)', 1, 16000.00, 16000.00, 16000.00, 0.00, '\"\"', '0', 'plain', '', 0.00, 'Kitchen Item', 'Done', '0000-00-00 00:00:00', '2020-02-25 17:11:51', 755, 303, 0, 1, 1, 'Live'),
(756, 85, 'Jamur Crispy (0725)', 1, 10000.00, 10000.00, 10000.00, 0.00, '[]', '0', 'plain', '', 0.00, 'Bar Item', 'Done', '0000-00-00 00:00:00', '2020-02-25 17:27:06', 756, 303, 0, 1, 1, 'Live'),
(757, 84, 'Tempe Crispy (0721)', 1, 5000.00, 5000.00, 5000.00, 0.00, '[]', '0', 'plain', '', 0.00, 'Bar Item', 'Done', '0000-00-00 00:00:00', '2020-02-25 17:27:07', 757, 304, 0, 1, 1, 'Live'),
(758, 85, 'Jamur Crispy (0725)', 1, 10000.00, 10000.00, 10000.00, 0.00, '[]', '0', 'plain', '', 0.00, 'Bar Item', 'Done', '0000-00-00 00:00:00', '2020-02-25 17:27:08', 758, 304, 0, 1, 1, 'Live'),
(759, 90, 'Kulit Crispy Telur Asin (727)', 1, 16000.00, 16000.00, 16000.00, 0.00, '\"\"', '0', 'plain', '', 0.00, 'Kitchen Item', 'Done', '0000-00-00 00:00:00', '2020-02-25 17:27:24', 759, 304, 0, 1, 1, 'Live'),
(760, 1, 'Fried Rice with sausage (0601)', 1, 28000.00, 28000.00, 28000.00, 0.00, '[]', '0', 'plain', '', 0.00, 'Bar Item', 'Done', '0000-00-00 00:00:00', '2020-02-25 17:27:08', 760, 304, 0, 1, 1, 'Live'),
(761, 2, 'Fish Set (0602)', 1, 28000.00, 28000.00, 28000.00, 0.00, '[]', '0', 'plain', '', 0.00, 'Bar Item', 'Done', '0000-00-00 00:00:00', '2020-02-25 17:27:08', 761, 304, 0, 1, 1, 'Live'),
(762, 89, 'Pete 1 Papan (724)', 1, 10000.00, 10000.00, 10000.00, 0.00, '\"\"', '0', 'plain', '', 0.00, 'Kitchen Item', 'Done', '0000-00-00 00:00:00', '2020-02-25 17:27:24', 762, 304, 0, 1, 1, 'Live'),
(763, 84, 'Tempe Crispy (0721)', 1, 5000.00, 5000.00, 5000.00, 0.00, '[]', '0', 'plain', '', 0.00, 'Bar Item', NULL, '0000-00-00 00:00:00', '0000-00-00 00:00:00', 763, 305, 0, 1, 1, 'Live'),
(764, 85, 'Jamur Crispy (0725)', 1, 10000.00, 10000.00, 10000.00, 0.00, '[]', '0', 'plain', '', 0.00, 'Bar Item', NULL, '0000-00-00 00:00:00', '0000-00-00 00:00:00', 764, 305, 0, 1, 1, 'Live'),
(765, 90, 'Kulit Crispy Telur Asin (727)', 1, 16000.00, 16000.00, 16000.00, 0.00, '\"\"', '0', 'plain', '', 0.00, 'Kitchen Item', 'Started Cooking', '2020-02-27 15:30:31', '0000-00-00 00:00:00', 765, 305, 0, 1, 1, 'Live'),
(775, 145, 'Sencha - Japanese Green Tea (1301)', 1, 15000.00, 15000.00, 15000.00, 0.00, '[]', '0', 'plain', '', 0.00, 'Bar Item', 'Done', '0000-00-00 00:00:00', '2020-02-27 16:37:47', 774, 306, 0, 1, 1, 'Live'),
(776, 83, 'Tahu Crispy (0720)', 1, 5000.00, 5000.00, 5000.00, 0.00, '[]', '0', 'plain', '', 0.00, 'Bar Item', 'Done', '0000-00-00 00:00:00', '2020-02-27 16:37:48', 776, 306, 0, 1, 1, 'Live'),
(777, 88, 'Kulit Crispy (723)', 1, 8000.00, 8000.00, 8000.00, 0.00, '\"\"', '0', 'plain', '', 0.00, 'Kitchen Item', 'Done', '0000-00-00 00:00:00', '2020-02-27 16:34:16', 772, 306, 0, 1, 1, 'Live'),
(778, 89, 'Pete 1 Papan (724)', 1, 10000.00, 10000.00, 10000.00, 0.00, '\"\"', '0', 'plain', '', 0.00, 'Kitchen Item', 'Done', '0000-00-00 00:00:00', '2020-02-27 16:34:16', 771, 306, 0, 1, 1, 'Live'),
(779, 2, 'Fish Set (0602)', 1, 28000.00, 28000.00, 28000.00, 0.00, '[]', '0', 'plain', '', 0.00, 'Bar Item', 'Done', '0000-00-00 00:00:00', '2020-02-27 16:37:48', 770, 306, 0, 1, 1, 'Live'),
(780, 1, 'Fried Rice with sausage (0601)', 1, 28000.00, 28000.00, 28000.00, 0.00, '[]', '0', 'plain', '', 0.00, 'Bar Item', 'Done', '0000-00-00 00:00:00', '2020-02-27 16:37:48', 769, 306, 0, 1, 1, 'Live'),
(781, 90, 'Kulit Crispy Telur Asin (727)', 1, 16000.00, 16000.00, 16000.00, 0.00, '\"\"', '0', 'plain', '', 0.00, 'Kitchen Item', 'Done', '0000-00-00 00:00:00', '2020-02-27 16:34:16', 768, 306, 0, 1, 1, 'Live'),
(782, 85, 'Jamur Crispy (0725)', 1, 10000.00, 10000.00, 10000.00, 0.00, '[]', '0', 'plain', '', 0.00, 'Bar Item', 'Done', '0000-00-00 00:00:00', '2020-02-27 16:37:48', 767, 306, 0, 1, 1, 'Live'),
(783, 84, 'Tempe Crispy (0721)', 1, 5000.00, 5000.00, 5000.00, 0.00, '[]', '0', 'plain', '', 0.00, 'Bar Item', 'Done', '0000-00-00 00:00:00', '2020-02-27 16:37:48', 766, 306, 0, 1, 1, 'Live'),
(784, 84, 'Tempe Crispy (0721)', 1, 5000.00, 5000.00, 5000.00, 0.00, '[]', '0', 'plain', '', 0.00, 'Bar Item', NULL, '0000-00-00 00:00:00', '0000-00-00 00:00:00', 784, 307, 0, 1, 1, 'Live'),
(785, 85, 'Jamur Crispy (0725)', 1, 10000.00, 10000.00, 10000.00, 0.00, '[]', '0', 'plain', '', 0.00, 'Bar Item', NULL, '0000-00-00 00:00:00', '0000-00-00 00:00:00', 785, 307, 0, 1, 1, 'Live'),
(786, 90, 'Kulit Crispy Telur Asin (727)', 1, 16000.00, 16000.00, 16000.00, 0.00, '\"\"', '0', 'plain', '', 0.00, 'Kitchen Item', 'Done', '0000-00-00 00:00:00', '2020-02-27 16:34:44', 786, 307, 0, 1, 1, 'Live'),
(787, 1, 'Fried Rice with sausage (0601)', 1, 28000.00, 28000.00, 28000.00, 0.00, '[]', '0', 'plain', '', 0.00, 'Bar Item', NULL, '0000-00-00 00:00:00', '0000-00-00 00:00:00', 787, 307, 0, 1, 1, 'Live'),
(788, 2, 'Fish Set (0602)', 1, 28000.00, 28000.00, 28000.00, 0.00, '[]', '0', 'plain', '', 0.00, 'Bar Item', NULL, '0000-00-00 00:00:00', '0000-00-00 00:00:00', 788, 307, 0, 1, 1, 'Live'),
(789, 89, 'Pete 1 Papan (724)', 1, 10000.00, 10000.00, 10000.00, 0.00, '\"\"', '0', 'plain', '', 0.00, 'Kitchen Item', 'Done', '0000-00-00 00:00:00', '2020-02-27 16:34:44', 789, 307, 0, 1, 1, 'Live'),
(790, 84, 'Tempe Crispy (0721)', 1, 5000.00, 5000.00, 5000.00, 0.00, '[]', '0', 'plain', '', 0.00, 'Bar Item', NULL, '0000-00-00 00:00:00', '0000-00-00 00:00:00', 790, 308, 0, 1, 1, 'Live'),
(791, 85, 'Jamur Crispy (0725)', 1, 10000.00, 10000.00, 10000.00, 0.00, '[]', '0', 'plain', '', 0.00, 'Bar Item', NULL, '0000-00-00 00:00:00', '0000-00-00 00:00:00', 791, 308, 0, 1, 1, 'Live'),
(792, 90, 'Kulit Crispy Telur Asin (727)', 1, 16000.00, 16000.00, 16000.00, 0.00, '\"\"', '0', 'plain', '', 0.00, 'Kitchen Item', NULL, '0000-00-00 00:00:00', '0000-00-00 00:00:00', 792, 308, 0, 1, 1, 'Live'),
(793, 1, 'Fried Rice with sausage (0601)', 1, 28000.00, 28000.00, 28000.00, 0.00, '[]', '0', 'plain', '', 0.00, 'Bar Item', NULL, '0000-00-00 00:00:00', '0000-00-00 00:00:00', 793, 308, 0, 1, 1, 'Live'),
(794, 2, 'Fish Set (0602)', 1, 28000.00, 28000.00, 28000.00, 0.00, '[]', '0', 'plain', '', 0.00, 'Bar Item', NULL, '0000-00-00 00:00:00', '0000-00-00 00:00:00', 794, 308, 0, 1, 1, 'Live'),
(795, 89, 'Pete 1 Papan (724)', 1, 10000.00, 10000.00, 10000.00, 0.00, '\"\"', '0', 'plain', '', 0.00, 'Kitchen Item', NULL, '0000-00-00 00:00:00', '0000-00-00 00:00:00', 795, 308, 0, 1, 1, 'Live'),
(796, 84, 'Tempe Crispy (0721)', 1, 5000.00, 5000.00, 5000.00, 0.00, '[]', '0', 'plain', '', 0.00, 'Bar Item', NULL, '0000-00-00 00:00:00', '0000-00-00 00:00:00', 796, 309, 0, 1, 1, 'Live'),
(797, 85, 'Jamur Crispy (0725)', 1, 10000.00, 10000.00, 10000.00, 0.00, '[]', '0', 'plain', '', 0.00, 'Bar Item', NULL, '0000-00-00 00:00:00', '0000-00-00 00:00:00', 797, 309, 0, 1, 1, 'Live'),
(798, 90, 'Kulit Crispy Telur Asin (727)', 1, 16000.00, 16000.00, 16000.00, 0.00, '\"\"', '0', 'plain', '', 0.00, 'Kitchen Item', NULL, '0000-00-00 00:00:00', '0000-00-00 00:00:00', 798, 309, 0, 1, 1, 'Live'),
(799, 1, 'Fried Rice with sausage (0601)', 1, 28000.00, 28000.00, 28000.00, 0.00, '[]', '0', 'plain', '', 0.00, 'Bar Item', NULL, '0000-00-00 00:00:00', '0000-00-00 00:00:00', 799, 309, 0, 1, 1, 'Live'),
(800, 2, 'Fish Set (0602)', 1, 28000.00, 28000.00, 28000.00, 0.00, '[]', '0', 'plain', '', 0.00, 'Bar Item', NULL, '0000-00-00 00:00:00', '0000-00-00 00:00:00', 800, 309, 0, 1, 1, 'Live'),
(801, 84, 'Tempe Crispy (0721)', 1, 5000.00, 5000.00, 5000.00, 0.00, '[]', '0', 'plain', '', 0.00, 'Bar Item', NULL, '0000-00-00 00:00:00', '0000-00-00 00:00:00', 801, 310, 0, 1, 1, 'Live'),
(802, 85, 'Jamur Crispy (0725)', 1, 10000.00, 10000.00, 10000.00, 0.00, '[]', '0', 'plain', '', 0.00, 'Bar Item', NULL, '0000-00-00 00:00:00', '0000-00-00 00:00:00', 802, 310, 0, 1, 1, 'Live'),
(803, 90, 'Kulit Crispy Telur Asin (727)', 1, 16000.00, 16000.00, 16000.00, 0.00, '\"\"', '0', 'plain', '', 0.00, 'Kitchen Item', 'Done', '2020-02-27 17:05:52', '2020-02-27 17:06:16', 803, 310, 0, 1, 1, 'Live'),
(804, 1, 'Fried Rice with sausage (0601)', 1, 28000.00, 28000.00, 28000.00, 0.00, '[]', '0', 'plain', '', 0.00, 'Bar Item', NULL, '0000-00-00 00:00:00', '0000-00-00 00:00:00', 804, 310, 0, 1, 1, 'Live'),
(805, 2, 'Fish Set (0602)', 1, 28000.00, 28000.00, 28000.00, 0.00, '[]', '0', 'plain', '', 0.00, 'Bar Item', NULL, '0000-00-00 00:00:00', '0000-00-00 00:00:00', 805, 310, 0, 1, 1, 'Live'),
(806, 89, 'Pete 1 Papan (724)', 1, 10000.00, 10000.00, 10000.00, 0.00, '\"\"', '0', 'plain', '', 0.00, 'Kitchen Item', 'Done', '2020-02-27 17:05:52', '2020-02-27 17:06:16', 806, 310, 0, 1, 1, 'Live'),
(807, 84, 'Tempe Crispy (0721)', 1, 5000.00, 5000.00, 5000.00, 0.00, '[]', '0', 'plain', '', 0.00, 'Bar Item', NULL, '0000-00-00 00:00:00', '0000-00-00 00:00:00', 807, 311, 0, 1, 1, 'Live'),
(808, 85, 'Jamur Crispy (0725)', 1, 10000.00, 10000.00, 10000.00, 0.00, '[]', '0', 'plain', '', 0.00, 'Bar Item', NULL, '0000-00-00 00:00:00', '0000-00-00 00:00:00', 808, 311, 0, 1, 1, 'Live'),
(809, 90, 'Kulit Crispy Telur Asin (727)', 1, 16000.00, 16000.00, 16000.00, 0.00, '\"\"', '0', 'plain', '', 0.00, 'Kitchen Item', 'Done', '2020-02-27 17:19:42', '2020-02-27 17:19:57', 809, 311, 0, 1, 1, 'Live'),
(810, 1, 'Fried Rice with sausage (0601)', 1, 28000.00, 28000.00, 28000.00, 0.00, '[]', '0', 'plain', '', 0.00, 'Bar Item', NULL, '0000-00-00 00:00:00', '0000-00-00 00:00:00', 810, 311, 0, 1, 1, 'Live'),
(811, 2, 'Fish Set (0602)', 1, 28000.00, 28000.00, 28000.00, 0.00, '[]', '0', 'plain', '', 0.00, 'Bar Item', NULL, '0000-00-00 00:00:00', '0000-00-00 00:00:00', 811, 311, 0, 1, 1, 'Live'),
(812, 89, 'Pete 1 Papan (724)', 1, 10000.00, 10000.00, 10000.00, 0.00, '\"\"', '0', 'plain', '', 0.00, 'Kitchen Item', 'Done', '2020-02-27 17:19:42', '2020-02-27 17:19:57', 812, 311, 0, 1, 1, 'Live'),
(813, 84, 'Tempe Crispy (0721)', 1, 5000.00, 5000.00, 5000.00, 0.00, '[]', '0', 'plain', '', 0.00, 'Bar Item', NULL, '0000-00-00 00:00:00', '0000-00-00 00:00:00', 813, 312, 0, 1, 1, 'Live'),
(814, 90, 'Kulit Crispy Telur Asin (727)', 1, 16000.00, 16000.00, 16000.00, 0.00, '\"\"', '0', 'plain', '', 0.00, 'Kitchen Item', NULL, '0000-00-00 00:00:00', '0000-00-00 00:00:00', 814, 312, 0, 1, 1, 'Live'),
(815, 84, 'Tempe Crispy (0721)', 1, 5000.00, 5000.00, 5000.00, 0.00, '[]', '0', 'plain', '', 0.00, 'Bar Item', NULL, '0000-00-00 00:00:00', '0000-00-00 00:00:00', 815, 313, 0, 1, 1, 'Live'),
(816, 85, 'Jamur Crispy (0725)', 1, 10000.00, 10000.00, 10000.00, 0.00, '[]', '0', 'plain', '', 0.00, 'Bar Item', NULL, '0000-00-00 00:00:00', '0000-00-00 00:00:00', 816, 313, 0, 1, 1, 'Live'),
(817, 90, 'Kulit Crispy Telur Asin (727)', 1, 16000.00, 16000.00, 16000.00, 0.00, '\"\"', '0', 'plain', '', 0.00, 'Kitchen Item', NULL, '0000-00-00 00:00:00', '0000-00-00 00:00:00', 817, 313, 0, 1, 1, 'Live'),
(818, 84, 'Tempe Crispy (0721)', 1, 5000.00, 5000.00, 5000.00, 0.00, '[]', '0', 'plain', '', 0.00, 'Bar Item', NULL, '0000-00-00 00:00:00', '0000-00-00 00:00:00', 818, 314, 0, 1, 1, 'Live'),
(819, 85, 'Jamur Crispy (0725)', 1, 10000.00, 10000.00, 10000.00, 0.00, '[]', '0', 'plain', '', 0.00, 'Bar Item', NULL, '0000-00-00 00:00:00', '0000-00-00 00:00:00', 819, 314, 0, 1, 1, 'Live'),
(820, 90, 'Kulit Crispy Telur Asin (727)', 1, 16000.00, 16000.00, 16000.00, 0.00, '\"\"', '0', 'plain', '', 0.00, 'Kitchen Item', NULL, '0000-00-00 00:00:00', '0000-00-00 00:00:00', 820, 314, 0, 1, 1, 'Live'),
(821, 1, 'Fried Rice with sausage (0601)', 1, 28000.00, 28000.00, 28000.00, 0.00, '[]', '0', 'plain', '', 0.00, 'Bar Item', NULL, '0000-00-00 00:00:00', '0000-00-00 00:00:00', 821, 314, 0, 1, 1, 'Live'),
(822, 2, 'Fish Set (0602)', 1, 28000.00, 28000.00, 28000.00, 0.00, '[]', '0', 'plain', '', 0.00, 'Bar Item', NULL, '0000-00-00 00:00:00', '0000-00-00 00:00:00', 822, 314, 0, 1, 1, 'Live'),
(823, 89, 'Pete 1 Papan (724)', 1, 10000.00, 10000.00, 10000.00, 0.00, '\"\"', '0', 'plain', '', 0.00, 'Kitchen Item', NULL, '0000-00-00 00:00:00', '0000-00-00 00:00:00', 823, 314, 0, 1, 1, 'Live'),
(824, 84, 'Tempe Crispy (0721)', 1, 5000.00, 5000.00, 5000.00, 0.00, '[]', '0', 'plain', '', 0.00, 'Bar Item', NULL, '0000-00-00 00:00:00', '0000-00-00 00:00:00', 824, 315, 0, 1, 1, 'Live'),
(825, 85, 'Jamur Crispy (0725)', 1, 10000.00, 10000.00, 10000.00, 0.00, '[]', '0', 'plain', '', 0.00, 'Bar Item', NULL, '0000-00-00 00:00:00', '0000-00-00 00:00:00', 825, 315, 0, 1, 1, 'Live'),
(826, 90, 'Kulit Crispy Telur Asin (727)', 1, 16000.00, 16000.00, 16000.00, 0.00, '\"\"', '0', 'plain', '', 0.00, 'Kitchen Item', NULL, '0000-00-00 00:00:00', '0000-00-00 00:00:00', 826, 315, 0, 1, 1, 'Live'),
(827, 1, 'Fried Rice with sausage (0601)', 1, 28000.00, 28000.00, 28000.00, 0.00, '[]', '0', 'plain', '', 0.00, 'Bar Item', NULL, '0000-00-00 00:00:00', '0000-00-00 00:00:00', 827, 315, 0, 1, 1, 'Live'),
(828, 2, 'Fish Set (0602)', 1, 28000.00, 28000.00, 28000.00, 0.00, '[]', '0', 'plain', '', 0.00, 'Bar Item', NULL, '0000-00-00 00:00:00', '0000-00-00 00:00:00', 828, 315, 0, 1, 1, 'Live');
INSERT INTO `tbl_sales_details` (`id`, `food_menu_id`, `menu_name`, `qty`, `menu_price_without_discount`, `menu_price_with_discount`, `menu_unit_price`, `menu_vat_percentage`, `menu_taxes`, `menu_discount_value`, `discount_type`, `menu_note`, `discount_amount`, `item_type`, `cooking_status`, `cooking_start_time`, `cooking_done_time`, `previous_id`, `sales_id`, `order_status`, `user_id`, `outlet_id`, `del_status`) VALUES
(829, 89, 'Pete 1 Papan (724)', 1, 10000.00, 10000.00, 10000.00, 0.00, '\"\"', '0', 'plain', '', 0.00, 'Kitchen Item', NULL, '0000-00-00 00:00:00', '0000-00-00 00:00:00', 829, 315, 0, 1, 1, 'Live'),
(830, 84, 'Tempe Crispy (0721)', 1, 5000.00, 5000.00, 5000.00, 0.00, '[]', '0', 'plain', '', 0.00, 'Bar Item', NULL, '0000-00-00 00:00:00', '0000-00-00 00:00:00', 830, 316, 0, 1, 1, 'Live'),
(831, 85, 'Jamur Crispy (0725)', 1, 10000.00, 10000.00, 10000.00, 0.00, '[]', '0', 'plain', '', 0.00, 'Bar Item', NULL, '0000-00-00 00:00:00', '0000-00-00 00:00:00', 831, 316, 0, 1, 1, 'Live'),
(832, 84, 'Tempe Crispy (0721)', 1, 5000.00, 5000.00, 5000.00, 0.00, '[]', '0', 'plain', '', 0.00, 'Bar Item', NULL, '0000-00-00 00:00:00', '0000-00-00 00:00:00', 832, 317, 0, 1, 1, 'Live'),
(833, 85, 'Jamur Crispy (0725)', 1, 10000.00, 10000.00, 10000.00, 0.00, '[]', '0', 'plain', '', 0.00, 'Bar Item', NULL, '0000-00-00 00:00:00', '0000-00-00 00:00:00', 833, 317, 0, 1, 1, 'Live'),
(834, 90, 'Kulit Crispy Telur Asin (727)', 1, 16000.00, 16000.00, 16000.00, 0.00, '\"\"', '0', 'plain', '', 0.00, 'Kitchen Item', NULL, '0000-00-00 00:00:00', '0000-00-00 00:00:00', 834, 317, 0, 1, 1, 'Live'),
(835, 1, 'Fried Rice with sausage (0601)', 1, 28000.00, 28000.00, 28000.00, 0.00, '[]', '0', 'plain', '', 0.00, 'Bar Item', NULL, '0000-00-00 00:00:00', '0000-00-00 00:00:00', 835, 317, 0, 1, 1, 'Live'),
(836, 2, 'Fish Set (0602)', 1, 28000.00, 28000.00, 28000.00, 0.00, '[]', '0', 'plain', '', 0.00, 'Bar Item', NULL, '0000-00-00 00:00:00', '0000-00-00 00:00:00', 836, 317, 0, 1, 1, 'Live'),
(837, 89, 'Pete 1 Papan (724)', 1, 10000.00, 10000.00, 10000.00, 0.00, '\"\"', '0', 'plain', '', 0.00, 'Kitchen Item', NULL, '0000-00-00 00:00:00', '0000-00-00 00:00:00', 837, 317, 0, 1, 1, 'Live'),
(838, 88, 'Kulit Crispy (723)', 1, 8000.00, 8000.00, 8000.00, 0.00, '\"\"', '0', 'plain', '', 0.00, 'Kitchen Item', NULL, '0000-00-00 00:00:00', '0000-00-00 00:00:00', 838, 317, 0, 1, 1, 'Live'),
(839, 83, 'Tahu Crispy (0720)', 1, 5000.00, 5000.00, 5000.00, 0.00, '[]', '0', 'plain', '', 0.00, 'Bar Item', NULL, '0000-00-00 00:00:00', '0000-00-00 00:00:00', 839, 317, 0, 1, 1, 'Live'),
(840, 145, 'Sencha - Japanese Green Tea (1301)', 1, 15000.00, 15000.00, 15000.00, 0.00, '[]', '0', 'plain', '', 0.00, 'Bar Item', NULL, '0000-00-00 00:00:00', '0000-00-00 00:00:00', 840, 317, 0, 1, 1, 'Live'),
(847, 89, 'Pete 1 Papan (724)', 1, 10000.00, 10000.00, 10000.00, 0.00, '\"\"', '0', 'plain', '', 0.00, 'Kitchen Item', NULL, '0000-00-00 00:00:00', '0000-00-00 00:00:00', 846, 318, 0, 1, 1, 'Live'),
(848, 2, 'Fish Set (0602)', 1, 28000.00, 28000.00, 28000.00, 0.00, '[]', '0', 'plain', '', 0.00, 'Bar Item', NULL, '0000-00-00 00:00:00', '0000-00-00 00:00:00', 848, 318, 0, 1, 1, 'Live'),
(849, 1, 'Fried Rice with sausage (0601)', 1, 28000.00, 28000.00, 28000.00, 0.00, '[]', '0', 'plain', '', 0.00, 'Bar Item', NULL, '0000-00-00 00:00:00', '0000-00-00 00:00:00', 844, 318, 0, 1, 1, 'Live'),
(850, 90, 'Kulit Crispy Telur Asin (727)', 1, 16000.00, 16000.00, 16000.00, 0.00, '\"\"', '0', 'plain', '', 0.00, 'Kitchen Item', NULL, '0000-00-00 00:00:00', '0000-00-00 00:00:00', 843, 318, 0, 1, 1, 'Live'),
(851, 85, 'Jamur Crispy (0725)', 1, 10000.00, 10000.00, 10000.00, 0.00, '[]', '0', 'plain', '', 0.00, 'Bar Item', NULL, '0000-00-00 00:00:00', '0000-00-00 00:00:00', 842, 318, 0, 1, 1, 'Live'),
(852, 84, 'Tempe Crispy (0721)', 2, 10000.00, 10000.00, 5000.00, 0.00, '[]', '0', 'plain', '', 0.00, 'Bar Item', NULL, '0000-00-00 00:00:00', '0000-00-00 00:00:00', 841, 318, 0, 1, 1, 'Live'),
(853, 84, 'Tempe Crispy (0721)', 1, 5000.00, 5000.00, 5000.00, 0.00, '[]', '0', 'plain', '', 0.00, 'Bar Item', NULL, '0000-00-00 00:00:00', '0000-00-00 00:00:00', 853, 319, 0, 1, 1, 'Live'),
(854, 85, 'Jamur Crispy (0725)', 1, 10000.00, 10000.00, 10000.00, 0.00, '[]', '0', 'plain', '', 0.00, 'Bar Item', NULL, '0000-00-00 00:00:00', '0000-00-00 00:00:00', 854, 319, 0, 1, 1, 'Live'),
(855, 90, 'Kulit Crispy Telur Asin (727)', 1, 16000.00, 16000.00, 16000.00, 0.00, '\"\"', '0', 'plain', '', 0.00, 'Kitchen Item', NULL, '0000-00-00 00:00:00', '0000-00-00 00:00:00', 855, 319, 0, 1, 1, 'Live'),
(856, 1, 'Fried Rice with sausage (0601)', 1, 28000.00, 28000.00, 28000.00, 0.00, '[]', '0', 'plain', '', 0.00, 'Bar Item', NULL, '0000-00-00 00:00:00', '0000-00-00 00:00:00', 856, 319, 0, 1, 1, 'Live'),
(857, 2, 'Fish Set (0602)', 1, 28000.00, 28000.00, 28000.00, 0.00, '[]', '0', 'plain', '', 0.00, 'Bar Item', NULL, '0000-00-00 00:00:00', '0000-00-00 00:00:00', 857, 319, 0, 1, 1, 'Live'),
(858, 89, 'Pete 1 Papan (724)', 1, 10000.00, 10000.00, 10000.00, 0.00, '\"\"', '0', 'plain', '', 0.00, 'Kitchen Item', NULL, '0000-00-00 00:00:00', '0000-00-00 00:00:00', 858, 319, 0, 1, 1, 'Live'),
(859, 84, 'Tempe Crispy (0721)', 1, 5000.00, 5000.00, 5000.00, 0.00, '[]', '0', 'plain', '', 0.00, 'Bar Item', NULL, '0000-00-00 00:00:00', '0000-00-00 00:00:00', 859, 320, 0, 1, 1, 'Live'),
(860, 85, 'Jamur Crispy (0725)', 1, 10000.00, 10000.00, 10000.00, 0.00, '[]', '0', 'plain', '', 0.00, 'Bar Item', NULL, '0000-00-00 00:00:00', '0000-00-00 00:00:00', 860, 320, 0, 1, 1, 'Live'),
(861, 90, 'Kulit Crispy Telur Asin (727)', 1, 16000.00, 16000.00, 16000.00, 0.00, '\"\"', '0', 'plain', '', 0.00, 'Kitchen Item', NULL, '0000-00-00 00:00:00', '0000-00-00 00:00:00', 861, 320, 0, 1, 1, 'Live'),
(862, 84, 'Tempe Crispy (0721)', 1, 5000.00, 5000.00, 5000.00, 0.00, '[]', '0', 'plain', '', 0.00, 'Bar Item', NULL, '0000-00-00 00:00:00', '0000-00-00 00:00:00', 862, 321, 0, 1, 1, 'Live'),
(863, 85, 'Jamur Crispy (0725)', 1, 10000.00, 10000.00, 10000.00, 0.00, '[]', '0', 'plain', '', 0.00, 'Bar Item', NULL, '0000-00-00 00:00:00', '0000-00-00 00:00:00', 863, 321, 0, 1, 1, 'Live'),
(864, 90, 'Kulit Crispy Telur Asin (727)', 1, 16000.00, 16000.00, 16000.00, 0.00, '\"\"', '0', 'plain', '', 0.00, 'Kitchen Item', NULL, '0000-00-00 00:00:00', '0000-00-00 00:00:00', 864, 321, 0, 1, 1, 'Live'),
(865, 1, 'Fried Rice with sausage (0601)', 1, 28000.00, 28000.00, 28000.00, 0.00, '[]', '0', 'plain', '', 0.00, 'Bar Item', NULL, '0000-00-00 00:00:00', '0000-00-00 00:00:00', 865, 321, 0, 1, 1, 'Live'),
(866, 2, 'Fish Set (0602)', 1, 28000.00, 28000.00, 28000.00, 0.00, '[]', '0', 'plain', '', 0.00, 'Bar Item', NULL, '0000-00-00 00:00:00', '0000-00-00 00:00:00', 866, 321, 0, 1, 1, 'Live'),
(867, 89, 'Pete 1 Papan (724)', 1, 10000.00, 10000.00, 10000.00, 0.00, '\"\"', '0', 'plain', '', 0.00, 'Kitchen Item', NULL, '0000-00-00 00:00:00', '0000-00-00 00:00:00', 867, 321, 0, 1, 1, 'Live'),
(868, 84, 'Tempe Crispy (0721)', 1, 5000.00, 5000.00, 5000.00, 0.00, '[]', '0', 'plain', '', 0.00, 'Bar Item', NULL, '0000-00-00 00:00:00', '0000-00-00 00:00:00', 868, 322, 0, 1, 1, 'Live'),
(869, 85, 'Jamur Crispy (0725)', 1, 10000.00, 10000.00, 10000.00, 0.00, '[]', '0', 'plain', '', 0.00, 'Bar Item', NULL, '0000-00-00 00:00:00', '0000-00-00 00:00:00', 869, 322, 0, 1, 1, 'Live'),
(870, 90, 'Kulit Crispy Telur Asin (727)', 1, 16000.00, 16000.00, 16000.00, 0.00, '\"\"', '0', 'plain', '', 0.00, 'Kitchen Item', NULL, '0000-00-00 00:00:00', '0000-00-00 00:00:00', 870, 322, 0, 1, 1, 'Live'),
(871, 1, 'Fried Rice with sausage (0601)', 1, 28000.00, 28000.00, 28000.00, 0.00, '[]', '0', 'plain', '', 0.00, 'Bar Item', NULL, '0000-00-00 00:00:00', '0000-00-00 00:00:00', 871, 322, 0, 1, 1, 'Live'),
(872, 2, 'Fish Set (0602)', 1, 28000.00, 28000.00, 28000.00, 0.00, '[]', '0', 'plain', '', 0.00, 'Bar Item', NULL, '0000-00-00 00:00:00', '0000-00-00 00:00:00', 872, 322, 0, 1, 1, 'Live'),
(873, 89, 'Pete 1 Papan (724)', 1, 10000.00, 10000.00, 10000.00, 0.00, '\"\"', '0', 'plain', '', 0.00, 'Kitchen Item', NULL, '0000-00-00 00:00:00', '0000-00-00 00:00:00', 873, 322, 0, 1, 1, 'Live'),
(874, 84, 'Tempe Crispy (0721)', 1, 5000.00, 5000.00, 5000.00, 0.00, '[]', '0', 'plain', '', 0.00, 'Bar Item', NULL, '0000-00-00 00:00:00', '0000-00-00 00:00:00', 874, 323, 0, 1, 1, 'Live'),
(875, 85, 'Jamur Crispy (0725)', 1, 10000.00, 10000.00, 10000.00, 0.00, '[]', '0', 'plain', '', 0.00, 'Bar Item', NULL, '0000-00-00 00:00:00', '0000-00-00 00:00:00', 875, 323, 0, 1, 1, 'Live'),
(876, 84, 'Tempe Crispy (0721)', 1, 5000.00, 5000.00, 5000.00, 0.00, '[]', '0', 'plain', '', 0.00, 'Bar Item', NULL, '0000-00-00 00:00:00', '0000-00-00 00:00:00', 876, 324, 0, 1, 1, 'Live'),
(877, 84, 'Tempe Crispy (0721)', 1, 5000.00, 5000.00, 5000.00, 0.00, '[]', '0', 'plain', '', 0.00, 'Bar Item', NULL, '0000-00-00 00:00:00', '0000-00-00 00:00:00', 877, 325, 0, 1, 1, 'Live'),
(878, 84, 'Tempe Crispy (0721)', 1, 5000.00, 5000.00, 5000.00, 0.00, '[]', '0', 'plain', '', 0.00, 'Bar Item', NULL, '0000-00-00 00:00:00', '0000-00-00 00:00:00', 878, 326, 0, 1, 1, 'Live'),
(879, 84, 'Tempe Crispy (0721)', 1, 5000.00, 5000.00, 5000.00, 0.00, '[]', '0', 'plain', '', 0.00, 'Bar Item', NULL, '0000-00-00 00:00:00', '0000-00-00 00:00:00', 879, 327, 0, 1, 1, 'Live'),
(880, 84, 'Tempe Crispy (0721)', 1, 5000.00, 5000.00, 5000.00, 0.00, '[]', '0', 'plain', '', 0.00, 'Bar Item', NULL, '0000-00-00 00:00:00', '0000-00-00 00:00:00', 880, 328, 0, 1, 1, 'Live'),
(881, 84, 'Tempe Crispy (0721)', 1, 5000.00, 5000.00, 5000.00, 0.00, '[]', '0', 'plain', '', 0.00, 'Bar Item', NULL, '0000-00-00 00:00:00', '0000-00-00 00:00:00', 881, 329, 0, 1, 1, 'Live'),
(882, 84, 'Tempe Crispy (0721)', 1, 5000.00, 5000.00, 5000.00, 0.00, '[]', '0', 'plain', '', 0.00, 'Bar Item', NULL, '0000-00-00 00:00:00', '0000-00-00 00:00:00', 882, 330, 0, 1, 1, 'Live'),
(883, 84, 'Tempe Crispy (0721)', 1, 5000.00, 5000.00, 5000.00, 0.00, '[]', '0', 'plain', '', 0.00, 'Bar Item', NULL, '0000-00-00 00:00:00', '0000-00-00 00:00:00', 883, 331, 0, 1, 1, 'Live'),
(884, 84, 'Tempe Crispy (0721)', 1, 5000.00, 5000.00, 5000.00, 0.00, '[]', '0', 'plain', '', 0.00, 'Bar Item', NULL, '0000-00-00 00:00:00', '0000-00-00 00:00:00', 884, 332, 0, 1, 1, 'Live'),
(885, 84, 'Tempe Crispy (0721)', 1, 5000.00, 5000.00, 5000.00, 0.00, '[]', '0', 'plain', '', 0.00, 'Bar Item', 'Done', '0000-00-00 00:00:00', '2020-02-29 13:45:08', 885, 333, 0, 1, 1, 'Live'),
(886, 84, 'Tempe Crispy (0721)', 1, 5000.00, 4500.00, 5000.00, 0.00, '10', '10%', 'percentage', '', 500.00, 'Bar Item', NULL, '0000-00-00 00:00:00', '0000-00-00 00:00:00', 886, 334, 0, 1, 1, 'Live'),
(887, 84, 'Tempe Crispy (0721)', 1, 5000.00, 4000.00, 5000.00, 0.00, '1000', '1000', 'plain', '', 1000.00, 'Bar Item', 'Started Preparing', '0000-00-00 00:00:00', '2020-03-02 15:18:50', 887, 335, 0, 1, 1, 'Live'),
(888, 84, 'Tempe Crispy (0721)', 1, 5000.00, 5000.00, 5000.00, 0.00, '[]', '0', 'plain', '', 0.00, 'Bar Item', NULL, '0000-00-00 00:00:00', '0000-00-00 00:00:00', 888, 336, 0, 1, 1, 'Live'),
(889, 84, 'Tempe Crispy (0721)', 1, 5000.00, 5000.00, 5000.00, 0.00, '[]', '0', 'plain', '', 0.00, 'Kitchen Item', 'Done', '2020-03-02 14:29:41', '2020-03-02 15:23:37', 889, 337, 0, 1, 1, 'Live'),
(890, 84, 'Tempe Crispy (0721)', 1, 5000.00, 5000.00, 5000.00, 0.00, '[]', '0', 'plain', '', 0.00, 'Kitchen Item', NULL, '0000-00-00 00:00:00', '0000-00-00 00:00:00', 890, 338, 0, 1, 1, 'Live'),
(891, 85, 'Jamur Crispy (0725)', 1, 10000.00, 10000.00, 10000.00, 0.00, '[]', '0', 'plain', '', 0.00, 'Bar Item', NULL, '0000-00-00 00:00:00', '0000-00-00 00:00:00', 891, 338, 0, 1, 1, 'Live'),
(892, 84, 'Tempe Crispy (0721)', 1, 5000.00, 5000.00, 5000.00, 0.00, '[]', '0', 'plain', '', 0.00, 'Kitchen Item', 'Done', '2020-03-02 14:30:13', '2020-03-02 15:23:40', 892, 339, 0, 1, 1, 'Live'),
(893, 85, 'Jamur Crispy (0725)', 1, 10000.00, 10000.00, 10000.00, 0.00, '[]', '0', 'plain', '', 0.00, 'Bar Item', NULL, '0000-00-00 00:00:00', '0000-00-00 00:00:00', 893, 339, 0, 1, 1, 'Live'),
(894, 90, 'Kulit Crispy Telur Asin (727)', 1, 16000.00, 16000.00, 16000.00, 0.00, '\"\"', '0', 'plain', '', 0.00, 'Kitchen Item', 'Done', '2020-03-02 14:30:13', '2020-03-02 15:23:40', 894, 339, 0, 1, 1, 'Live'),
(895, 1, 'Fried Rice with sausage (0601)', 1, 28000.00, 28000.00, 28000.00, 0.00, '[]', '0', 'plain', '', 0.00, 'Bar Item', NULL, '0000-00-00 00:00:00', '0000-00-00 00:00:00', 895, 339, 0, 1, 1, 'Live'),
(896, 2, 'Fish Set (0602)', 1, 28000.00, 28000.00, 28000.00, 0.00, '[]', '0', 'plain', '', 0.00, 'Bar Item', NULL, '0000-00-00 00:00:00', '0000-00-00 00:00:00', 896, 339, 0, 1, 1, 'Live'),
(897, 89, 'Pete 1 Papan (724)', 1, 10000.00, 10000.00, 10000.00, 0.00, '\"\"', '0', 'plain', '', 0.00, 'Kitchen Item', 'Done', '2020-03-02 14:30:13', '2020-03-02 15:23:40', 897, 339, 0, 1, 1, 'Live'),
(898, 84, 'Tempe Crispy (0721)', 1, 5000.00, 5000.00, 5000.00, 0.00, '[]', '0', 'plain', '', 0.00, 'Kitchen Item', 'Done', '2020-03-02 14:30:35', '2020-03-02 15:23:44', 898, 340, 0, 1, 1, 'Live'),
(899, 85, 'Jamur Crispy (0725)', 1, 10000.00, 10000.00, 10000.00, 0.00, '[]', '0', 'plain', '', 0.00, 'Bar Item', NULL, '0000-00-00 00:00:00', '0000-00-00 00:00:00', 899, 340, 0, 1, 1, 'Live'),
(900, 90, 'Kulit Crispy Telur Asin (727)', 1, 16000.00, 16000.00, 16000.00, 0.00, '\"\"', '0', 'plain', '', 0.00, 'Kitchen Item', 'Done', '2020-03-02 14:30:35', '2020-03-02 15:23:44', 900, 340, 0, 1, 1, 'Live'),
(901, 1, 'Fried Rice with sausage (0601)', 1, 28000.00, 28000.00, 28000.00, 0.00, '[]', '0', 'plain', '', 0.00, 'Bar Item', NULL, '0000-00-00 00:00:00', '0000-00-00 00:00:00', 901, 340, 0, 1, 1, 'Live'),
(902, 2, 'Fish Set (0602)', 1, 28000.00, 28000.00, 28000.00, 0.00, '[]', '0', 'plain', '', 0.00, 'Bar Item', NULL, '0000-00-00 00:00:00', '0000-00-00 00:00:00', 902, 340, 0, 1, 1, 'Live'),
(903, 89, 'Pete 1 Papan (724)', 1, 10000.00, 10000.00, 10000.00, 0.00, '\"\"', '0', 'plain', '', 0.00, 'Kitchen Item', 'Done', '2020-03-02 14:30:35', '2020-03-02 15:23:44', 903, 340, 0, 1, 1, 'Live'),
(916, 84, 'Tempe Crispy (0721)', 1, 5000.00, 5000.00, 5000.00, 0.00, '[]', '0', 'plain', '', 0.00, 'Kitchen Item', 'Done', '2020-03-02 15:24:22', '2020-03-02 15:25:37', 916, 343, 0, 1, 1, 'Live'),
(917, 85, 'Jamur Crispy (0725)', 1, 10000.00, 10000.00, 10000.00, 0.00, '[]', '0', 'plain', '', 0.00, 'Bar Item', NULL, '0000-00-00 00:00:00', '0000-00-00 00:00:00', 917, 343, 0, 1, 1, 'Live'),
(918, 90, 'Kulit Crispy Telur Asin (727)', 1, 16000.00, 16000.00, 16000.00, 0.00, '\"\"', '0', 'plain', '', 0.00, 'Kitchen Item', 'Done', '2020-03-02 15:24:23', '2020-03-02 15:25:37', 918, 343, 0, 1, 1, 'Live'),
(919, 1, 'Fried Rice with sausage (0601)', 1, 28000.00, 28000.00, 28000.00, 0.00, '[]', '0', 'plain', '', 0.00, 'Bar Item', NULL, '0000-00-00 00:00:00', '0000-00-00 00:00:00', 919, 343, 0, 1, 1, 'Live'),
(920, 2, 'Fish Set (0602)', 1, 28000.00, 28000.00, 28000.00, 0.00, '[]', '0', 'plain', '', 0.00, 'Bar Item', NULL, '0000-00-00 00:00:00', '0000-00-00 00:00:00', 920, 343, 0, 1, 1, 'Live'),
(921, 89, 'Pete 1 Papan (724)', 1, 10000.00, 10000.00, 10000.00, 0.00, '\"\"', '0', 'plain', '', 0.00, 'Kitchen Item', 'Done', '2020-03-02 15:24:23', '2020-03-02 15:25:37', 921, 343, 0, 1, 1, 'Live'),
(922, 88, 'Kulit Crispy (723)', 1, 8000.00, 8000.00, 8000.00, 0.00, '\"\"', '0', 'plain', '', 0.00, 'Kitchen Item', 'Done', '2020-03-02 15:24:23', '2020-03-02 15:25:37', 922, 343, 0, 1, 1, 'Live'),
(923, 83, 'Tahu Crispy (0720)', 1, 5000.00, 5000.00, 5000.00, 0.00, '[]', '0', 'plain', '', 0.00, 'Bar Item', NULL, '0000-00-00 00:00:00', '0000-00-00 00:00:00', 923, 343, 0, 1, 1, 'Live'),
(924, 145, 'Sencha - Japanese Green Tea (1301)', 1, 15000.00, 15000.00, 15000.00, 0.00, '[]', '0', 'plain', '', 0.00, 'Bar Item', NULL, '0000-00-00 00:00:00', '0000-00-00 00:00:00', 924, 343, 0, 1, 1, 'Live'),
(925, 84, 'Tempe Crispy (0721)', 1, 5000.00, 5000.00, 5000.00, 0.00, '[]', '0', 'plain', '', 0.00, 'Kitchen Item', 'Done', '2020-03-02 15:26:15', '2020-03-02 15:26:32', 925, 344, 0, 1, 1, 'Live'),
(926, 85, 'Jamur Crispy (0725)', 1, 10000.00, 10000.00, 10000.00, 0.00, '[]', '0', 'plain', '', 0.00, 'Bar Item', NULL, '0000-00-00 00:00:00', '0000-00-00 00:00:00', 926, 344, 0, 1, 1, 'Live'),
(927, 90, 'Kulit Crispy Telur Asin (727)', 1, 16000.00, 16000.00, 16000.00, 0.00, '\"\"', '0', 'plain', '', 0.00, 'Kitchen Item', 'Done', '2020-03-02 15:26:15', '2020-03-02 15:26:32', 927, 344, 0, 1, 1, 'Live'),
(928, 1, 'Fried Rice with sausage (0601)', 1, 28000.00, 28000.00, 28000.00, 0.00, '[]', '0', 'plain', '', 0.00, 'Bar Item', NULL, '0000-00-00 00:00:00', '0000-00-00 00:00:00', 928, 344, 0, 1, 1, 'Live'),
(929, 2, 'Fish Set (0602)', 1, 28000.00, 28000.00, 28000.00, 0.00, '[]', '0', 'plain', '', 0.00, 'Bar Item', NULL, '0000-00-00 00:00:00', '0000-00-00 00:00:00', 929, 344, 0, 1, 1, 'Live'),
(930, 89, 'Pete 1 Papan (724)', 1, 10000.00, 10000.00, 10000.00, 0.00, '\"\"', '0', 'plain', '', 0.00, 'Kitchen Item', 'Done', '2020-03-02 15:26:15', '2020-03-02 15:26:32', 930, 344, 0, 1, 1, 'Live'),
(931, 84, 'Tempe Crispy (0721)', 1, 5000.00, 5000.00, 5000.00, 0.00, '[]', '0', 'plain', '', 0.00, 'Kitchen Item', 'Started Cooking', '2020-03-02 15:27:24', '0000-00-00 00:00:00', 931, 345, 0, 1, 1, 'Live'),
(932, 85, 'Jamur Crispy (0725)', 1, 10000.00, 10000.00, 10000.00, 0.00, '[]', '0', 'plain', '', 0.00, 'Bar Item', NULL, '0000-00-00 00:00:00', '0000-00-00 00:00:00', 932, 345, 0, 1, 1, 'Live'),
(933, 90, 'Kulit Crispy Telur Asin (727)', 1, 16000.00, 16000.00, 16000.00, 0.00, '\"\"', '0', 'plain', '', 0.00, 'Kitchen Item', 'Started Cooking', '2020-03-02 15:27:24', '0000-00-00 00:00:00', 933, 345, 0, 1, 1, 'Live'),
(934, 1, 'Fried Rice with sausage (0601)', 1, 28000.00, 28000.00, 28000.00, 0.00, '[]', '0', 'plain', '', 0.00, 'Bar Item', NULL, '0000-00-00 00:00:00', '0000-00-00 00:00:00', 934, 345, 0, 1, 1, 'Live'),
(935, 2, 'Fish Set (0602)', 1, 28000.00, 28000.00, 28000.00, 0.00, '[]', '0', 'plain', '', 0.00, 'Bar Item', NULL, '0000-00-00 00:00:00', '0000-00-00 00:00:00', 935, 345, 0, 1, 1, 'Live'),
(936, 89, 'Pete 1 Papan (724)', 1, 10000.00, 10000.00, 10000.00, 0.00, '\"\"', '0', 'plain', '', 0.00, 'Kitchen Item', 'Started Cooking', '2020-03-02 15:27:25', '0000-00-00 00:00:00', 936, 345, 0, 1, 1, 'Live'),
(937, 88, 'Kulit Crispy (723)', 1, 8000.00, 8000.00, 8000.00, 0.00, '\"\"', '0', 'plain', '', 0.00, 'Kitchen Item', 'Started Cooking', '2020-03-02 15:27:25', '0000-00-00 00:00:00', 937, 345, 0, 1, 1, 'Live'),
(938, 83, 'Tahu Crispy (0720)', 1, 5000.00, 5000.00, 5000.00, 0.00, '[]', '0', 'plain', '', 0.00, 'Bar Item', NULL, '0000-00-00 00:00:00', '0000-00-00 00:00:00', 938, 345, 0, 1, 1, 'Live'),
(939, 84, 'Tempe Crispy (0721)', 1, 5000.00, 5000.00, 5000.00, 0.00, '[]', '0', 'plain', '', 0.00, 'Kitchen Item', NULL, '0000-00-00 00:00:00', '0000-00-00 00:00:00', 939, 346, 0, 1, 1, 'Live'),
(940, 84, 'Tempe Crispy (0721)', 1, 5000.00, 5000.00, 5000.00, 0.00, '[]', '0', 'plain', '', 0.00, 'Kitchen Item', NULL, '0000-00-00 00:00:00', '0000-00-00 00:00:00', 940, 347, 0, 1, 1, 'Live'),
(941, 84, 'Tempe Crispy (0721)', 1, 5000.00, 4000.00, 5000.00, 0.00, '1000', '1000', 'plain', '', 1000.00, 'Kitchen Item', NULL, '0000-00-00 00:00:00', '0000-00-00 00:00:00', 941, 348, 0, 1, 1, 'Live');

-- --------------------------------------------------------

--
-- Table structure for table `tbl_sales_details_modifiers`
--

CREATE TABLE `tbl_sales_details_modifiers` (
  `id` bigint(50) NOT NULL,
  `modifier_id` int(15) NOT NULL,
  `modifier_price` float(10,2) NOT NULL,
  `food_menu_id` int(10) NOT NULL,
  `sales_id` int(15) NOT NULL,
  `order_status` tinyint(1) NOT NULL COMMENT '1=new order,2=invoiced order, 3=closed order',
  `sales_details_id` int(15) NOT NULL,
  `user_id` int(15) NOT NULL,
  `outlet_id` int(15) NOT NULL,
  `customer_id` int(15) NOT NULL
) ENGINE=InnoDB DEFAULT CHARSET=utf8;

--
-- Dumping data for table `tbl_sales_details_modifiers`
--

INSERT INTO `tbl_sales_details_modifiers` (`id`, `modifier_id`, `modifier_price`, `food_menu_id`, `sales_id`, `order_status`, `sales_details_id`, `user_id`, `outlet_id`, `customer_id`) VALUES
(4, 18, 8000.00, 85, 57, 0, 190, 1, 1, 1),
(5, 16, 4000.00, 85, 57, 0, 190, 1, 1, 1),
(6, 15, 4000.00, 85, 57, 0, 190, 1, 1, 1),
(7, 18, 8000.00, 84, 81, 0, 457, 1, 1, 3),
(11, 18, 8000.00, 84, 105, 0, 647, 1, 1, 2),
(15, 14, 8000.00, 84, 104, 0, 667, 1, 1, 3),
(16, 18, 8000.00, 84, 104, 0, 667, 1, 1, 3),
(17, 16, 4000.00, 84, 104, 0, 667, 1, 1, 3),
(18, 16, 4000.00, 85, 113, 0, 669, 1, 1, 4),
(19, 19, 4000.00, 85, 113, 0, 670, 1, 1, 4),
(20, 14, 8000.00, 85, 214, 0, 703, 1, 1, 4),
(21, 18, 8000.00, 85, 214, 0, 703, 1, 1, 4),
(22, 16, 4000.00, 85, 214, 0, 703, 1, 1, 4),
(23, 15, 4000.00, 85, 214, 0, 703, 1, 1, 4),
(24, 19, 4000.00, 85, 214, 0, 703, 1, 1, 4),
(25, 14, 8000.00, 84, 290, 0, 748, 1, 1, 1),
(26, 18, 8000.00, 84, 290, 0, 748, 1, 1, 1),
(27, 16, 4000.00, 84, 290, 0, 748, 1, 1, 1),
(28, 15, 4000.00, 84, 290, 0, 748, 1, 1, 1),
(29, 19, 4000.00, 84, 290, 0, 748, 1, 1, 1),
(30, 14, 8000.00, 84, 290, 0, 749, 1, 1, 1),
(31, 18, 8000.00, 84, 290, 0, 749, 1, 1, 1),
(32, 16, 4000.00, 84, 290, 0, 749, 1, 1, 1),
(33, 15, 4000.00, 84, 290, 0, 749, 1, 1, 1),
(34, 19, 4000.00, 84, 290, 0, 749, 1, 1, 1),
(35, 14, 8000.00, 83, 306, 0, 776, 1, 1, 1),
(36, 14, 8000.00, 85, 308, 0, 791, 1, 1, 1),
(37, 18, 8000.00, 85, 308, 0, 791, 1, 1, 1),
(38, 4, 0.00, 2, 318, 0, 848, 1, 1, 1),
(39, 3, 0.00, 2, 318, 0, 848, 1, 1, 1),
(40, 5, 0.00, 2, 318, 0, 848, 1, 1, 1),
(41, 2, 0.00, 2, 318, 0, 848, 1, 1, 1),
(42, 14, 8000.00, 84, 320, 0, 859, 1, 1, 1),
(43, 18, 8000.00, 84, 320, 0, 859, 1, 1, 1),
(44, 16, 4000.00, 84, 320, 0, 859, 1, 1, 1),
(45, 14, 8000.00, 84, 329, 0, 881, 1, 1, 1),
(46, 18, 8000.00, 84, 329, 0, 881, 1, 1, 1),
(47, 16, 4000.00, 84, 329, 0, 881, 1, 1, 1),
(48, 15, 4000.00, 84, 329, 0, 881, 1, 1, 1),
(49, 19, 4000.00, 84, 329, 0, 881, 1, 1, 1),
(50, 14, 8000.00, 84, 330, 0, 882, 1, 1, 1),
(51, 18, 8000.00, 84, 330, 0, 882, 1, 1, 1),
(52, 16, 4000.00, 84, 330, 0, 882, 1, 1, 1),
(53, 15, 4000.00, 84, 330, 0, 882, 1, 1, 1),
(54, 19, 4000.00, 84, 330, 0, 882, 1, 1, 1),
(55, 14, 8000.00, 84, 331, 0, 883, 1, 1, 1),
(56, 18, 8000.00, 84, 331, 0, 883, 1, 1, 1),
(57, 16, 4000.00, 84, 331, 0, 883, 1, 1, 1),
(58, 15, 4000.00, 84, 331, 0, 883, 1, 1, 1),
(59, 19, 4000.00, 84, 331, 0, 883, 1, 1, 1),
(60, 14, 8000.00, 84, 332, 0, 884, 1, 1, 1),
(61, 18, 8000.00, 84, 332, 0, 884, 1, 1, 1),
(62, 16, 4000.00, 84, 332, 0, 884, 1, 1, 1),
(63, 15, 4000.00, 84, 332, 0, 884, 1, 1, 1),
(64, 19, 4000.00, 84, 332, 0, 884, 1, 1, 1);

-- --------------------------------------------------------

--
-- Table structure for table `tbl_sale_consumptions`
--

CREATE TABLE `tbl_sale_consumptions` (
  `id` bigint(50) NOT NULL,
  `sale_id` int(10) DEFAULT NULL,
  `order_status` tinyint(1) NOT NULL COMMENT '1=new order,2=invoiced order, 3=closed order',
  `user_id` int(10) DEFAULT NULL,
  `outlet_id` int(10) DEFAULT NULL,
  `del_status` varchar(50) DEFAULT 'Live'
) ENGINE=InnoDB DEFAULT CHARSET=utf8 ROW_FORMAT=COMPACT;

--
-- Dumping data for table `tbl_sale_consumptions`
--

INSERT INTO `tbl_sale_consumptions` (`id`, `sale_id`, `order_status`, `user_id`, `outlet_id`, `del_status`) VALUES
(1, 1, 0, 1, 1, 'Live'),
(2, 2, 0, 1, 1, 'Live'),
(3, 3, 0, 1, 1, 'Live'),
(4, 4, 0, 1, 1, 'Live'),
(5, 5, 0, 1, 1, 'Live'),
(6, 6, 0, 1, 1, 'Live'),
(7, 7, 0, 1, 1, 'Live'),
(11, 11, 0, 1, 1, 'Live'),
(12, 12, 0, 1, 1, 'Live'),
(13, 13, 0, 1, 1, 'Live'),
(14, 14, 0, 1, 1, 'Live'),
(15, 15, 0, 1, 1, 'Live'),
(16, 1, 0, 1, 1, 'Live'),
(17, 2, 0, 1, 1, 'Live'),
(18, 3, 0, 1, 1, 'Live'),
(19, 4, 0, 1, 1, 'Live'),
(20, 5, 0, 1, 1, 'Live'),
(21, 6, 0, 1, 1, 'Live'),
(22, 7, 0, 1, 1, 'Live'),
(26, 11, 0, 1, 1, 'Live'),
(27, 12, 0, 1, 1, 'Live'),
(28, 13, 0, 1, 1, 'Live'),
(29, 14, 0, 1, 1, 'Live'),
(30, 15, 0, 1, 1, 'Live'),
(31, 16, 0, 1, 1, 'Live'),
(32, 17, 0, 1, 1, 'Live'),
(33, 18, 0, 1, 1, 'Live'),
(34, 19, 0, 1, 1, 'Live'),
(35, 20, 0, 1, 1, 'Live'),
(36, 21, 0, 1, 1, 'Live'),
(37, 22, 0, 1, 1, 'Live'),
(38, 23, 0, 1, 1, 'Live'),
(39, 24, 0, 1, 1, 'Live'),
(40, 25, 0, 1, 1, 'Live'),
(42, 27, 0, 1, 1, 'Live'),
(43, 28, 0, 1, 1, 'Live'),
(44, 29, 0, 1, 1, 'Live'),
(45, 30, 0, 1, 1, 'Live'),
(46, 31, 0, 1, 1, 'Live'),
(47, 32, 0, 1, 1, 'Live'),
(48, 33, 0, 1, 1, 'Live'),
(49, 34, 0, 1, 1, 'Live'),
(50, 35, 0, 1, 1, 'Live'),
(51, 36, 0, 1, 1, 'Live'),
(53, 37, 0, 1, 1, 'Live'),
(55, 38, 0, 1, 1, 'Live'),
(56, 26, 0, 1, 1, 'Live'),
(57, 39, 0, 1, 1, 'Live'),
(59, 40, 0, 1, 1, 'Live'),
(60, 41, 0, 1, 1, 'Live'),
(61, 42, 0, 1, 1, 'Live'),
(62, 43, 0, 1, 1, 'Live'),
(63, 44, 0, 1, 1, 'Live'),
(64, 45, 0, 1, 1, 'Live'),
(65, 46, 0, 1, 1, 'Live'),
(66, 47, 0, 1, 1, 'Live'),
(67, 48, 0, 1, 1, 'Live'),
(68, 49, 0, 1, 1, 'Live'),
(69, 50, 0, 1, 1, 'Live'),
(70, 51, 0, 1, 1, 'Live'),
(71, 52, 0, 1, 1, 'Live'),
(72, 53, 0, 1, 1, 'Live'),
(73, 54, 0, 1, 1, 'Live'),
(74, 55, 0, 1, 1, 'Live'),
(75, 56, 0, 1, 1, 'Live'),
(77, 57, 0, 1, 1, 'Live'),
(78, 58, 0, 1, 1, 'Live'),
(79, 59, 0, 1, 1, 'Live'),
(81, 61, 0, 1, 1, 'Live'),
(82, 62, 0, 1, 1, 'Live'),
(83, 63, 0, 1, 1, 'Live'),
(84, 64, 0, 1, 1, 'Live'),
(85, 65, 0, 1, 1, 'Live'),
(86, 66, 0, 1, 1, 'Live'),
(87, 67, 0, 1, 1, 'Live'),
(88, 68, 0, 1, 1, 'Live'),
(89, 69, 0, 1, 1, 'Live'),
(90, 70, 0, 1, 1, 'Live'),
(92, 72, 0, 1, 1, 'Live'),
(93, 73, 0, 1, 1, 'Live'),
(94, 74, 0, 1, 1, 'Live'),
(95, 75, 0, 1, 1, 'Live'),
(96, 76, 0, 1, 1, 'Live'),
(97, 77, 0, 1, 1, 'Live'),
(98, 78, 0, 1, 1, 'Live'),
(99, 79, 0, 1, 1, 'Live'),
(100, 80, 0, 1, 1, 'Live'),
(101, 81, 0, 1, 1, 'Live'),
(102, 71, 0, 1, 1, 'Live'),
(103, 82, 0, 1, 1, 'Live'),
(104, 83, 0, 1, 1, 'Live'),
(105, 84, 0, 10, 1, 'Live'),
(106, 85, 0, 10, 1, 'Live'),
(107, 86, 0, 10, 1, 'Live'),
(108, 87, 0, 10, 1, 'Live'),
(109, 88, 0, 1, 1, 'Live'),
(110, 89, 0, 1, 1, 'Live'),
(111, 90, 0, 1, 1, 'Live'),
(112, 91, 0, 1, 1, 'Live'),
(113, 92, 0, 1, 1, 'Live'),
(114, 93, 0, 1, 1, 'Live'),
(115, 94, 0, 1, 1, 'Live'),
(116, 95, 0, 1, 1, 'Live'),
(117, 96, 0, 1, 1, 'Live'),
(118, 97, 0, 1, 1, 'Live'),
(119, 98, 0, 1, 1, 'Live'),
(120, 99, 0, 1, 1, 'Live'),
(121, 100, 0, 1, 1, 'Live'),
(122, 101, 0, 1, 1, 'Live'),
(123, 102, 0, 1, 1, 'Live'),
(124, 103, 0, 1, 1, 'Live'),
(126, 105, 0, 1, 1, 'Live'),
(127, 106, 0, 1, 1, 'Live'),
(128, 107, 0, 1, 1, 'Live'),
(129, 108, 0, 1, 1, 'Live'),
(130, 109, 0, 1, 1, 'Live'),
(131, 110, 0, 1, 1, 'Live'),
(132, 111, 0, 1, 1, 'Live'),
(133, 112, 0, 1, 1, 'Live'),
(135, 104, 0, 1, 1, 'Live'),
(136, 113, 0, 1, 1, 'Live'),
(137, 114, 0, 1, 1, 'Live'),
(138, 115, 0, 1, 1, 'Live'),
(139, 116, 0, 1, 1, 'Live'),
(140, 117, 0, 1, 1, 'Live'),
(141, 118, 0, 1, 1, 'Live'),
(142, 119, 0, 1, 1, 'Live'),
(143, 120, 0, 1, 1, 'Live'),
(144, 121, 0, 1, 1, 'Live'),
(145, 122, 0, 1, 1, 'Live'),
(146, 123, 0, 1, 1, 'Live'),
(147, 124, 0, 1, 1, 'Live'),
(151, 128, 0, 1, 1, 'Live'),
(152, 129, 0, 1, 1, 'Live'),
(153, 130, 0, 1, 1, 'Live'),
(154, 131, 0, 1, 1, 'Live'),
(155, 132, 0, 1, 1, 'Live'),
(157, 134, 0, 1, 1, 'Live'),
(158, 135, 0, 1, 1, 'Live'),
(159, 136, 0, 1, 1, 'Live'),
(160, 137, 0, 1, 1, 'Live'),
(161, 138, 0, 1, 1, 'Live'),
(162, 139, 0, 1, 1, 'Live'),
(163, 140, 0, 1, 1, 'Live'),
(164, 141, 0, 1, 1, 'Live'),
(165, 142, 0, 1, 1, 'Live'),
(167, 144, 0, 1, 1, 'Live'),
(168, 145, 0, 1, 1, 'Live'),
(169, 146, 0, 1, 1, 'Live'),
(170, 147, 0, 1, 1, 'Live'),
(171, 148, 0, 1, 1, 'Live'),
(172, 149, 0, 1, 1, 'Live'),
(173, 150, 0, 1, 1, 'Live'),
(175, 152, 0, 1, 1, 'Live'),
(176, 153, 0, 1, 1, 'Live'),
(178, 155, 0, 1, 1, 'Live'),
(179, 156, 0, 1, 1, 'Live'),
(180, 157, 0, 1, 1, 'Live'),
(181, 158, 0, 1, 1, 'Live'),
(182, 159, 0, 1, 1, 'Live'),
(183, 160, 0, 1, 1, 'Live'),
(184, 161, 0, 1, 1, 'Live'),
(185, 162, 0, 1, 1, 'Live'),
(186, 163, 0, 1, 1, 'Live'),
(187, 164, 0, 1, 1, 'Live'),
(188, 165, 0, 1, 1, 'Live'),
(189, 166, 0, 1, 1, 'Live'),
(190, 167, 0, 1, 1, 'Live'),
(191, 168, 0, 1, 1, 'Live'),
(192, 169, 0, 1, 1, 'Live'),
(193, 170, 0, 1, 1, 'Live'),
(194, 171, 0, 1, 1, 'Live'),
(195, 172, 0, 1, 1, 'Live'),
(196, 173, 0, 1, 1, 'Live'),
(197, 174, 0, 1, 1, 'Live'),
(198, 175, 0, 1, 1, 'Live'),
(199, 176, 0, 1, 1, 'Live'),
(200, 177, 0, 1, 1, 'Live'),
(201, 178, 0, 1, 1, 'Live'),
(202, 179, 0, 1, 1, 'Live'),
(203, 180, 0, 1, 1, 'Live'),
(204, 181, 0, 1, 1, 'Live'),
(205, 182, 0, 1, 1, 'Live'),
(206, 183, 0, 1, 1, 'Live'),
(207, 184, 0, 1, 1, 'Live'),
(208, 185, 0, 1, 1, 'Live'),
(209, 186, 0, 1, 1, 'Live'),
(210, 187, 0, 1, 1, 'Live'),
(211, 188, 0, 1, 1, 'Live'),
(212, 189, 0, 1, 1, 'Live'),
(213, 190, 0, 1, 1, 'Live'),
(214, 191, 0, 1, 1, 'Live'),
(215, 192, 0, 1, 1, 'Live'),
(216, 193, 0, 1, 1, 'Live'),
(217, 194, 0, 1, 1, 'Live'),
(218, 195, 0, 1, 1, 'Live'),
(219, 196, 0, 1, 1, 'Live'),
(220, 197, 0, 1, 1, 'Live'),
(221, 198, 0, 1, 1, 'Live'),
(222, 199, 0, 1, 1, 'Live'),
(223, 200, 0, 1, 1, 'Live'),
(224, 201, 0, 1, 1, 'Live'),
(225, 202, 0, 1, 1, 'Live'),
(226, 203, 0, 1, 1, 'Live'),
(228, 205, 0, 1, 1, 'Live'),
(229, 206, 0, 1, 1, 'Live'),
(230, 207, 0, 1, 1, 'Live'),
(231, 208, 0, 1, 1, 'Live'),
(232, 209, 0, 1, 1, 'Live'),
(233, 210, 0, 1, 1, 'Live'),
(234, 211, 0, 1, 1, 'Live'),
(236, 213, 0, 1, 1, 'Live'),
(237, 214, 0, 1, 1, 'Live'),
(238, 215, 0, 11, 1, 'Live'),
(239, 216, 0, 1, 1, 'Live'),
(240, 217, 0, 1, 1, 'Live'),
(241, 218, 0, 1, 1, 'Live'),
(242, 219, 0, 1, 1, 'Live'),
(243, 220, 0, 1, 1, 'Live'),
(244, 221, 0, 1, 1, 'Live'),
(245, 222, 0, 1, 1, 'Live'),
(246, 223, 0, 1, 1, 'Live'),
(247, 224, 0, 1, 1, 'Live'),
(248, 225, 0, 1, 1, 'Live'),
(249, 226, 0, 1, 1, 'Live'),
(250, 227, 0, 1, 1, 'Live'),
(251, 228, 0, 1, 1, 'Live'),
(252, 229, 0, 1, 1, 'Live'),
(253, 230, 0, 1, 1, 'Live'),
(254, 231, 0, 1, 1, 'Live'),
(255, 232, 0, 1, 1, 'Live'),
(256, 233, 0, 1, 1, 'Live'),
(257, 234, 0, 1, 1, 'Live'),
(258, 235, 0, 1, 1, 'Live'),
(259, 236, 0, 1, 1, 'Live'),
(260, 237, 0, 1, 1, 'Live'),
(261, 238, 0, 1, 1, 'Live'),
(262, 239, 0, 1, 1, 'Live'),
(263, 240, 0, 1, 1, 'Live'),
(264, 241, 0, 1, 1, 'Live'),
(265, 242, 0, 1, 1, 'Live'),
(266, 243, 0, 1, 1, 'Live'),
(267, 244, 0, 1, 1, 'Live'),
(268, 245, 0, 1, 1, 'Live'),
(269, 246, 0, 1, 1, 'Live'),
(270, 247, 0, 1, 1, 'Live'),
(271, 248, 0, 1, 1, 'Live'),
(272, 249, 0, 1, 1, 'Live'),
(273, 250, 0, 1, 1, 'Live'),
(274, 251, 0, 1, 1, 'Live'),
(275, 252, 0, 1, 1, 'Live'),
(276, 253, 0, 1, 1, 'Live'),
(277, 254, 0, 1, 1, 'Live'),
(278, 255, 0, 1, 1, 'Live'),
(279, 256, 0, 1, 1, 'Live'),
(280, 257, 0, 1, 1, 'Live'),
(281, 258, 0, 1, 1, 'Live'),
(282, 259, 0, 1, 1, 'Live'),
(283, 260, 0, 1, 1, 'Live'),
(284, 261, 0, 1, 1, 'Live'),
(285, 262, 0, 1, 1, 'Live'),
(286, 263, 0, 1, 1, 'Live'),
(287, 264, 0, 1, 1, 'Live'),
(288, 265, 0, 1, 1, 'Live'),
(289, 266, 0, 1, 1, 'Live'),
(290, 267, 0, 1, 1, 'Live'),
(291, 268, 0, 1, 1, 'Live'),
(292, 269, 0, 1, 1, 'Live'),
(293, 204, 0, 1, 1, 'Live'),
(294, 270, 0, 11, 1, 'Live'),
(295, 271, 0, 1, 1, 'Live'),
(296, 272, 0, 11, 1, 'Live'),
(297, 273, 0, 1, 1, 'Live'),
(298, 274, 0, 1, 1, 'Live'),
(299, 275, 0, 1, 1, 'Live'),
(300, 276, 0, 1, 1, 'Live'),
(301, 277, 0, 1, 1, 'Live'),
(303, 279, 0, 1, 1, 'Live'),
(304, 280, 0, 1, 1, 'Live'),
(305, 281, 0, 1, 1, 'Live'),
(306, 282, 0, 1, 1, 'Live'),
(307, 283, 0, 1, 1, 'Live'),
(308, 284, 0, 1, 1, 'Live'),
(309, 285, 0, 1, 1, 'Live'),
(310, 286, 0, 1, 1, 'Live'),
(311, 287, 0, 1, 1, 'Live'),
(312, 288, 0, 1, 1, 'Live'),
(313, 289, 0, 11, 1, 'Live'),
(314, 290, 0, 1, 1, 'Live'),
(315, 291, 0, 1, 1, 'Live'),
(316, 292, 0, 1, 1, 'Live'),
(317, 293, 0, 1, 1, 'Live'),
(318, 294, 0, 1, 1, 'Live'),
(319, 295, 0, 1, 1, 'Live'),
(320, 296, 0, 1, 1, 'Live'),
(321, 297, 0, 1, 1, 'Live'),
(322, 298, 0, 1, 1, 'Live'),
(323, 299, 0, 1, 1, 'Live'),
(324, 300, 0, 1, 1, 'Live'),
(325, 301, 0, 1, 1, 'Live'),
(326, 302, 0, 1, 1, 'Live'),
(327, 303, 0, 1, 1, 'Live'),
(328, 304, 0, 1, 1, 'Live'),
(329, 305, 0, 1, 1, 'Live'),
(331, 306, 0, 1, 1, 'Live'),
(332, 307, 0, 1, 1, 'Live'),
(333, 308, 0, 1, 1, 'Live'),
(334, 309, 0, 1, 1, 'Live'),
(335, 310, 0, 1, 1, 'Live'),
(336, 311, 0, 1, 1, 'Live'),
(337, 312, 0, 1, 1, 'Live'),
(338, 313, 0, 1, 1, 'Live'),
(339, 314, 0, 1, 1, 'Live'),
(340, 315, 0, 1, 1, 'Live'),
(341, 316, 0, 1, 1, 'Live'),
(342, 317, 0, 1, 1, 'Live'),
(344, 318, 0, 1, 1, 'Live'),
(345, 319, 0, 1, 1, 'Live'),
(346, 320, 0, 1, 1, 'Live'),
(347, 321, 0, 1, 1, 'Live'),
(348, 322, 0, 1, 1, 'Live'),
(349, 323, 0, 1, 1, 'Live'),
(350, 324, 0, 1, 1, 'Live'),
(351, 325, 0, 1, 1, 'Live'),
(352, 326, 0, 1, 1, 'Live'),
(353, 327, 0, 1, 1, 'Live'),
(354, 328, 0, 1, 1, 'Live'),
(355, 329, 0, 1, 1, 'Live'),
(356, 330, 0, 1, 1, 'Live'),
(357, 331, 0, 1, 1, 'Live'),
(358, 332, 0, 1, 1, 'Live'),
(359, 333, 0, 1, 1, 'Live'),
(360, 334, 0, 1, 1, 'Live'),
(361, 335, 0, 1, 1, 'Live'),
(362, 336, 0, 1, 1, 'Live'),
(363, 337, 0, 1, 1, 'Live'),
(364, 338, 0, 1, 1, 'Live'),
(365, 339, 0, 1, 1, 'Live'),
(366, 340, 0, 1, 1, 'Live'),
(371, 343, 0, 1, 1, 'Live'),
(372, 344, 0, 1, 1, 'Live'),
(373, 345, 0, 1, 1, 'Live'),
(374, 346, 0, 1, 1, 'Live'),
(375, 347, 0, 1, 1, 'Live'),
(376, 348, 0, 1, 1, 'Live');

-- --------------------------------------------------------

--
-- Table structure for table `tbl_sale_consumptions_of_menus`
--

CREATE TABLE `tbl_sale_consumptions_of_menus` (
  `id` bigint(50) NOT NULL,
  `ingredient_id` int(10) DEFAULT NULL,
  `consumption` float(10,2) DEFAULT NULL,
  `sale_consumption_id` int(10) DEFAULT NULL,
  `sales_id` int(10) NOT NULL,
  `order_status` tinyint(1) NOT NULL COMMENT '1=new order,2=invoiced order, 3=closed order',
  `food_menu_id` int(10) NOT NULL,
  `user_id` int(10) DEFAULT NULL,
  `outlet_id` int(10) DEFAULT NULL,
  `del_status` varchar(50) DEFAULT 'Live'
) ENGINE=InnoDB DEFAULT CHARSET=utf8 ROW_FORMAT=COMPACT;

--
-- Dumping data for table `tbl_sale_consumptions_of_menus`
--

INSERT INTO `tbl_sale_consumptions_of_menus` (`id`, `ingredient_id`, `consumption`, `sale_consumption_id`, `sales_id`, `order_status`, `food_menu_id`, `user_id`, `outlet_id`, `del_status`) VALUES
(1, 1, 0.10, 1, 1, 0, 1, 1, 1, 'Live'),
(2, 1, 0.10, 2, 2, 0, 1, 1, 1, 'Live'),
(3, 1, 0.20, 3, 3, 0, 1, 1, 1, 'Live'),
(4, 1, 0.20, 3, 3, 0, 1, 1, 1, 'Live'),
(5, 1, 0.20, 3, 3, 0, 1, 1, 1, 'Live'),
(6, 1, 0.20, 3, 3, 0, 1, 1, 1, 'Live'),
(7, 1, 0.10, 4, 4, 0, 1, 1, 1, 'Live'),
(8, 1, 0.10, 5, 5, 0, 1, 1, 1, 'Live'),
(9, 1, 0.10, 6, 6, 0, 1, 1, 1, 'Live'),
(10, 1, 0.10, 7, 7, 0, 1, 1, 1, 'Live'),
(16, 1, 0.10, 11, 11, 0, 2, 1, 1, 'Live'),
(17, 1, 0.10, 12, 12, 0, 2, 1, 1, 'Live'),
(18, 1, 0.10, 12, 12, 0, 3, 1, 1, 'Live'),
(19, 1, 0.10, 13, 13, 0, 1, 1, 1, 'Live'),
(20, 1, 0.10, 14, 14, 0, 1, 1, 1, 'Live'),
(21, 1, 0.10, 14, 14, 0, 2, 1, 1, 'Live'),
(22, 1, 0.10, 14, 14, 0, 3, 1, 1, 'Live'),
(23, 1, 0.10, 15, 15, 0, 1, 1, 1, 'Live'),
(24, 1, 0.10, 15, 15, 0, 2, 1, 1, 'Live'),
(25, 1, 0.10, 15, 15, 0, 3, 1, 1, 'Live'),
(26, 1, 0.10, 16, 1, 0, 1, 1, 1, 'Live'),
(27, 1, 0.10, 16, 1, 0, 1, 1, 1, 'Live'),
(28, 1, 0.50, 17, 2, 0, 1, 1, 1, 'Live'),
(29, 1, 0.10, 19, 4, 0, 1, 1, 1, 'Live'),
(30, 1, 0.10, 21, 6, 0, 1, 1, 1, 'Live'),
(31, 1, 0.10, 22, 7, 0, 1, 1, 1, 'Live'),
(32, 1, 0.10, 22, 7, 0, 1, 1, 1, 'Live'),
(33, 1, 0.10, 28, 13, 0, 1, 1, 1, 'Live'),
(34, 1, 0.10, 28, 13, 0, 2, 1, 1, 'Live'),
(35, 1, 0.10, 31, 16, 0, 1, 1, 1, 'Live'),
(36, 1, 0.10, 33, 18, 0, 1, 1, 1, 'Live'),
(37, 1, 0.10, 34, 19, 0, 1, 1, 1, 'Live'),
(38, 1, 0.10, 36, 21, 0, 1, 1, 1, 'Live'),
(39, 1, 0.10, 37, 22, 0, 1, 1, 1, 'Live'),
(40, 1, 0.10, 39, 24, 0, 1, 1, 1, 'Live'),
(41, 1, 0.10, 39, 24, 0, 2, 1, 1, 'Live'),
(42, 1, 0.10, 40, 25, 0, 1, 1, 1, 'Live'),
(43, 1, 0.10, 43, 28, 0, 2, 1, 1, 'Live'),
(44, 1, 0.10, 44, 29, 0, 1, 1, 1, 'Live'),
(45, 1, 0.10, 49, 34, 0, 2, 1, 1, 'Live'),
(46, 1, 0.10, 55, 38, 0, 2, 1, 1, 'Live'),
(47, 1, 0.10, 55, 38, 0, 2, 1, 1, 'Live'),
(48, 57, 0.01, 57, 39, 0, 248, 1, 1, 'Live'),
(49, 330, 50.00, 57, 39, 0, 248, 1, 1, 'Live'),
(50, 20, 50.00, 57, 39, 0, 248, 1, 1, 'Live'),
(51, 32, 5.00, 57, 39, 0, 248, 1, 1, 'Live'),
(52, 213, 35.00, 57, 39, 0, 248, 1, 1, 'Live'),
(53, 28, 1.00, 57, 39, 0, 248, 1, 1, 'Live'),
(54, 286, 150.00, 57, 39, 0, 248, 1, 1, 'Live'),
(55, 250, 50.00, 57, 39, 0, 248, 1, 1, 'Live'),
(56, 15, 25.00, 57, 39, 0, 248, 1, 1, 'Live'),
(57, 17, 17.00, 57, 39, 0, 204, 1, 1, 'Live'),
(58, 16, 84.00, 57, 39, 0, 204, 1, 1, 'Live'),
(59, 297, 1.00, 57, 39, 0, 101, 1, 1, 'Live'),
(60, 186, 270.00, 57, 39, 0, 101, 1, 1, 'Live'),
(61, 270, 250.00, 57, 39, 0, 101, 1, 1, 'Live'),
(62, 322, 10.00, 60, 41, 0, 84, 1, 1, 'Live'),
(63, 320, 0.20, 60, 41, 0, 84, 1, 1, 'Live'),
(64, 51, 20.00, 60, 41, 0, 84, 1, 1, 'Live'),
(65, 326, 15.00, 60, 41, 0, 84, 1, 1, 'Live'),
(66, 227, 25.00, 60, 41, 0, 84, 1, 1, 'Live'),
(67, 53, 5.00, 60, 41, 0, 84, 1, 1, 'Live'),
(68, 323, 20.00, 60, 41, 0, 84, 1, 1, 'Live'),
(69, 321, 0.25, 60, 41, 0, 84, 1, 1, 'Live'),
(70, 320, 0.40, 60, 41, 0, 85, 1, 1, 'Live'),
(71, 326, 15.00, 60, 41, 0, 85, 1, 1, 'Live'),
(72, 227, 25.00, 60, 41, 0, 85, 1, 1, 'Live'),
(73, 100, 5.00, 60, 41, 0, 85, 1, 1, 'Live'),
(74, 323, 50.00, 60, 41, 0, 85, 1, 1, 'Live'),
(75, 212, 60.00, 60, 41, 0, 85, 1, 1, 'Live'),
(76, 333, 10.00, 60, 41, 0, 2, 1, 1, 'Live'),
(77, 267, 3.00, 60, 41, 0, 2, 1, 1, 'Live'),
(78, 320, 0.25, 60, 41, 0, 2, 1, 1, 'Live'),
(79, 12, 10.00, 60, 41, 0, 2, 1, 1, 'Live'),
(80, 250, 10.00, 60, 41, 0, 2, 1, 1, 'Live'),
(81, 17, 5.00, 60, 41, 0, 2, 1, 1, 'Live'),
(82, 323, 20.00, 60, 41, 0, 2, 1, 1, 'Live'),
(83, 16, 55.00, 60, 41, 0, 2, 1, 1, 'Live'),
(84, 209, 10.00, 60, 41, 0, 2, 1, 1, 'Live'),
(85, 301, 0.30, 60, 41, 0, 2, 1, 1, 'Live'),
(86, 204, 83.50, 60, 41, 0, 2, 1, 1, 'Live'),
(87, 190, 50.00, 60, 41, 0, 2, 1, 1, 'Live'),
(88, 322, 10.00, 61, 42, 0, 84, 1, 1, 'Live'),
(89, 320, 0.20, 61, 42, 0, 84, 1, 1, 'Live'),
(90, 51, 20.00, 61, 42, 0, 84, 1, 1, 'Live'),
(91, 326, 15.00, 61, 42, 0, 84, 1, 1, 'Live'),
(92, 227, 25.00, 61, 42, 0, 84, 1, 1, 'Live'),
(93, 53, 5.00, 61, 42, 0, 84, 1, 1, 'Live'),
(94, 323, 20.00, 61, 42, 0, 84, 1, 1, 'Live'),
(95, 321, 0.25, 61, 42, 0, 84, 1, 1, 'Live'),
(96, 320, 0.40, 61, 42, 0, 85, 1, 1, 'Live'),
(97, 326, 15.00, 61, 42, 0, 85, 1, 1, 'Live'),
(98, 227, 25.00, 61, 42, 0, 85, 1, 1, 'Live'),
(99, 100, 5.00, 61, 42, 0, 85, 1, 1, 'Live'),
(100, 323, 50.00, 61, 42, 0, 85, 1, 1, 'Live'),
(101, 212, 60.00, 61, 42, 0, 85, 1, 1, 'Live'),
(102, 333, 15.00, 61, 42, 0, 1, 1, 1, 'Live'),
(103, 267, 3.00, 61, 42, 0, 1, 1, 1, 'Live'),
(104, 320, 0.50, 61, 42, 0, 1, 1, 1, 'Live'),
(105, 98, 10.00, 61, 42, 0, 1, 1, 1, 'Live'),
(106, 12, 10.00, 61, 42, 0, 1, 1, 1, 'Live'),
(107, 250, 20.00, 61, 42, 0, 1, 1, 1, 'Live'),
(108, 16, 60.00, 61, 42, 0, 1, 1, 1, 'Live'),
(109, 218, 2.00, 61, 42, 0, 1, 1, 1, 'Live'),
(110, 209, 15.00, 61, 42, 0, 1, 1, 1, 'Live'),
(111, 301, 1.30, 61, 42, 0, 1, 1, 1, 'Live'),
(112, 333, 15.00, 61, 42, 0, 1, 1, 1, 'Live'),
(113, 267, 3.00, 61, 42, 0, 1, 1, 1, 'Live'),
(114, 320, 0.50, 61, 42, 0, 1, 1, 1, 'Live'),
(115, 98, 10.00, 61, 42, 0, 1, 1, 1, 'Live'),
(116, 12, 10.00, 61, 42, 0, 1, 1, 1, 'Live'),
(117, 250, 20.00, 61, 42, 0, 1, 1, 1, 'Live'),
(118, 16, 60.00, 61, 42, 0, 1, 1, 1, 'Live'),
(119, 218, 2.00, 61, 42, 0, 1, 1, 1, 'Live'),
(120, 209, 15.00, 61, 42, 0, 1, 1, 1, 'Live'),
(121, 301, 1.30, 61, 42, 0, 1, 1, 1, 'Live'),
(122, 322, 10.00, 61, 42, 0, 83, 1, 1, 'Live'),
(123, 320, 0.20, 61, 42, 0, 83, 1, 1, 'Live'),
(124, 326, 15.00, 61, 42, 0, 83, 1, 1, 'Live'),
(125, 100, 5.00, 61, 42, 0, 83, 1, 1, 'Live'),
(126, 323, 20.00, 61, 42, 0, 83, 1, 1, 'Live'),
(127, 315, 0.50, 61, 42, 0, 83, 1, 1, 'Live'),
(128, 344, 600.00, 61, 42, 0, 145, 1, 1, 'Live'),
(129, 59, 3.00, 61, 42, 0, 145, 1, 1, 'Live'),
(130, 322, 10.00, 62, 43, 0, 84, 1, 1, 'Live'),
(131, 320, 0.20, 62, 43, 0, 84, 1, 1, 'Live'),
(132, 51, 20.00, 62, 43, 0, 84, 1, 1, 'Live'),
(133, 326, 15.00, 62, 43, 0, 84, 1, 1, 'Live'),
(134, 227, 25.00, 62, 43, 0, 84, 1, 1, 'Live'),
(135, 53, 5.00, 62, 43, 0, 84, 1, 1, 'Live'),
(136, 323, 20.00, 62, 43, 0, 84, 1, 1, 'Live'),
(137, 321, 0.25, 62, 43, 0, 84, 1, 1, 'Live'),
(138, 320, 0.40, 62, 43, 0, 85, 1, 1, 'Live'),
(139, 326, 15.00, 62, 43, 0, 85, 1, 1, 'Live'),
(140, 227, 25.00, 62, 43, 0, 85, 1, 1, 'Live'),
(141, 100, 5.00, 62, 43, 0, 85, 1, 1, 'Live'),
(142, 323, 50.00, 62, 43, 0, 85, 1, 1, 'Live'),
(143, 212, 60.00, 62, 43, 0, 85, 1, 1, 'Live'),
(144, 333, 15.00, 62, 43, 0, 1, 1, 1, 'Live'),
(145, 267, 3.00, 62, 43, 0, 1, 1, 1, 'Live'),
(146, 320, 0.50, 62, 43, 0, 1, 1, 1, 'Live'),
(147, 98, 10.00, 62, 43, 0, 1, 1, 1, 'Live'),
(148, 12, 10.00, 62, 43, 0, 1, 1, 1, 'Live'),
(149, 250, 20.00, 62, 43, 0, 1, 1, 1, 'Live'),
(150, 16, 60.00, 62, 43, 0, 1, 1, 1, 'Live'),
(151, 218, 2.00, 62, 43, 0, 1, 1, 1, 'Live'),
(152, 209, 15.00, 62, 43, 0, 1, 1, 1, 'Live'),
(153, 301, 1.30, 62, 43, 0, 1, 1, 1, 'Live'),
(154, 333, 10.00, 62, 43, 0, 2, 1, 1, 'Live'),
(155, 267, 3.00, 62, 43, 0, 2, 1, 1, 'Live'),
(156, 320, 0.25, 62, 43, 0, 2, 1, 1, 'Live'),
(157, 12, 10.00, 62, 43, 0, 2, 1, 1, 'Live'),
(158, 250, 10.00, 62, 43, 0, 2, 1, 1, 'Live'),
(159, 17, 5.00, 62, 43, 0, 2, 1, 1, 'Live'),
(160, 323, 20.00, 62, 43, 0, 2, 1, 1, 'Live'),
(161, 16, 55.00, 62, 43, 0, 2, 1, 1, 'Live'),
(162, 209, 10.00, 62, 43, 0, 2, 1, 1, 'Live'),
(163, 301, 0.30, 62, 43, 0, 2, 1, 1, 'Live'),
(164, 204, 83.50, 62, 43, 0, 2, 1, 1, 'Live'),
(165, 190, 50.00, 62, 43, 0, 2, 1, 1, 'Live'),
(166, 344, 600.00, 62, 43, 0, 145, 1, 1, 'Live'),
(167, 59, 3.00, 62, 43, 0, 145, 1, 1, 'Live'),
(168, 186, 30.00, 62, 43, 0, 7, 1, 1, 'Live'),
(169, 246, 100.00, 62, 43, 0, 7, 1, 1, 'Live'),
(170, 22, 20.00, 62, 43, 0, 7, 1, 1, 'Live'),
(171, 186, 30.00, 62, 43, 0, 6, 1, 1, 'Live'),
(172, 246, 100.00, 62, 43, 0, 6, 1, 1, 'Live'),
(173, 186, 30.00, 62, 43, 0, 5, 1, 1, 'Live'),
(174, 246, 100.00, 62, 43, 0, 5, 1, 1, 'Live'),
(175, 299, 20.00, 62, 43, 0, 5, 1, 1, 'Live'),
(176, 322, 10.00, 63, 44, 0, 84, 1, 1, 'Live'),
(177, 320, 0.20, 63, 44, 0, 84, 1, 1, 'Live'),
(178, 51, 20.00, 63, 44, 0, 84, 1, 1, 'Live'),
(179, 326, 15.00, 63, 44, 0, 84, 1, 1, 'Live'),
(180, 227, 25.00, 63, 44, 0, 84, 1, 1, 'Live'),
(181, 53, 5.00, 63, 44, 0, 84, 1, 1, 'Live'),
(182, 323, 20.00, 63, 44, 0, 84, 1, 1, 'Live'),
(183, 321, 0.25, 63, 44, 0, 84, 1, 1, 'Live'),
(184, 320, 0.40, 63, 44, 0, 85, 1, 1, 'Live'),
(185, 326, 15.00, 63, 44, 0, 85, 1, 1, 'Live'),
(186, 227, 25.00, 63, 44, 0, 85, 1, 1, 'Live'),
(187, 100, 5.00, 63, 44, 0, 85, 1, 1, 'Live'),
(188, 323, 50.00, 63, 44, 0, 85, 1, 1, 'Live'),
(189, 212, 60.00, 63, 44, 0, 85, 1, 1, 'Live'),
(190, 333, 15.00, 63, 44, 0, 1, 1, 1, 'Live'),
(191, 267, 3.00, 63, 44, 0, 1, 1, 1, 'Live'),
(192, 320, 0.50, 63, 44, 0, 1, 1, 1, 'Live'),
(193, 98, 10.00, 63, 44, 0, 1, 1, 1, 'Live'),
(194, 12, 10.00, 63, 44, 0, 1, 1, 1, 'Live'),
(195, 250, 20.00, 63, 44, 0, 1, 1, 1, 'Live'),
(196, 16, 60.00, 63, 44, 0, 1, 1, 1, 'Live'),
(197, 218, 2.00, 63, 44, 0, 1, 1, 1, 'Live'),
(198, 209, 15.00, 63, 44, 0, 1, 1, 1, 'Live'),
(199, 301, 1.30, 63, 44, 0, 1, 1, 1, 'Live'),
(200, 333, 10.00, 63, 44, 0, 2, 1, 1, 'Live'),
(201, 267, 3.00, 63, 44, 0, 2, 1, 1, 'Live'),
(202, 320, 0.25, 63, 44, 0, 2, 1, 1, 'Live'),
(203, 12, 10.00, 63, 44, 0, 2, 1, 1, 'Live'),
(204, 250, 10.00, 63, 44, 0, 2, 1, 1, 'Live'),
(205, 17, 5.00, 63, 44, 0, 2, 1, 1, 'Live'),
(206, 323, 20.00, 63, 44, 0, 2, 1, 1, 'Live'),
(207, 16, 55.00, 63, 44, 0, 2, 1, 1, 'Live'),
(208, 209, 10.00, 63, 44, 0, 2, 1, 1, 'Live'),
(209, 301, 0.30, 63, 44, 0, 2, 1, 1, 'Live'),
(210, 204, 83.50, 63, 44, 0, 2, 1, 1, 'Live'),
(211, 190, 50.00, 63, 44, 0, 2, 1, 1, 'Live'),
(212, 320, 0.40, 64, 45, 0, 85, 1, 1, 'Live'),
(213, 326, 15.00, 64, 45, 0, 85, 1, 1, 'Live'),
(214, 227, 25.00, 64, 45, 0, 85, 1, 1, 'Live'),
(215, 100, 5.00, 64, 45, 0, 85, 1, 1, 'Live'),
(216, 323, 50.00, 64, 45, 0, 85, 1, 1, 'Live'),
(217, 212, 60.00, 64, 45, 0, 85, 1, 1, 'Live'),
(218, 320, 0.40, 64, 45, 0, 85, 1, 1, 'Live'),
(219, 326, 15.00, 64, 45, 0, 85, 1, 1, 'Live'),
(220, 227, 25.00, 64, 45, 0, 85, 1, 1, 'Live'),
(221, 100, 5.00, 64, 45, 0, 85, 1, 1, 'Live'),
(222, 323, 50.00, 64, 45, 0, 85, 1, 1, 'Live'),
(223, 212, 60.00, 64, 45, 0, 85, 1, 1, 'Live'),
(224, 322, 10.00, 65, 46, 0, 84, 1, 1, 'Live'),
(225, 320, 0.20, 65, 46, 0, 84, 1, 1, 'Live'),
(226, 51, 20.00, 65, 46, 0, 84, 1, 1, 'Live'),
(227, 326, 15.00, 65, 46, 0, 84, 1, 1, 'Live'),
(228, 227, 25.00, 65, 46, 0, 84, 1, 1, 'Live'),
(229, 53, 5.00, 65, 46, 0, 84, 1, 1, 'Live'),
(230, 323, 20.00, 65, 46, 0, 84, 1, 1, 'Live'),
(231, 321, 0.25, 65, 46, 0, 84, 1, 1, 'Live'),
(232, 320, 0.40, 65, 46, 0, 85, 1, 1, 'Live'),
(233, 326, 15.00, 65, 46, 0, 85, 1, 1, 'Live'),
(234, 227, 25.00, 65, 46, 0, 85, 1, 1, 'Live'),
(235, 100, 5.00, 65, 46, 0, 85, 1, 1, 'Live'),
(236, 323, 50.00, 65, 46, 0, 85, 1, 1, 'Live'),
(237, 212, 60.00, 65, 46, 0, 85, 1, 1, 'Live'),
(238, 333, 15.00, 65, 46, 0, 1, 1, 1, 'Live'),
(239, 267, 3.00, 65, 46, 0, 1, 1, 1, 'Live'),
(240, 320, 0.50, 65, 46, 0, 1, 1, 1, 'Live'),
(241, 98, 10.00, 65, 46, 0, 1, 1, 1, 'Live'),
(242, 12, 10.00, 65, 46, 0, 1, 1, 1, 'Live'),
(243, 250, 20.00, 65, 46, 0, 1, 1, 1, 'Live'),
(244, 16, 60.00, 65, 46, 0, 1, 1, 1, 'Live'),
(245, 218, 2.00, 65, 46, 0, 1, 1, 1, 'Live'),
(246, 209, 15.00, 65, 46, 0, 1, 1, 1, 'Live'),
(247, 301, 1.30, 65, 46, 0, 1, 1, 1, 'Live'),
(248, 333, 10.00, 65, 46, 0, 2, 1, 1, 'Live'),
(249, 267, 3.00, 65, 46, 0, 2, 1, 1, 'Live'),
(250, 320, 0.25, 65, 46, 0, 2, 1, 1, 'Live'),
(251, 12, 10.00, 65, 46, 0, 2, 1, 1, 'Live'),
(252, 250, 10.00, 65, 46, 0, 2, 1, 1, 'Live'),
(253, 17, 5.00, 65, 46, 0, 2, 1, 1, 'Live'),
(254, 323, 20.00, 65, 46, 0, 2, 1, 1, 'Live'),
(255, 16, 55.00, 65, 46, 0, 2, 1, 1, 'Live'),
(256, 209, 10.00, 65, 46, 0, 2, 1, 1, 'Live'),
(257, 301, 0.30, 65, 46, 0, 2, 1, 1, 'Live'),
(258, 204, 83.50, 65, 46, 0, 2, 1, 1, 'Live'),
(259, 190, 50.00, 65, 46, 0, 2, 1, 1, 'Live'),
(260, 322, 10.00, 66, 47, 0, 84, 1, 1, 'Live'),
(261, 320, 0.20, 66, 47, 0, 84, 1, 1, 'Live'),
(262, 51, 20.00, 66, 47, 0, 84, 1, 1, 'Live'),
(263, 326, 15.00, 66, 47, 0, 84, 1, 1, 'Live'),
(264, 227, 25.00, 66, 47, 0, 84, 1, 1, 'Live'),
(265, 53, 5.00, 66, 47, 0, 84, 1, 1, 'Live'),
(266, 323, 20.00, 66, 47, 0, 84, 1, 1, 'Live'),
(267, 321, 0.25, 66, 47, 0, 84, 1, 1, 'Live'),
(268, 320, 0.40, 66, 47, 0, 85, 1, 1, 'Live'),
(269, 326, 15.00, 66, 47, 0, 85, 1, 1, 'Live'),
(270, 227, 25.00, 66, 47, 0, 85, 1, 1, 'Live'),
(271, 100, 5.00, 66, 47, 0, 85, 1, 1, 'Live'),
(272, 323, 50.00, 66, 47, 0, 85, 1, 1, 'Live'),
(273, 212, 60.00, 66, 47, 0, 85, 1, 1, 'Live'),
(274, 322, 10.00, 67, 48, 0, 84, 1, 1, 'Live'),
(275, 320, 0.20, 67, 48, 0, 84, 1, 1, 'Live'),
(276, 51, 20.00, 67, 48, 0, 84, 1, 1, 'Live'),
(277, 326, 15.00, 67, 48, 0, 84, 1, 1, 'Live'),
(278, 227, 25.00, 67, 48, 0, 84, 1, 1, 'Live'),
(279, 53, 5.00, 67, 48, 0, 84, 1, 1, 'Live'),
(280, 323, 20.00, 67, 48, 0, 84, 1, 1, 'Live'),
(281, 321, 0.25, 67, 48, 0, 84, 1, 1, 'Live'),
(282, 322, 10.00, 68, 49, 0, 84, 1, 1, 'Live'),
(283, 320, 0.20, 68, 49, 0, 84, 1, 1, 'Live'),
(284, 51, 20.00, 68, 49, 0, 84, 1, 1, 'Live'),
(285, 326, 15.00, 68, 49, 0, 84, 1, 1, 'Live'),
(286, 227, 25.00, 68, 49, 0, 84, 1, 1, 'Live'),
(287, 53, 5.00, 68, 49, 0, 84, 1, 1, 'Live'),
(288, 323, 20.00, 68, 49, 0, 84, 1, 1, 'Live'),
(289, 321, 0.25, 68, 49, 0, 84, 1, 1, 'Live'),
(290, 320, 0.40, 68, 49, 0, 85, 1, 1, 'Live'),
(291, 326, 15.00, 68, 49, 0, 85, 1, 1, 'Live'),
(292, 227, 25.00, 68, 49, 0, 85, 1, 1, 'Live'),
(293, 100, 5.00, 68, 49, 0, 85, 1, 1, 'Live'),
(294, 323, 50.00, 68, 49, 0, 85, 1, 1, 'Live'),
(295, 212, 60.00, 68, 49, 0, 85, 1, 1, 'Live'),
(296, 333, 10.00, 68, 49, 0, 2, 1, 1, 'Live'),
(297, 267, 3.00, 68, 49, 0, 2, 1, 1, 'Live'),
(298, 320, 0.25, 68, 49, 0, 2, 1, 1, 'Live'),
(299, 12, 10.00, 68, 49, 0, 2, 1, 1, 'Live'),
(300, 250, 10.00, 68, 49, 0, 2, 1, 1, 'Live'),
(301, 17, 5.00, 68, 49, 0, 2, 1, 1, 'Live'),
(302, 323, 20.00, 68, 49, 0, 2, 1, 1, 'Live'),
(303, 16, 55.00, 68, 49, 0, 2, 1, 1, 'Live'),
(304, 209, 10.00, 68, 49, 0, 2, 1, 1, 'Live'),
(305, 301, 0.30, 68, 49, 0, 2, 1, 1, 'Live'),
(306, 204, 83.50, 68, 49, 0, 2, 1, 1, 'Live'),
(307, 190, 50.00, 68, 49, 0, 2, 1, 1, 'Live'),
(308, 322, 10.00, 69, 50, 0, 84, 1, 1, 'Live'),
(309, 320, 0.20, 69, 50, 0, 84, 1, 1, 'Live'),
(310, 51, 20.00, 69, 50, 0, 84, 1, 1, 'Live'),
(311, 326, 15.00, 69, 50, 0, 84, 1, 1, 'Live'),
(312, 227, 25.00, 69, 50, 0, 84, 1, 1, 'Live'),
(313, 53, 5.00, 69, 50, 0, 84, 1, 1, 'Live'),
(314, 323, 20.00, 69, 50, 0, 84, 1, 1, 'Live'),
(315, 321, 0.25, 69, 50, 0, 84, 1, 1, 'Live'),
(316, 320, 0.40, 69, 50, 0, 85, 1, 1, 'Live'),
(317, 326, 15.00, 69, 50, 0, 85, 1, 1, 'Live'),
(318, 227, 25.00, 69, 50, 0, 85, 1, 1, 'Live'),
(319, 100, 5.00, 69, 50, 0, 85, 1, 1, 'Live'),
(320, 323, 50.00, 69, 50, 0, 85, 1, 1, 'Live'),
(321, 212, 60.00, 69, 50, 0, 85, 1, 1, 'Live'),
(322, 333, 10.00, 69, 50, 0, 2, 1, 1, 'Live'),
(323, 267, 3.00, 69, 50, 0, 2, 1, 1, 'Live'),
(324, 320, 0.25, 69, 50, 0, 2, 1, 1, 'Live'),
(325, 12, 10.00, 69, 50, 0, 2, 1, 1, 'Live'),
(326, 250, 10.00, 69, 50, 0, 2, 1, 1, 'Live'),
(327, 17, 5.00, 69, 50, 0, 2, 1, 1, 'Live'),
(328, 323, 20.00, 69, 50, 0, 2, 1, 1, 'Live'),
(329, 16, 55.00, 69, 50, 0, 2, 1, 1, 'Live'),
(330, 209, 10.00, 69, 50, 0, 2, 1, 1, 'Live'),
(331, 301, 0.30, 69, 50, 0, 2, 1, 1, 'Live'),
(332, 204, 83.50, 69, 50, 0, 2, 1, 1, 'Live'),
(333, 190, 50.00, 69, 50, 0, 2, 1, 1, 'Live'),
(334, 322, 10.00, 70, 51, 0, 84, 1, 1, 'Live'),
(335, 320, 0.20, 70, 51, 0, 84, 1, 1, 'Live'),
(336, 51, 20.00, 70, 51, 0, 84, 1, 1, 'Live'),
(337, 326, 15.00, 70, 51, 0, 84, 1, 1, 'Live'),
(338, 227, 25.00, 70, 51, 0, 84, 1, 1, 'Live'),
(339, 53, 5.00, 70, 51, 0, 84, 1, 1, 'Live'),
(340, 323, 20.00, 70, 51, 0, 84, 1, 1, 'Live'),
(341, 321, 0.25, 70, 51, 0, 84, 1, 1, 'Live'),
(342, 320, 0.40, 70, 51, 0, 85, 1, 1, 'Live'),
(343, 326, 15.00, 70, 51, 0, 85, 1, 1, 'Live'),
(344, 227, 25.00, 70, 51, 0, 85, 1, 1, 'Live'),
(345, 100, 5.00, 70, 51, 0, 85, 1, 1, 'Live'),
(346, 323, 50.00, 70, 51, 0, 85, 1, 1, 'Live'),
(347, 212, 60.00, 70, 51, 0, 85, 1, 1, 'Live'),
(348, 333, 10.00, 70, 51, 0, 2, 1, 1, 'Live'),
(349, 267, 3.00, 70, 51, 0, 2, 1, 1, 'Live'),
(350, 320, 0.25, 70, 51, 0, 2, 1, 1, 'Live'),
(351, 12, 10.00, 70, 51, 0, 2, 1, 1, 'Live'),
(352, 250, 10.00, 70, 51, 0, 2, 1, 1, 'Live'),
(353, 17, 5.00, 70, 51, 0, 2, 1, 1, 'Live'),
(354, 323, 20.00, 70, 51, 0, 2, 1, 1, 'Live'),
(355, 16, 55.00, 70, 51, 0, 2, 1, 1, 'Live'),
(356, 209, 10.00, 70, 51, 0, 2, 1, 1, 'Live'),
(357, 301, 0.30, 70, 51, 0, 2, 1, 1, 'Live'),
(358, 204, 83.50, 70, 51, 0, 2, 1, 1, 'Live'),
(359, 190, 50.00, 70, 51, 0, 2, 1, 1, 'Live'),
(360, 322, 10.00, 71, 52, 0, 84, 1, 1, 'Live'),
(361, 320, 0.20, 71, 52, 0, 84, 1, 1, 'Live'),
(362, 51, 20.00, 71, 52, 0, 84, 1, 1, 'Live'),
(363, 326, 15.00, 71, 52, 0, 84, 1, 1, 'Live'),
(364, 227, 25.00, 71, 52, 0, 84, 1, 1, 'Live'),
(365, 53, 5.00, 71, 52, 0, 84, 1, 1, 'Live'),
(366, 323, 20.00, 71, 52, 0, 84, 1, 1, 'Live'),
(367, 321, 0.25, 71, 52, 0, 84, 1, 1, 'Live'),
(368, 320, 0.40, 71, 52, 0, 85, 1, 1, 'Live'),
(369, 326, 15.00, 71, 52, 0, 85, 1, 1, 'Live'),
(370, 227, 25.00, 71, 52, 0, 85, 1, 1, 'Live'),
(371, 100, 5.00, 71, 52, 0, 85, 1, 1, 'Live'),
(372, 323, 50.00, 71, 52, 0, 85, 1, 1, 'Live'),
(373, 212, 60.00, 71, 52, 0, 85, 1, 1, 'Live'),
(374, 333, 15.00, 71, 52, 0, 1, 1, 1, 'Live'),
(375, 267, 3.00, 71, 52, 0, 1, 1, 1, 'Live'),
(376, 320, 0.50, 71, 52, 0, 1, 1, 1, 'Live'),
(377, 98, 10.00, 71, 52, 0, 1, 1, 1, 'Live'),
(378, 12, 10.00, 71, 52, 0, 1, 1, 1, 'Live'),
(379, 250, 20.00, 71, 52, 0, 1, 1, 1, 'Live'),
(380, 16, 60.00, 71, 52, 0, 1, 1, 1, 'Live'),
(381, 218, 2.00, 71, 52, 0, 1, 1, 1, 'Live'),
(382, 209, 15.00, 71, 52, 0, 1, 1, 1, 'Live'),
(383, 301, 1.30, 71, 52, 0, 1, 1, 1, 'Live'),
(384, 322, 10.00, 71, 52, 0, 84, 1, 1, 'Live'),
(385, 320, 0.20, 71, 52, 0, 84, 1, 1, 'Live'),
(386, 51, 20.00, 71, 52, 0, 84, 1, 1, 'Live'),
(387, 326, 15.00, 71, 52, 0, 84, 1, 1, 'Live'),
(388, 227, 25.00, 71, 52, 0, 84, 1, 1, 'Live'),
(389, 53, 5.00, 71, 52, 0, 84, 1, 1, 'Live'),
(390, 323, 20.00, 71, 52, 0, 84, 1, 1, 'Live'),
(391, 321, 0.25, 71, 52, 0, 84, 1, 1, 'Live'),
(392, 320, 0.40, 71, 52, 0, 85, 1, 1, 'Live'),
(393, 326, 15.00, 71, 52, 0, 85, 1, 1, 'Live'),
(394, 227, 25.00, 71, 52, 0, 85, 1, 1, 'Live'),
(395, 100, 5.00, 71, 52, 0, 85, 1, 1, 'Live'),
(396, 323, 50.00, 71, 52, 0, 85, 1, 1, 'Live'),
(397, 212, 60.00, 71, 52, 0, 85, 1, 1, 'Live'),
(398, 322, 10.00, 72, 53, 0, 84, 1, 1, 'Live'),
(399, 320, 0.20, 72, 53, 0, 84, 1, 1, 'Live'),
(400, 51, 20.00, 72, 53, 0, 84, 1, 1, 'Live'),
(401, 326, 15.00, 72, 53, 0, 84, 1, 1, 'Live'),
(402, 227, 25.00, 72, 53, 0, 84, 1, 1, 'Live'),
(403, 53, 5.00, 72, 53, 0, 84, 1, 1, 'Live'),
(404, 323, 20.00, 72, 53, 0, 84, 1, 1, 'Live'),
(405, 321, 0.25, 72, 53, 0, 84, 1, 1, 'Live'),
(406, 320, 0.40, 72, 53, 0, 85, 1, 1, 'Live'),
(407, 326, 15.00, 72, 53, 0, 85, 1, 1, 'Live'),
(408, 227, 25.00, 72, 53, 0, 85, 1, 1, 'Live'),
(409, 100, 5.00, 72, 53, 0, 85, 1, 1, 'Live'),
(410, 323, 50.00, 72, 53, 0, 85, 1, 1, 'Live'),
(411, 212, 60.00, 72, 53, 0, 85, 1, 1, 'Live'),
(412, 333, 15.00, 72, 53, 0, 1, 1, 1, 'Live'),
(413, 267, 3.00, 72, 53, 0, 1, 1, 1, 'Live'),
(414, 320, 0.50, 72, 53, 0, 1, 1, 1, 'Live'),
(415, 98, 10.00, 72, 53, 0, 1, 1, 1, 'Live'),
(416, 12, 10.00, 72, 53, 0, 1, 1, 1, 'Live'),
(417, 250, 20.00, 72, 53, 0, 1, 1, 1, 'Live'),
(418, 16, 60.00, 72, 53, 0, 1, 1, 1, 'Live'),
(419, 218, 2.00, 72, 53, 0, 1, 1, 1, 'Live'),
(420, 209, 15.00, 72, 53, 0, 1, 1, 1, 'Live'),
(421, 301, 1.30, 72, 53, 0, 1, 1, 1, 'Live'),
(422, 333, 10.00, 72, 53, 0, 2, 1, 1, 'Live'),
(423, 267, 3.00, 72, 53, 0, 2, 1, 1, 'Live'),
(424, 320, 0.25, 72, 53, 0, 2, 1, 1, 'Live'),
(425, 12, 10.00, 72, 53, 0, 2, 1, 1, 'Live'),
(426, 250, 10.00, 72, 53, 0, 2, 1, 1, 'Live'),
(427, 17, 5.00, 72, 53, 0, 2, 1, 1, 'Live'),
(428, 323, 20.00, 72, 53, 0, 2, 1, 1, 'Live'),
(429, 16, 55.00, 72, 53, 0, 2, 1, 1, 'Live'),
(430, 209, 10.00, 72, 53, 0, 2, 1, 1, 'Live'),
(431, 301, 0.30, 72, 53, 0, 2, 1, 1, 'Live'),
(432, 204, 83.50, 72, 53, 0, 2, 1, 1, 'Live'),
(433, 190, 50.00, 72, 53, 0, 2, 1, 1, 'Live'),
(434, 322, 10.00, 73, 54, 0, 84, 1, 1, 'Live'),
(435, 320, 0.20, 73, 54, 0, 84, 1, 1, 'Live'),
(436, 51, 20.00, 73, 54, 0, 84, 1, 1, 'Live'),
(437, 326, 15.00, 73, 54, 0, 84, 1, 1, 'Live'),
(438, 227, 25.00, 73, 54, 0, 84, 1, 1, 'Live'),
(439, 53, 5.00, 73, 54, 0, 84, 1, 1, 'Live'),
(440, 323, 20.00, 73, 54, 0, 84, 1, 1, 'Live'),
(441, 321, 0.25, 73, 54, 0, 84, 1, 1, 'Live'),
(442, 320, 0.40, 73, 54, 0, 85, 1, 1, 'Live'),
(443, 326, 15.00, 73, 54, 0, 85, 1, 1, 'Live'),
(444, 227, 25.00, 73, 54, 0, 85, 1, 1, 'Live'),
(445, 100, 5.00, 73, 54, 0, 85, 1, 1, 'Live'),
(446, 323, 50.00, 73, 54, 0, 85, 1, 1, 'Live'),
(447, 212, 60.00, 73, 54, 0, 85, 1, 1, 'Live'),
(448, 333, 15.00, 73, 54, 0, 1, 1, 1, 'Live'),
(449, 267, 3.00, 73, 54, 0, 1, 1, 1, 'Live'),
(450, 320, 0.50, 73, 54, 0, 1, 1, 1, 'Live'),
(451, 98, 10.00, 73, 54, 0, 1, 1, 1, 'Live'),
(452, 12, 10.00, 73, 54, 0, 1, 1, 1, 'Live'),
(453, 250, 20.00, 73, 54, 0, 1, 1, 1, 'Live'),
(454, 16, 60.00, 73, 54, 0, 1, 1, 1, 'Live'),
(455, 218, 2.00, 73, 54, 0, 1, 1, 1, 'Live'),
(456, 209, 15.00, 73, 54, 0, 1, 1, 1, 'Live'),
(457, 301, 1.30, 73, 54, 0, 1, 1, 1, 'Live'),
(458, 333, 10.00, 73, 54, 0, 2, 1, 1, 'Live'),
(459, 267, 3.00, 73, 54, 0, 2, 1, 1, 'Live'),
(460, 320, 0.25, 73, 54, 0, 2, 1, 1, 'Live'),
(461, 12, 10.00, 73, 54, 0, 2, 1, 1, 'Live'),
(462, 250, 10.00, 73, 54, 0, 2, 1, 1, 'Live'),
(463, 17, 5.00, 73, 54, 0, 2, 1, 1, 'Live'),
(464, 323, 20.00, 73, 54, 0, 2, 1, 1, 'Live'),
(465, 16, 55.00, 73, 54, 0, 2, 1, 1, 'Live'),
(466, 209, 10.00, 73, 54, 0, 2, 1, 1, 'Live'),
(467, 301, 0.30, 73, 54, 0, 2, 1, 1, 'Live'),
(468, 204, 83.50, 73, 54, 0, 2, 1, 1, 'Live'),
(469, 190, 50.00, 73, 54, 0, 2, 1, 1, 'Live'),
(470, 322, 10.00, 74, 55, 0, 84, 1, 1, 'Live'),
(471, 320, 0.20, 74, 55, 0, 84, 1, 1, 'Live'),
(472, 51, 20.00, 74, 55, 0, 84, 1, 1, 'Live'),
(473, 326, 15.00, 74, 55, 0, 84, 1, 1, 'Live'),
(474, 227, 25.00, 74, 55, 0, 84, 1, 1, 'Live'),
(475, 53, 5.00, 74, 55, 0, 84, 1, 1, 'Live'),
(476, 323, 20.00, 74, 55, 0, 84, 1, 1, 'Live'),
(477, 321, 0.25, 74, 55, 0, 84, 1, 1, 'Live'),
(478, 320, 0.40, 74, 55, 0, 85, 1, 1, 'Live'),
(479, 326, 15.00, 74, 55, 0, 85, 1, 1, 'Live'),
(480, 227, 25.00, 74, 55, 0, 85, 1, 1, 'Live'),
(481, 100, 5.00, 74, 55, 0, 85, 1, 1, 'Live'),
(482, 323, 50.00, 74, 55, 0, 85, 1, 1, 'Live'),
(483, 212, 60.00, 74, 55, 0, 85, 1, 1, 'Live'),
(484, 333, 15.00, 74, 55, 0, 1, 1, 1, 'Live'),
(485, 267, 3.00, 74, 55, 0, 1, 1, 1, 'Live'),
(486, 320, 0.50, 74, 55, 0, 1, 1, 1, 'Live'),
(487, 98, 10.00, 74, 55, 0, 1, 1, 1, 'Live'),
(488, 12, 10.00, 74, 55, 0, 1, 1, 1, 'Live'),
(489, 250, 20.00, 74, 55, 0, 1, 1, 1, 'Live'),
(490, 16, 60.00, 74, 55, 0, 1, 1, 1, 'Live'),
(491, 218, 2.00, 74, 55, 0, 1, 1, 1, 'Live'),
(492, 209, 15.00, 74, 55, 0, 1, 1, 1, 'Live'),
(493, 301, 1.30, 74, 55, 0, 1, 1, 1, 'Live'),
(494, 322, 10.00, 75, 56, 0, 83, 1, 1, 'Live'),
(495, 320, 0.20, 75, 56, 0, 83, 1, 1, 'Live'),
(496, 326, 15.00, 75, 56, 0, 83, 1, 1, 'Live'),
(497, 100, 5.00, 75, 56, 0, 83, 1, 1, 'Live'),
(498, 323, 20.00, 75, 56, 0, 83, 1, 1, 'Live'),
(499, 315, 0.50, 75, 56, 0, 83, 1, 1, 'Live'),
(500, 344, 600.00, 75, 56, 0, 145, 1, 1, 'Live'),
(501, 59, 3.00, 75, 56, 0, 145, 1, 1, 'Live'),
(502, 333, 10.00, 75, 56, 0, 2, 1, 1, 'Live'),
(503, 267, 3.00, 75, 56, 0, 2, 1, 1, 'Live'),
(504, 320, 0.25, 75, 56, 0, 2, 1, 1, 'Live'),
(505, 12, 10.00, 75, 56, 0, 2, 1, 1, 'Live'),
(506, 250, 10.00, 75, 56, 0, 2, 1, 1, 'Live'),
(507, 17, 5.00, 75, 56, 0, 2, 1, 1, 'Live'),
(508, 323, 20.00, 75, 56, 0, 2, 1, 1, 'Live'),
(509, 16, 55.00, 75, 56, 0, 2, 1, 1, 'Live'),
(510, 209, 10.00, 75, 56, 0, 2, 1, 1, 'Live'),
(511, 301, 0.30, 75, 56, 0, 2, 1, 1, 'Live'),
(512, 204, 83.50, 75, 56, 0, 2, 1, 1, 'Live'),
(513, 190, 50.00, 75, 56, 0, 2, 1, 1, 'Live'),
(514, 333, 15.00, 75, 56, 0, 1, 1, 1, 'Live'),
(515, 267, 3.00, 75, 56, 0, 1, 1, 1, 'Live'),
(516, 320, 0.50, 75, 56, 0, 1, 1, 1, 'Live'),
(517, 98, 10.00, 75, 56, 0, 1, 1, 1, 'Live'),
(518, 12, 10.00, 75, 56, 0, 1, 1, 1, 'Live'),
(519, 250, 20.00, 75, 56, 0, 1, 1, 1, 'Live'),
(520, 16, 60.00, 75, 56, 0, 1, 1, 1, 'Live'),
(521, 218, 2.00, 75, 56, 0, 1, 1, 1, 'Live'),
(522, 209, 15.00, 75, 56, 0, 1, 1, 1, 'Live'),
(523, 301, 1.30, 75, 56, 0, 1, 1, 1, 'Live'),
(524, 333, 10.00, 75, 56, 0, 2, 1, 1, 'Live'),
(525, 267, 3.00, 75, 56, 0, 2, 1, 1, 'Live'),
(526, 320, 0.25, 75, 56, 0, 2, 1, 1, 'Live'),
(527, 12, 10.00, 75, 56, 0, 2, 1, 1, 'Live'),
(528, 250, 10.00, 75, 56, 0, 2, 1, 1, 'Live'),
(529, 17, 5.00, 75, 56, 0, 2, 1, 1, 'Live'),
(530, 323, 20.00, 75, 56, 0, 2, 1, 1, 'Live'),
(531, 16, 55.00, 75, 56, 0, 2, 1, 1, 'Live'),
(532, 209, 10.00, 75, 56, 0, 2, 1, 1, 'Live'),
(533, 301, 0.30, 75, 56, 0, 2, 1, 1, 'Live'),
(534, 204, 83.50, 75, 56, 0, 2, 1, 1, 'Live'),
(535, 190, 50.00, 75, 56, 0, 2, 1, 1, 'Live'),
(536, 344, 600.00, 75, 56, 0, 145, 1, 1, 'Live'),
(537, 59, 3.00, 75, 56, 0, 145, 1, 1, 'Live'),
(538, 344, 600.00, 75, 56, 0, 145, 1, 1, 'Live'),
(539, 59, 3.00, 75, 56, 0, 145, 1, 1, 'Live'),
(540, 333, 10.00, 75, 56, 0, 2, 1, 1, 'Live'),
(541, 267, 3.00, 75, 56, 0, 2, 1, 1, 'Live'),
(542, 320, 0.25, 75, 56, 0, 2, 1, 1, 'Live'),
(543, 12, 10.00, 75, 56, 0, 2, 1, 1, 'Live'),
(544, 250, 10.00, 75, 56, 0, 2, 1, 1, 'Live'),
(545, 17, 5.00, 75, 56, 0, 2, 1, 1, 'Live'),
(546, 323, 20.00, 75, 56, 0, 2, 1, 1, 'Live'),
(547, 16, 55.00, 75, 56, 0, 2, 1, 1, 'Live'),
(548, 209, 10.00, 75, 56, 0, 2, 1, 1, 'Live'),
(549, 301, 0.30, 75, 56, 0, 2, 1, 1, 'Live'),
(550, 204, 83.50, 75, 56, 0, 2, 1, 1, 'Live'),
(551, 190, 50.00, 75, 56, 0, 2, 1, 1, 'Live'),
(552, 333, 15.00, 75, 56, 0, 1, 1, 1, 'Live'),
(553, 267, 3.00, 75, 56, 0, 1, 1, 1, 'Live'),
(554, 320, 0.50, 75, 56, 0, 1, 1, 1, 'Live'),
(555, 98, 10.00, 75, 56, 0, 1, 1, 1, 'Live'),
(556, 12, 10.00, 75, 56, 0, 1, 1, 1, 'Live'),
(557, 250, 20.00, 75, 56, 0, 1, 1, 1, 'Live'),
(558, 16, 60.00, 75, 56, 0, 1, 1, 1, 'Live'),
(559, 218, 2.00, 75, 56, 0, 1, 1, 1, 'Live'),
(560, 209, 15.00, 75, 56, 0, 1, 1, 1, 'Live'),
(561, 301, 1.30, 75, 56, 0, 1, 1, 1, 'Live'),
(562, 333, 15.00, 75, 56, 0, 1, 1, 1, 'Live'),
(563, 267, 3.00, 75, 56, 0, 1, 1, 1, 'Live'),
(564, 320, 0.50, 75, 56, 0, 1, 1, 1, 'Live'),
(565, 98, 10.00, 75, 56, 0, 1, 1, 1, 'Live'),
(566, 12, 10.00, 75, 56, 0, 1, 1, 1, 'Live'),
(567, 250, 20.00, 75, 56, 0, 1, 1, 1, 'Live'),
(568, 16, 60.00, 75, 56, 0, 1, 1, 1, 'Live'),
(569, 218, 2.00, 75, 56, 0, 1, 1, 1, 'Live'),
(570, 209, 15.00, 75, 56, 0, 1, 1, 1, 'Live'),
(571, 301, 1.30, 75, 56, 0, 1, 1, 1, 'Live'),
(572, 322, 10.00, 75, 56, 0, 84, 1, 1, 'Live'),
(573, 320, 0.20, 75, 56, 0, 84, 1, 1, 'Live'),
(574, 51, 20.00, 75, 56, 0, 84, 1, 1, 'Live'),
(575, 326, 15.00, 75, 56, 0, 84, 1, 1, 'Live'),
(576, 227, 25.00, 75, 56, 0, 84, 1, 1, 'Live'),
(577, 53, 5.00, 75, 56, 0, 84, 1, 1, 'Live'),
(578, 323, 20.00, 75, 56, 0, 84, 1, 1, 'Live'),
(579, 321, 0.25, 75, 56, 0, 84, 1, 1, 'Live'),
(586, 320, 0.40, 77, 57, 0, 85, 1, 1, 'Live'),
(587, 326, 15.00, 77, 57, 0, 85, 1, 1, 'Live'),
(588, 227, 25.00, 77, 57, 0, 85, 1, 1, 'Live'),
(589, 100, 5.00, 77, 57, 0, 85, 1, 1, 'Live'),
(590, 323, 50.00, 77, 57, 0, 85, 1, 1, 'Live'),
(591, 212, 60.00, 77, 57, 0, 85, 1, 1, 'Live'),
(592, 322, 10.00, 77, 57, 0, 84, 1, 1, 'Live'),
(593, 320, 0.20, 77, 57, 0, 84, 1, 1, 'Live'),
(594, 51, 20.00, 77, 57, 0, 84, 1, 1, 'Live'),
(595, 326, 15.00, 77, 57, 0, 84, 1, 1, 'Live'),
(596, 227, 25.00, 77, 57, 0, 84, 1, 1, 'Live'),
(597, 53, 5.00, 77, 57, 0, 84, 1, 1, 'Live'),
(598, 323, 20.00, 77, 57, 0, 84, 1, 1, 'Live'),
(599, 321, 0.25, 77, 57, 0, 84, 1, 1, 'Live'),
(600, 320, 0.40, 77, 57, 0, 85, 1, 1, 'Live'),
(601, 326, 15.00, 77, 57, 0, 85, 1, 1, 'Live'),
(602, 227, 25.00, 77, 57, 0, 85, 1, 1, 'Live'),
(603, 100, 5.00, 77, 57, 0, 85, 1, 1, 'Live'),
(604, 323, 50.00, 77, 57, 0, 85, 1, 1, 'Live'),
(605, 212, 60.00, 77, 57, 0, 85, 1, 1, 'Live'),
(606, 333, 15.00, 77, 57, 0, 1, 1, 1, 'Live'),
(607, 267, 3.00, 77, 57, 0, 1, 1, 1, 'Live'),
(608, 320, 0.50, 77, 57, 0, 1, 1, 1, 'Live'),
(609, 98, 10.00, 77, 57, 0, 1, 1, 1, 'Live'),
(610, 12, 10.00, 77, 57, 0, 1, 1, 1, 'Live'),
(611, 250, 20.00, 77, 57, 0, 1, 1, 1, 'Live'),
(612, 16, 60.00, 77, 57, 0, 1, 1, 1, 'Live'),
(613, 218, 2.00, 77, 57, 0, 1, 1, 1, 'Live'),
(614, 209, 15.00, 77, 57, 0, 1, 1, 1, 'Live'),
(615, 301, 1.30, 77, 57, 0, 1, 1, 1, 'Live'),
(616, 333, 10.00, 77, 57, 0, 2, 1, 1, 'Live'),
(617, 267, 3.00, 77, 57, 0, 2, 1, 1, 'Live'),
(618, 320, 0.25, 77, 57, 0, 2, 1, 1, 'Live'),
(619, 12, 10.00, 77, 57, 0, 2, 1, 1, 'Live'),
(620, 250, 10.00, 77, 57, 0, 2, 1, 1, 'Live'),
(621, 17, 5.00, 77, 57, 0, 2, 1, 1, 'Live'),
(622, 323, 20.00, 77, 57, 0, 2, 1, 1, 'Live'),
(623, 16, 55.00, 77, 57, 0, 2, 1, 1, 'Live'),
(624, 209, 10.00, 77, 57, 0, 2, 1, 1, 'Live'),
(625, 301, 0.30, 77, 57, 0, 2, 1, 1, 'Live'),
(626, 204, 83.50, 77, 57, 0, 2, 1, 1, 'Live'),
(627, 190, 50.00, 77, 57, 0, 2, 1, 1, 'Live'),
(628, 344, 600.00, 77, 57, 0, 145, 1, 1, 'Live'),
(629, 59, 3.00, 77, 57, 0, 145, 1, 1, 'Live'),
(630, 322, 10.00, 77, 57, 0, 83, 1, 1, 'Live'),
(631, 320, 0.20, 77, 57, 0, 83, 1, 1, 'Live'),
(632, 326, 15.00, 77, 57, 0, 83, 1, 1, 'Live'),
(633, 100, 5.00, 77, 57, 0, 83, 1, 1, 'Live'),
(634, 323, 20.00, 77, 57, 0, 83, 1, 1, 'Live'),
(635, 315, 0.50, 77, 57, 0, 83, 1, 1, 'Live'),
(636, 322, 10.00, 78, 58, 0, 84, 1, 1, 'Live'),
(637, 320, 0.20, 78, 58, 0, 84, 1, 1, 'Live'),
(638, 51, 20.00, 78, 58, 0, 84, 1, 1, 'Live'),
(639, 326, 15.00, 78, 58, 0, 84, 1, 1, 'Live'),
(640, 227, 25.00, 78, 58, 0, 84, 1, 1, 'Live'),
(641, 53, 5.00, 78, 58, 0, 84, 1, 1, 'Live'),
(642, 323, 20.00, 78, 58, 0, 84, 1, 1, 'Live'),
(643, 321, 0.25, 78, 58, 0, 84, 1, 1, 'Live'),
(644, 320, 0.40, 78, 58, 0, 85, 1, 1, 'Live'),
(645, 326, 15.00, 78, 58, 0, 85, 1, 1, 'Live'),
(646, 227, 25.00, 78, 58, 0, 85, 1, 1, 'Live'),
(647, 100, 5.00, 78, 58, 0, 85, 1, 1, 'Live'),
(648, 323, 50.00, 78, 58, 0, 85, 1, 1, 'Live'),
(649, 212, 60.00, 78, 58, 0, 85, 1, 1, 'Live'),
(650, 322, 10.00, 78, 58, 0, 84, 1, 1, 'Live'),
(651, 320, 0.20, 78, 58, 0, 84, 1, 1, 'Live'),
(652, 51, 20.00, 78, 58, 0, 84, 1, 1, 'Live'),
(653, 326, 15.00, 78, 58, 0, 84, 1, 1, 'Live'),
(654, 227, 25.00, 78, 58, 0, 84, 1, 1, 'Live'),
(655, 53, 5.00, 78, 58, 0, 84, 1, 1, 'Live'),
(656, 323, 20.00, 78, 58, 0, 84, 1, 1, 'Live'),
(657, 321, 0.25, 78, 58, 0, 84, 1, 1, 'Live'),
(658, 322, 10.00, 78, 58, 0, 84, 1, 1, 'Live'),
(659, 320, 0.20, 78, 58, 0, 84, 1, 1, 'Live'),
(660, 51, 20.00, 78, 58, 0, 84, 1, 1, 'Live'),
(661, 326, 15.00, 78, 58, 0, 84, 1, 1, 'Live'),
(662, 227, 25.00, 78, 58, 0, 84, 1, 1, 'Live'),
(663, 53, 5.00, 78, 58, 0, 84, 1, 1, 'Live'),
(664, 323, 20.00, 78, 58, 0, 84, 1, 1, 'Live'),
(665, 321, 0.25, 78, 58, 0, 84, 1, 1, 'Live'),
(666, 322, 10.00, 78, 58, 0, 84, 1, 1, 'Live'),
(667, 320, 0.20, 78, 58, 0, 84, 1, 1, 'Live'),
(668, 51, 20.00, 78, 58, 0, 84, 1, 1, 'Live'),
(669, 326, 15.00, 78, 58, 0, 84, 1, 1, 'Live'),
(670, 227, 25.00, 78, 58, 0, 84, 1, 1, 'Live'),
(671, 53, 5.00, 78, 58, 0, 84, 1, 1, 'Live'),
(672, 323, 20.00, 78, 58, 0, 84, 1, 1, 'Live'),
(673, 321, 0.25, 78, 58, 0, 84, 1, 1, 'Live'),
(674, 322, 10.00, 78, 58, 0, 84, 1, 1, 'Live'),
(675, 320, 0.20, 78, 58, 0, 84, 1, 1, 'Live'),
(676, 51, 20.00, 78, 58, 0, 84, 1, 1, 'Live'),
(677, 326, 15.00, 78, 58, 0, 84, 1, 1, 'Live'),
(678, 227, 25.00, 78, 58, 0, 84, 1, 1, 'Live'),
(679, 53, 5.00, 78, 58, 0, 84, 1, 1, 'Live'),
(680, 323, 20.00, 78, 58, 0, 84, 1, 1, 'Live'),
(681, 321, 0.25, 78, 58, 0, 84, 1, 1, 'Live'),
(682, 322, 10.00, 78, 58, 0, 84, 1, 1, 'Live'),
(683, 320, 0.20, 78, 58, 0, 84, 1, 1, 'Live'),
(684, 51, 20.00, 78, 58, 0, 84, 1, 1, 'Live'),
(685, 326, 15.00, 78, 58, 0, 84, 1, 1, 'Live'),
(686, 227, 25.00, 78, 58, 0, 84, 1, 1, 'Live'),
(687, 53, 5.00, 78, 58, 0, 84, 1, 1, 'Live'),
(688, 323, 20.00, 78, 58, 0, 84, 1, 1, 'Live'),
(689, 321, 0.25, 78, 58, 0, 84, 1, 1, 'Live'),
(690, 322, 10.00, 78, 58, 0, 84, 1, 1, 'Live'),
(691, 320, 0.20, 78, 58, 0, 84, 1, 1, 'Live'),
(692, 51, 20.00, 78, 58, 0, 84, 1, 1, 'Live'),
(693, 326, 15.00, 78, 58, 0, 84, 1, 1, 'Live'),
(694, 227, 25.00, 78, 58, 0, 84, 1, 1, 'Live'),
(695, 53, 5.00, 78, 58, 0, 84, 1, 1, 'Live'),
(696, 323, 20.00, 78, 58, 0, 84, 1, 1, 'Live'),
(697, 321, 0.25, 78, 58, 0, 84, 1, 1, 'Live'),
(698, 322, 10.00, 78, 58, 0, 84, 1, 1, 'Live'),
(699, 320, 0.20, 78, 58, 0, 84, 1, 1, 'Live'),
(700, 51, 20.00, 78, 58, 0, 84, 1, 1, 'Live'),
(701, 326, 15.00, 78, 58, 0, 84, 1, 1, 'Live'),
(702, 227, 25.00, 78, 58, 0, 84, 1, 1, 'Live'),
(703, 53, 5.00, 78, 58, 0, 84, 1, 1, 'Live'),
(704, 323, 20.00, 78, 58, 0, 84, 1, 1, 'Live'),
(705, 321, 0.25, 78, 58, 0, 84, 1, 1, 'Live'),
(706, 320, 0.40, 78, 58, 0, 85, 1, 1, 'Live'),
(707, 326, 15.00, 78, 58, 0, 85, 1, 1, 'Live'),
(708, 227, 25.00, 78, 58, 0, 85, 1, 1, 'Live'),
(709, 100, 5.00, 78, 58, 0, 85, 1, 1, 'Live'),
(710, 323, 50.00, 78, 58, 0, 85, 1, 1, 'Live'),
(711, 212, 60.00, 78, 58, 0, 85, 1, 1, 'Live'),
(712, 333, 15.00, 78, 58, 0, 1, 1, 1, 'Live'),
(713, 267, 3.00, 78, 58, 0, 1, 1, 1, 'Live'),
(714, 320, 0.50, 78, 58, 0, 1, 1, 1, 'Live'),
(715, 98, 10.00, 78, 58, 0, 1, 1, 1, 'Live'),
(716, 12, 10.00, 78, 58, 0, 1, 1, 1, 'Live'),
(717, 250, 20.00, 78, 58, 0, 1, 1, 1, 'Live'),
(718, 16, 60.00, 78, 58, 0, 1, 1, 1, 'Live'),
(719, 218, 2.00, 78, 58, 0, 1, 1, 1, 'Live'),
(720, 209, 15.00, 78, 58, 0, 1, 1, 1, 'Live'),
(721, 301, 1.30, 78, 58, 0, 1, 1, 1, 'Live'),
(722, 333, 10.00, 78, 58, 0, 2, 1, 1, 'Live'),
(723, 267, 3.00, 78, 58, 0, 2, 1, 1, 'Live'),
(724, 320, 0.25, 78, 58, 0, 2, 1, 1, 'Live'),
(725, 12, 10.00, 78, 58, 0, 2, 1, 1, 'Live'),
(726, 250, 10.00, 78, 58, 0, 2, 1, 1, 'Live'),
(727, 17, 5.00, 78, 58, 0, 2, 1, 1, 'Live'),
(728, 323, 20.00, 78, 58, 0, 2, 1, 1, 'Live'),
(729, 16, 55.00, 78, 58, 0, 2, 1, 1, 'Live'),
(730, 209, 10.00, 78, 58, 0, 2, 1, 1, 'Live'),
(731, 301, 0.30, 78, 58, 0, 2, 1, 1, 'Live'),
(732, 204, 83.50, 78, 58, 0, 2, 1, 1, 'Live'),
(733, 190, 50.00, 78, 58, 0, 2, 1, 1, 'Live'),
(734, 297, 1.00, 78, 58, 0, 202, 1, 1, 'Live'),
(735, 198, 30.00, 78, 58, 0, 202, 1, 1, 'Live'),
(736, 236, 1.00, 78, 58, 0, 202, 1, 1, 'Live'),
(737, 186, 180.00, 78, 58, 0, 201, 1, 1, 'Live'),
(738, 198, 10.00, 78, 58, 0, 201, 1, 1, 'Live'),
(739, 10, 1.00, 78, 58, 0, 201, 1, 1, 'Live'),
(740, 296, 1.00, 78, 58, 0, 201, 1, 1, 'Live'),
(741, 10, 1.00, 78, 58, 0, 199, 1, 1, 'Live'),
(742, 296, 1.00, 78, 58, 0, 199, 1, 1, 'Live'),
(743, 297, 1.00, 78, 58, 0, 197, 1, 1, 'Live'),
(744, 186, 180.00, 78, 58, 0, 197, 1, 1, 'Live'),
(745, 344, 150.00, 78, 58, 0, 197, 1, 1, 'Live'),
(746, 317, 1.00, 78, 58, 0, 197, 1, 1, 'Live'),
(747, 198, 20.00, 78, 58, 0, 197, 1, 1, 'Live'),
(748, 238, 20.00, 78, 58, 0, 197, 1, 1, 'Live'),
(749, 237, 45.00, 78, 58, 0, 197, 1, 1, 'Live'),
(750, 297, 1.00, 78, 58, 0, 134, 1, 1, 'Live'),
(751, 186, 160.00, 78, 58, 0, 134, 1, 1, 'Live'),
(752, 344, 30.00, 78, 58, 0, 134, 1, 1, 'Live'),
(753, 312, 13.00, 78, 58, 0, 134, 1, 1, 'Live'),
(754, 345, 1.00, 78, 58, 0, 128, 1, 1, 'Live'),
(755, 344, 200.00, 78, 58, 0, 129, 1, 1, 'Live'),
(756, 317, 1.00, 78, 58, 0, 129, 1, 1, 'Live'),
(757, 297, 1.00, 78, 58, 0, 130, 1, 1, 'Live'),
(758, 186, 160.00, 78, 58, 0, 130, 1, 1, 'Live'),
(759, 344, 200.00, 78, 58, 0, 130, 1, 1, 'Live'),
(760, 7, 1.00, 78, 58, 0, 267, 1, 1, 'Live'),
(761, 297, 1.00, 78, 58, 0, 267, 1, 1, 'Live'),
(762, 186, 160.00, 78, 58, 0, 267, 1, 1, 'Live'),
(763, 203, 60.00, 78, 58, 0, 267, 1, 1, 'Live'),
(764, 297, 1.00, 78, 58, 0, 132, 1, 1, 'Live'),
(765, 186, 160.00, 78, 58, 0, 132, 1, 1, 'Live'),
(766, 198, 30.00, 78, 58, 0, 132, 1, 1, 'Live'),
(767, 344, 200.00, 78, 58, 0, 132, 1, 1, 'Live'),
(768, 344, 200.00, 78, 58, 0, 137, 1, 1, 'Live'),
(769, 312, 30.00, 78, 58, 0, 137, 1, 1, 'Live'),
(770, 247, 1.00, 78, 58, 0, 137, 1, 1, 'Live'),
(771, 344, 200.00, 78, 58, 0, 131, 1, 1, 'Live'),
(772, 317, 1.00, 78, 58, 0, 131, 1, 1, 'Live'),
(773, 198, 30.00, 78, 58, 0, 131, 1, 1, 'Live'),
(774, 262, 1.00, 78, 58, 0, 272, 1, 1, 'Live'),
(775, 297, 1.00, 78, 58, 0, 272, 1, 1, 'Live'),
(776, 186, 95.00, 78, 58, 0, 272, 1, 1, 'Live'),
(777, 344, 45.00, 78, 58, 0, 272, 1, 1, 'Live'),
(778, 201, 35.00, 78, 58, 0, 272, 1, 1, 'Live'),
(779, 247, 1.00, 78, 58, 0, 272, 1, 1, 'Live'),
(780, 300, 10.00, 78, 58, 0, 272, 1, 1, 'Live'),
(781, 196, 35.00, 78, 58, 0, 272, 1, 1, 'Live'),
(782, 228, 18.00, 78, 58, 0, 272, 1, 1, 'Live'),
(783, 262, 1.00, 78, 58, 0, 179, 1, 1, 'Live'),
(784, 297, 1.00, 78, 58, 0, 179, 1, 1, 'Live'),
(785, 186, 115.00, 78, 58, 0, 179, 1, 1, 'Live'),
(786, 247, 1.00, 78, 58, 0, 179, 1, 1, 'Live'),
(787, 300, 10.00, 78, 58, 0, 179, 1, 1, 'Live'),
(788, 196, 35.00, 78, 58, 0, 179, 1, 1, 'Live'),
(789, 262, 1.00, 78, 58, 0, 233, 1, 1, 'Live'),
(790, 297, 1.00, 78, 58, 0, 233, 1, 1, 'Live'),
(791, 186, 115.00, 78, 58, 0, 233, 1, 1, 'Live'),
(792, 344, 45.00, 78, 58, 0, 233, 1, 1, 'Live'),
(793, 201, 35.00, 78, 58, 0, 233, 1, 1, 'Live'),
(794, 196, 35.00, 78, 58, 0, 233, 1, 1, 'Live'),
(795, 228, 18.00, 78, 58, 0, 233, 1, 1, 'Live'),
(796, 262, 1.00, 78, 58, 0, 182, 1, 1, 'Live'),
(797, 297, 1.00, 78, 58, 0, 182, 1, 1, 'Live'),
(798, 186, 115.00, 78, 58, 0, 182, 1, 1, 'Live'),
(799, 344, 45.00, 78, 58, 0, 182, 1, 1, 'Live'),
(800, 196, 35.00, 78, 58, 0, 182, 1, 1, 'Live'),
(801, 203, 35.00, 78, 58, 0, 182, 1, 1, 'Live'),
(802, 228, 18.00, 78, 58, 0, 182, 1, 1, 'Live'),
(803, 262, 1.00, 78, 58, 0, 177, 1, 1, 'Live'),
(804, 297, 1.00, 78, 58, 0, 177, 1, 1, 'Live'),
(805, 186, 115.00, 78, 58, 0, 177, 1, 1, 'Live'),
(806, 196, 35.00, 78, 58, 0, 177, 1, 1, 'Live'),
(807, 189, 0.50, 78, 58, 0, 245, 1, 1, 'Live'),
(808, 320, 1.00, 78, 58, 0, 245, 1, 1, 'Live'),
(809, 235, 0.50, 78, 58, 0, 245, 1, 1, 'Live'),
(810, 98, 10.00, 78, 58, 0, 245, 1, 1, 'Live'),
(811, 103, 10.00, 78, 58, 0, 245, 1, 1, 'Live'),
(812, 250, 10.00, 78, 58, 0, 245, 1, 1, 'Live'),
(813, 19, 2.00, 78, 58, 0, 245, 1, 1, 'Live'),
(814, 17, 8.00, 78, 58, 0, 245, 1, 1, 'Live'),
(815, 43, 5.00, 78, 58, 0, 245, 1, 1, 'Live'),
(816, 16, 92.00, 78, 58, 0, 245, 1, 1, 'Live'),
(817, 320, 1.24, 78, 58, 0, 244, 1, 1, 'Live'),
(818, 285, 1.00, 78, 58, 0, 244, 1, 1, 'Live'),
(819, 250, 40.00, 78, 58, 0, 244, 1, 1, 'Live'),
(820, 337, 72.00, 78, 58, 0, 244, 1, 1, 'Live'),
(821, 17, 8.00, 78, 58, 0, 244, 1, 1, 'Live'),
(822, 323, 50.00, 78, 58, 0, 244, 1, 1, 'Live'),
(823, 16, 92.00, 78, 58, 0, 244, 1, 1, 'Live'),
(824, 320, 1.25, 78, 58, 0, 247, 1, 1, 'Live'),
(825, 103, 2.00, 78, 58, 0, 247, 1, 1, 'Live'),
(826, 250, 10.00, 78, 58, 0, 247, 1, 1, 'Live'),
(827, 337, 72.00, 78, 58, 0, 247, 1, 1, 'Live'),
(828, 17, 8.00, 78, 58, 0, 247, 1, 1, 'Live'),
(829, 323, 50.00, 78, 58, 0, 247, 1, 1, 'Live'),
(830, 16, 92.00, 78, 58, 0, 247, 1, 1, 'Live'),
(831, 282, 50.00, 78, 58, 0, 247, 1, 1, 'Live'),
(832, 320, 1.25, 78, 58, 0, 246, 1, 1, 'Live'),
(833, 103, 2.00, 78, 58, 0, 246, 1, 1, 'Live'),
(834, 250, 10.00, 78, 58, 0, 246, 1, 1, 'Live'),
(835, 246, 100.00, 78, 58, 0, 246, 1, 1, 'Live'),
(836, 19, 2.00, 78, 58, 0, 246, 1, 1, 'Live'),
(837, 38, 1.00, 78, 58, 0, 246, 1, 1, 'Live'),
(838, 17, 8.00, 78, 58, 0, 246, 1, 1, 'Live'),
(839, 43, 5.00, 78, 58, 0, 246, 1, 1, 'Live'),
(840, 323, 50.00, 78, 58, 0, 246, 1, 1, 'Live'),
(841, 16, 92.00, 78, 58, 0, 246, 1, 1, 'Live'),
(842, 204, 83.50, 78, 58, 0, 246, 1, 1, 'Live'),
(843, 320, 1.25, 78, 58, 0, 57, 1, 1, 'Live'),
(844, 285, 1.00, 78, 58, 0, 57, 1, 1, 'Live'),
(845, 250, 40.00, 78, 58, 0, 57, 1, 1, 'Live'),
(846, 17, 8.00, 78, 58, 0, 57, 1, 1, 'Live'),
(847, 16, 92.00, 78, 58, 0, 57, 1, 1, 'Live'),
(848, 323, 50.00, 78, 58, 0, 57, 1, 1, 'Live'),
(849, 204, 83.50, 78, 58, 0, 57, 1, 1, 'Live'),
(850, 297, 1.00, 78, 58, 0, 234, 1, 1, 'Live'),
(851, 186, 160.00, 78, 58, 0, 234, 1, 1, 'Live'),
(852, 27, 20.00, 78, 58, 0, 234, 1, 1, 'Live'),
(853, 305, 100.00, 78, 58, 0, 234, 1, 1, 'Live'),
(854, 346, 100.00, 78, 58, 0, 234, 1, 1, 'Live'),
(855, 297, 1.00, 78, 58, 0, 273, 1, 1, 'Live'),
(856, 186, 160.00, 78, 58, 0, 273, 1, 1, 'Live'),
(857, 305, 200.00, 78, 58, 0, 273, 1, 1, 'Live'),
(858, 307, 1.00, 78, 58, 0, 273, 1, 1, 'Live'),
(859, 299, 20.00, 78, 58, 0, 273, 1, 1, 'Live'),
(860, 297, 1.00, 78, 58, 0, 235, 1, 1, 'Live'),
(861, 186, 160.00, 78, 58, 0, 235, 1, 1, 'Live'),
(862, 306, 1.00, 78, 58, 0, 235, 1, 1, 'Live'),
(863, 305, 200.00, 78, 58, 0, 235, 1, 1, 'Live'),
(864, 259, 20.00, 78, 58, 0, 235, 1, 1, 'Live'),
(865, 297, 1.00, 78, 58, 0, 236, 1, 1, 'Live'),
(866, 186, 160.00, 78, 58, 0, 236, 1, 1, 'Live'),
(867, 305, 200.00, 78, 58, 0, 236, 1, 1, 'Live'),
(868, 242, 20.00, 78, 58, 0, 236, 1, 1, 'Live'),
(869, 291, 30.00, 78, 58, 0, 12, 1, 1, 'Live'),
(870, 320, 0.25, 78, 58, 0, 12, 1, 1, 'Live'),
(871, 287, 30.00, 78, 58, 0, 12, 1, 1, 'Live'),
(872, 27, 50.00, 78, 58, 0, 12, 1, 1, 'Live'),
(873, 323, 20.00, 78, 58, 0, 12, 1, 1, 'Live'),
(874, 257, 2.00, 78, 58, 0, 12, 1, 1, 'Live'),
(875, 301, 2.00, 78, 58, 0, 12, 1, 1, 'Live'),
(876, 204, 50.00, 78, 58, 0, 12, 1, 1, 'Live'),
(877, 225, 1.00, 78, 58, 0, 12, 1, 1, 'Live'),
(878, 190, 100.00, 78, 58, 0, 12, 1, 1, 'Live'),
(879, 241, 30.00, 78, 58, 0, 12, 1, 1, 'Live'),
(880, 333, 50.00, 78, 58, 0, 255, 1, 1, 'Live'),
(881, 281, 5.00, 78, 58, 0, 255, 1, 1, 'Live'),
(882, 331, 2.00, 78, 58, 0, 255, 1, 1, 'Live'),
(883, 188, 1.00, 78, 58, 0, 255, 1, 1, 'Live'),
(884, 51, 20.00, 78, 58, 0, 255, 1, 1, 'Live'),
(885, 103, 5.00, 78, 58, 0, 255, 1, 1, 'Live'),
(886, 198, 5.00, 78, 58, 0, 255, 1, 1, 'Live'),
(887, 19, 2.00, 78, 58, 0, 255, 1, 1, 'Live'),
(888, 27, 30.00, 78, 58, 0, 255, 1, 1, 'Live'),
(889, 227, 50.00, 78, 58, 0, 255, 1, 1, 'Live'),
(890, 39, 0.50, 78, 58, 0, 255, 1, 1, 'Live'),
(891, 241, 30.00, 78, 58, 0, 255, 1, 1, 'Live'),
(892, 291, 30.00, 78, 58, 0, 9, 1, 1, 'Live'),
(893, 320, 0.25, 78, 58, 0, 9, 1, 1, 'Live'),
(894, 287, 30.00, 78, 58, 0, 9, 1, 1, 'Live'),
(895, 27, 50.00, 78, 58, 0, 9, 1, 1, 'Live'),
(896, 323, 20.00, 78, 58, 0, 9, 1, 1, 'Live'),
(897, 204, 166.50, 78, 58, 0, 9, 1, 1, 'Live'),
(898, 225, 1.00, 78, 58, 0, 9, 1, 1, 'Live'),
(899, 190, 100.00, 78, 58, 0, 9, 1, 1, 'Live'),
(900, 241, 30.00, 78, 58, 0, 9, 1, 1, 'Live'),
(901, 291, 303.00, 78, 58, 0, 10, 1, 1, 'Live'),
(902, 287, 30.00, 78, 58, 0, 10, 1, 1, 'Live'),
(903, 257, 6.00, 78, 58, 0, 10, 1, 1, 'Live'),
(904, 225, 1.00, 78, 58, 0, 10, 1, 1, 'Live'),
(905, 190, 100.00, 78, 58, 0, 10, 1, 1, 'Live'),
(906, 241, 30.00, 78, 58, 0, 10, 1, 1, 'Live'),
(907, 291, 15.00, 78, 58, 0, 8, 1, 1, 'Live'),
(908, 287, 15.00, 78, 58, 0, 8, 1, 1, 'Live'),
(909, 225, 1.00, 78, 58, 0, 8, 1, 1, 'Live'),
(910, 190, 150.00, 78, 58, 0, 8, 1, 1, 'Live'),
(911, 241, 30.00, 78, 58, 0, 8, 1, 1, 'Live'),
(912, 13, 2.00, 78, 58, 0, 27, 1, 1, 'Live'),
(913, 58, 2.00, 78, 58, 0, 27, 1, 1, 'Live'),
(914, 230, 1.00, 78, 58, 0, 27, 1, 1, 'Live'),
(915, 207, 1.00, 78, 58, 0, 27, 1, 1, 'Live'),
(916, 224, 20.00, 78, 58, 0, 46, 1, 1, 'Live'),
(917, 13, 2.00, 78, 58, 0, 46, 1, 1, 'Live'),
(918, 217, 1.00, 78, 58, 0, 46, 1, 1, 'Live'),
(919, 16, 92.00, 78, 58, 0, 46, 1, 1, 'Live'),
(920, 17, 8.00, 78, 58, 0, 46, 1, 1, 'Live'),
(921, 224, 20.00, 78, 58, 0, 47, 1, 1, 'Live'),
(922, 18, 120.00, 78, 58, 0, 47, 1, 1, 'Live'),
(923, 13, 2.00, 78, 58, 0, 47, 1, 1, 'Live'),
(924, 217, 1.00, 78, 58, 0, 47, 1, 1, 'Live'),
(925, 320, 0.50, 78, 58, 0, 48, 1, 1, 'Live'),
(926, 213, 20.00, 78, 58, 0, 48, 1, 1, 'Live'),
(927, 268, 1.00, 78, 58, 0, 48, 1, 1, 'Live'),
(928, 13, 2.00, 78, 58, 0, 48, 1, 1, 'Live'),
(929, 334, 80.00, 78, 58, 0, 48, 1, 1, 'Live'),
(930, 17, 8.00, 78, 58, 0, 48, 1, 1, 'Live'),
(931, 231, 1.00, 78, 58, 0, 48, 1, 1, 'Live'),
(932, 58, 2.00, 78, 58, 0, 48, 1, 1, 'Live'),
(933, 16, 92.00, 78, 58, 0, 48, 1, 1, 'Live'),
(934, 284, 10.00, 78, 58, 0, 48, 1, 1, 'Live'),
(935, 57, 0.06, 78, 58, 0, 241, 1, 1, 'Live'),
(936, 329, 2.00, 78, 58, 0, 241, 1, 1, 'Live'),
(937, 35, 1.00, 78, 58, 0, 241, 1, 1, 'Live'),
(938, 20, 10.00, 78, 58, 0, 241, 1, 1, 'Live'),
(939, 326, 30.00, 78, 58, 0, 241, 1, 1, 'Live'),
(940, 17, 11.00, 78, 58, 0, 241, 1, 1, 'Live'),
(941, 16, 104.00, 78, 58, 0, 241, 1, 1, 'Live'),
(942, 269, 3.00, 78, 58, 0, 241, 1, 1, 'Live'),
(943, 338, 15.00, 78, 58, 0, 241, 1, 1, 'Live'),
(944, 57, 1.00, 78, 58, 0, 240, 1, 1, 'Live'),
(945, 34, 2.00, 78, 58, 0, 240, 1, 1, 'Live'),
(946, 329, 10.00, 78, 58, 0, 240, 1, 1, 'Live'),
(947, 20, 10.00, 78, 58, 0, 240, 1, 1, 'Live'),
(948, 326, 30.00, 78, 58, 0, 240, 1, 1, 'Live'),
(949, 16, 104.00, 78, 58, 0, 240, 1, 1, 'Live'),
(950, 17, 11.00, 78, 58, 0, 240, 1, 1, 'Live'),
(951, 269, 3.00, 78, 58, 0, 240, 1, 1, 'Live'),
(952, 338, 15.00, 78, 58, 0, 240, 1, 1, 'Live'),
(953, 211, 20.00, 78, 58, 0, 45, 1, 1, 'Live'),
(954, 189, 1.00, 78, 58, 0, 45, 1, 1, 'Live'),
(955, 295, 1.00, 78, 58, 0, 45, 1, 1, 'Live'),
(956, 320, 0.50, 78, 58, 0, 45, 1, 1, 'Live'),
(957, 335, 40.00, 78, 58, 0, 45, 1, 1, 'Live'),
(958, 98, 5.00, 78, 58, 0, 45, 1, 1, 'Live'),
(959, 250, 20.00, 78, 58, 0, 45, 1, 1, 'Live'),
(960, 336, 190.00, 78, 58, 0, 45, 1, 1, 'Live'),
(961, 324, 10.00, 78, 58, 0, 45, 1, 1, 'Live'),
(962, 212, 20.00, 78, 58, 0, 45, 1, 1, 'Live'),
(963, 285, 1.00, 78, 58, 0, 209, 1, 1, 'Live'),
(964, 297, 1.00, 78, 58, 0, 274, 1, 1, 'Live'),
(965, 186, 160.00, 78, 58, 0, 274, 1, 1, 'Live'),
(966, 305, 80.00, 78, 58, 0, 274, 1, 1, 'Live'),
(967, 310, 120.00, 78, 58, 0, 274, 1, 1, 'Live'),
(968, 297, 1.00, 78, 58, 0, 275, 1, 1, 'Live'),
(969, 186, 160.00, 78, 58, 0, 275, 1, 1, 'Live'),
(970, 305, 80.00, 78, 58, 0, 275, 1, 1, 'Live'),
(971, 240, 120.00, 78, 58, 0, 275, 1, 1, 'Live'),
(972, 297, 1.00, 78, 58, 0, 276, 1, 1, 'Live'),
(973, 186, 160.00, 78, 58, 0, 276, 1, 1, 'Live'),
(974, 305, 80.00, 78, 58, 0, 276, 1, 1, 'Live'),
(975, 270, 120.00, 78, 58, 0, 276, 1, 1, 'Live'),
(976, 344, 100.00, 78, 58, 0, 166, 1, 1, 'Live'),
(977, 246, 100.00, 78, 58, 0, 166, 1, 1, 'Live'),
(978, 48, 1.00, 78, 58, 0, 166, 1, 1, 'Live'),
(979, 300, 15.00, 78, 58, 0, 166, 1, 1, 'Live'),
(980, 344, 200.00, 78, 58, 0, 268, 1, 1, 'Live'),
(981, 228, 18.00, 78, 58, 0, 268, 1, 1, 'Live'),
(982, 344, 45.00, 78, 58, 0, 158, 1, 1, 'Live'),
(983, 246, 75.00, 78, 58, 0, 158, 1, 1, 'Live'),
(984, 197, 1.00, 78, 58, 0, 158, 1, 1, 'Live'),
(985, 228, 18.00, 78, 58, 0, 158, 1, 1, 'Live'),
(986, 344, 200.00, 78, 58, 0, 157, 1, 1, 'Live'),
(987, 197, 1.00, 78, 58, 0, 157, 1, 1, 'Live'),
(988, 228, 18.00, 78, 58, 0, 157, 1, 1, 'Live'),
(989, 344, 45.00, 78, 58, 0, 156, 1, 1, 'Live'),
(990, 228, 18.00, 78, 58, 0, 156, 1, 1, 'Live'),
(991, 312, 5.00, 78, 58, 0, 256, 1, 1, 'Live'),
(992, 300, 5.00, 78, 58, 0, 256, 1, 1, 'Live'),
(993, 272, 150.00, 78, 58, 0, 256, 1, 1, 'Live'),
(994, 47, 15.00, 78, 58, 0, 256, 1, 1, 'Live'),
(995, 325, 20.00, 78, 58, 0, 256, 1, 1, 'Live'),
(996, 20, 10.00, 78, 58, 0, 114, 1, 1, 'Live'),
(997, 201, 70.00, 78, 58, 0, 114, 1, 1, 'Live'),
(998, 4, 1.00, 78, 58, 0, 114, 1, 1, 'Live'),
(999, 260, 1.00, 78, 58, 0, 114, 1, 1, 'Live'),
(1000, 300, 10.00, 78, 58, 0, 114, 1, 1, 'Live'),
(1001, 261, 15.00, 78, 58, 0, 114, 1, 1, 'Live'),
(1002, 343, 1.00, 78, 58, 0, 114, 1, 1, 'Live'),
(1003, 20, 10.00, 78, 58, 0, 111, 1, 1, 'Live'),
(1004, 201, 35.00, 78, 58, 0, 111, 1, 1, 'Live'),
(1005, 4, 1.00, 78, 58, 0, 111, 1, 1, 'Live'),
(1006, 342, 1.00, 78, 58, 0, 111, 1, 1, 'Live'),
(1007, 260, 1.00, 78, 58, 0, 111, 1, 1, 'Live'),
(1008, 300, 10.00, 78, 58, 0, 111, 1, 1, 'Live'),
(1009, 202, 35.00, 78, 58, 0, 111, 1, 1, 'Live'),
(1010, 203, 35.00, 78, 58, 0, 111, 1, 1, 'Live'),
(1011, 261, 1.00, 78, 58, 0, 111, 1, 1, 'Live'),
(1012, 20, 10.00, 78, 58, 0, 112, 1, 1, 'Live'),
(1013, 4, 1.00, 78, 58, 0, 112, 1, 1, 'Live'),
(1014, 342, 1.00, 78, 58, 0, 112, 1, 1, 'Live'),
(1015, 260, 1.00, 78, 58, 0, 112, 1, 1, 'Live'),
(1016, 300, 10.00, 78, 58, 0, 112, 1, 1, 'Live'),
(1017, 203, 70.00, 78, 58, 0, 112, 1, 1, 'Live'),
(1018, 261, 1.00, 78, 58, 0, 112, 1, 1, 'Live'),
(1019, 20, 10.00, 78, 58, 0, 113, 1, 1, 'Live'),
(1020, 202, 70.00, 78, 58, 0, 113, 1, 1, 'Live'),
(1021, 4, 1.00, 78, 58, 0, 113, 1, 1, 'Live'),
(1022, 342, 1.00, 78, 58, 0, 113, 1, 1, 'Live'),
(1023, 260, 1.00, 78, 58, 0, 113, 1, 1, 'Live'),
(1024, 300, 10.00, 78, 58, 0, 113, 1, 1, 'Live'),
(1025, 261, 1.00, 78, 58, 0, 113, 1, 1, 'Live'),
(1026, 297, 1.00, 78, 58, 0, 100, 1, 1, 'Live'),
(1027, 186, 270.00, 78, 58, 0, 100, 1, 1, 'Live'),
(1028, 2, 250.00, 78, 58, 0, 100, 1, 1, 'Live'),
(1029, 297, 1.00, 78, 58, 0, 99, 1, 1, 'Live'),
(1030, 186, 270.00, 78, 58, 0, 99, 1, 1, 'Live'),
(1031, 258, 250.00, 78, 58, 0, 99, 1, 1, 'Live'),
(1032, 297, 1.00, 78, 58, 0, 107, 1, 1, 'Live'),
(1033, 186, 270.00, 78, 58, 0, 107, 1, 1, 'Live'),
(1034, 278, 250.00, 78, 58, 0, 107, 1, 1, 'Live'),
(1035, 297, 1.00, 78, 58, 0, 106, 1, 1, 'Live'),
(1036, 186, 270.00, 78, 58, 0, 106, 1, 1, 'Live'),
(1037, 303, 250.00, 78, 58, 0, 106, 1, 1, 'Live'),
(1038, 320, 0.40, 78, 58, 0, 73, 1, 1, 'Live'),
(1039, 326, 15.00, 78, 58, 0, 73, 1, 1, 'Live'),
(1040, 283, 1.00, 78, 58, 0, 73, 1, 1, 'Live'),
(1041, 227, 25.00, 78, 58, 0, 73, 1, 1, 'Live'),
(1042, 100, 5.00, 78, 58, 0, 73, 1, 1, 'Live'),
(1043, 17, 8.00, 78, 58, 0, 73, 1, 1, 'Live'),
(1044, 323, 30.00, 78, 58, 0, 73, 1, 1, 'Live'),
(1045, 16, 92.00, 78, 58, 0, 73, 1, 1, 'Live'),
(1046, 221, 1.00, 78, 58, 0, 73, 1, 1, 'Live'),
(1047, 219, 10.00, 78, 58, 0, 73, 1, 1, 'Live'),
(1048, 320, 0.50, 78, 58, 0, 74, 1, 1, 'Live'),
(1049, 326, 15.00, 78, 58, 0, 74, 1, 1, 'Live'),
(1050, 283, 1.00, 78, 58, 0, 74, 1, 1, 'Live'),
(1051, 227, 25.00, 78, 58, 0, 74, 1, 1, 'Live'),
(1052, 100, 5.00, 78, 58, 0, 74, 1, 1, 'Live'),
(1053, 17, 17.00, 78, 58, 0, 74, 1, 1, 'Live'),
(1054, 323, 30.00, 78, 58, 0, 74, 1, 1, 'Live'),
(1055, 16, 84.00, 78, 58, 0, 74, 1, 1, 'Live'),
(1056, 321, 0.07, 78, 58, 0, 74, 1, 1, 'Live'),
(1057, 315, 0.16, 78, 58, 0, 74, 1, 1, 'Live'),
(1058, 219, 10.00, 78, 58, 0, 74, 1, 1, 'Live'),
(1059, 320, 0.40, 78, 58, 0, 80, 1, 1, 'Live'),
(1060, 206, 1.00, 78, 58, 0, 80, 1, 1, 'Live'),
(1061, 326, 15.00, 78, 58, 0, 80, 1, 1, 'Live'),
(1062, 283, 1.00, 78, 58, 0, 80, 1, 1, 'Live'),
(1063, 227, 25.00, 78, 58, 0, 80, 1, 1, 'Live'),
(1064, 100, 5.00, 78, 58, 0, 80, 1, 1, 'Live'),
(1065, 323, 30.00, 78, 58, 0, 80, 1, 1, 'Live'),
(1066, 320, 0.40, 78, 58, 0, 81, 1, 1, 'Live'),
(1067, 326, 15.00, 78, 58, 0, 81, 1, 1, 'Live'),
(1068, 206, 1.00, 78, 58, 0, 81, 1, 1, 'Live'),
(1069, 283, 1.00, 78, 58, 0, 81, 1, 1, 'Live'),
(1070, 227, 25.00, 78, 58, 0, 81, 1, 1, 'Live'),
(1071, 100, 5.00, 78, 58, 0, 81, 1, 1, 'Live'),
(1072, 221, 1.00, 78, 58, 0, 81, 1, 1, 'Live'),
(1073, 320, 0.40, 78, 58, 0, 82, 1, 1, 'Live'),
(1074, 206, 1.00, 78, 58, 0, 82, 1, 1, 'Live'),
(1075, 326, 15.00, 78, 58, 0, 82, 1, 1, 'Live'),
(1076, 254, 35.00, 78, 58, 0, 82, 1, 1, 'Live'),
(1077, 283, 1.00, 78, 58, 0, 82, 1, 1, 'Live'),
(1078, 227, 25.00, 78, 58, 0, 82, 1, 1, 'Live'),
(1079, 53, 5.00, 78, 58, 0, 82, 1, 1, 'Live'),
(1080, 323, 30.00, 78, 58, 0, 82, 1, 1, 'Live'),
(1081, 322, 10.00, 81, 61, 0, 84, 1, 1, 'Live'),
(1082, 320, 0.20, 81, 61, 0, 84, 1, 1, 'Live'),
(1083, 51, 20.00, 81, 61, 0, 84, 1, 1, 'Live'),
(1084, 326, 15.00, 81, 61, 0, 84, 1, 1, 'Live'),
(1085, 227, 25.00, 81, 61, 0, 84, 1, 1, 'Live'),
(1086, 53, 5.00, 81, 61, 0, 84, 1, 1, 'Live'),
(1087, 323, 20.00, 81, 61, 0, 84, 1, 1, 'Live'),
(1088, 321, 0.25, 81, 61, 0, 84, 1, 1, 'Live'),
(1089, 320, 0.40, 81, 61, 0, 85, 1, 1, 'Live'),
(1090, 326, 15.00, 81, 61, 0, 85, 1, 1, 'Live'),
(1091, 227, 25.00, 81, 61, 0, 85, 1, 1, 'Live'),
(1092, 100, 5.00, 81, 61, 0, 85, 1, 1, 'Live'),
(1093, 323, 50.00, 81, 61, 0, 85, 1, 1, 'Live'),
(1094, 212, 60.00, 81, 61, 0, 85, 1, 1, 'Live'),
(1095, 333, 15.00, 81, 61, 0, 1, 1, 1, 'Live'),
(1096, 267, 3.00, 81, 61, 0, 1, 1, 1, 'Live'),
(1097, 320, 0.50, 81, 61, 0, 1, 1, 1, 'Live'),
(1098, 98, 10.00, 81, 61, 0, 1, 1, 1, 'Live'),
(1099, 12, 10.00, 81, 61, 0, 1, 1, 1, 'Live'),
(1100, 250, 20.00, 81, 61, 0, 1, 1, 1, 'Live'),
(1101, 16, 60.00, 81, 61, 0, 1, 1, 1, 'Live'),
(1102, 218, 2.00, 81, 61, 0, 1, 1, 1, 'Live'),
(1103, 209, 15.00, 81, 61, 0, 1, 1, 1, 'Live'),
(1104, 301, 1.30, 81, 61, 0, 1, 1, 1, 'Live'),
(1105, 333, 10.00, 81, 61, 0, 2, 1, 1, 'Live'),
(1106, 267, 3.00, 81, 61, 0, 2, 1, 1, 'Live'),
(1107, 320, 0.25, 81, 61, 0, 2, 1, 1, 'Live'),
(1108, 12, 10.00, 81, 61, 0, 2, 1, 1, 'Live'),
(1109, 250, 10.00, 81, 61, 0, 2, 1, 1, 'Live'),
(1110, 17, 5.00, 81, 61, 0, 2, 1, 1, 'Live'),
(1111, 323, 20.00, 81, 61, 0, 2, 1, 1, 'Live'),
(1112, 16, 55.00, 81, 61, 0, 2, 1, 1, 'Live');
INSERT INTO `tbl_sale_consumptions_of_menus` (`id`, `ingredient_id`, `consumption`, `sale_consumption_id`, `sales_id`, `order_status`, `food_menu_id`, `user_id`, `outlet_id`, `del_status`) VALUES
(1113, 209, 10.00, 81, 61, 0, 2, 1, 1, 'Live'),
(1114, 301, 0.30, 81, 61, 0, 2, 1, 1, 'Live'),
(1115, 204, 83.50, 81, 61, 0, 2, 1, 1, 'Live'),
(1116, 190, 50.00, 81, 61, 0, 2, 1, 1, 'Live'),
(1117, 344, 600.00, 81, 61, 0, 145, 1, 1, 'Live'),
(1118, 59, 3.00, 81, 61, 0, 145, 1, 1, 'Live'),
(1119, 322, 10.00, 81, 61, 0, 83, 1, 1, 'Live'),
(1120, 320, 0.20, 81, 61, 0, 83, 1, 1, 'Live'),
(1121, 326, 15.00, 81, 61, 0, 83, 1, 1, 'Live'),
(1122, 100, 5.00, 81, 61, 0, 83, 1, 1, 'Live'),
(1123, 323, 20.00, 81, 61, 0, 83, 1, 1, 'Live'),
(1124, 315, 0.50, 81, 61, 0, 83, 1, 1, 'Live'),
(1125, 322, 10.00, 82, 62, 0, 84, 1, 1, 'Live'),
(1126, 320, 0.20, 82, 62, 0, 84, 1, 1, 'Live'),
(1127, 51, 20.00, 82, 62, 0, 84, 1, 1, 'Live'),
(1128, 326, 15.00, 82, 62, 0, 84, 1, 1, 'Live'),
(1129, 227, 25.00, 82, 62, 0, 84, 1, 1, 'Live'),
(1130, 53, 5.00, 82, 62, 0, 84, 1, 1, 'Live'),
(1131, 323, 20.00, 82, 62, 0, 84, 1, 1, 'Live'),
(1132, 321, 0.25, 82, 62, 0, 84, 1, 1, 'Live'),
(1133, 320, 0.40, 82, 62, 0, 85, 1, 1, 'Live'),
(1134, 326, 15.00, 82, 62, 0, 85, 1, 1, 'Live'),
(1135, 227, 25.00, 82, 62, 0, 85, 1, 1, 'Live'),
(1136, 100, 5.00, 82, 62, 0, 85, 1, 1, 'Live'),
(1137, 323, 50.00, 82, 62, 0, 85, 1, 1, 'Live'),
(1138, 212, 60.00, 82, 62, 0, 85, 1, 1, 'Live'),
(1139, 333, 15.00, 82, 62, 0, 1, 1, 1, 'Live'),
(1140, 267, 3.00, 82, 62, 0, 1, 1, 1, 'Live'),
(1141, 320, 0.50, 82, 62, 0, 1, 1, 1, 'Live'),
(1142, 98, 10.00, 82, 62, 0, 1, 1, 1, 'Live'),
(1143, 12, 10.00, 82, 62, 0, 1, 1, 1, 'Live'),
(1144, 250, 20.00, 82, 62, 0, 1, 1, 1, 'Live'),
(1145, 16, 60.00, 82, 62, 0, 1, 1, 1, 'Live'),
(1146, 218, 2.00, 82, 62, 0, 1, 1, 1, 'Live'),
(1147, 209, 15.00, 82, 62, 0, 1, 1, 1, 'Live'),
(1148, 301, 1.30, 82, 62, 0, 1, 1, 1, 'Live'),
(1149, 333, 10.00, 82, 62, 0, 2, 1, 1, 'Live'),
(1150, 267, 3.00, 82, 62, 0, 2, 1, 1, 'Live'),
(1151, 320, 0.25, 82, 62, 0, 2, 1, 1, 'Live'),
(1152, 12, 10.00, 82, 62, 0, 2, 1, 1, 'Live'),
(1153, 250, 10.00, 82, 62, 0, 2, 1, 1, 'Live'),
(1154, 17, 5.00, 82, 62, 0, 2, 1, 1, 'Live'),
(1155, 323, 20.00, 82, 62, 0, 2, 1, 1, 'Live'),
(1156, 16, 55.00, 82, 62, 0, 2, 1, 1, 'Live'),
(1157, 209, 10.00, 82, 62, 0, 2, 1, 1, 'Live'),
(1158, 301, 0.30, 82, 62, 0, 2, 1, 1, 'Live'),
(1159, 204, 83.50, 82, 62, 0, 2, 1, 1, 'Live'),
(1160, 190, 50.00, 82, 62, 0, 2, 1, 1, 'Live'),
(1161, 344, 600.00, 82, 62, 0, 145, 1, 1, 'Live'),
(1162, 59, 3.00, 82, 62, 0, 145, 1, 1, 'Live'),
(1163, 322, 10.00, 82, 62, 0, 83, 1, 1, 'Live'),
(1164, 320, 0.20, 82, 62, 0, 83, 1, 1, 'Live'),
(1165, 326, 15.00, 82, 62, 0, 83, 1, 1, 'Live'),
(1166, 100, 5.00, 82, 62, 0, 83, 1, 1, 'Live'),
(1167, 323, 20.00, 82, 62, 0, 83, 1, 1, 'Live'),
(1168, 315, 0.50, 82, 62, 0, 83, 1, 1, 'Live'),
(1169, 322, 10.00, 83, 63, 0, 84, 1, 1, 'Live'),
(1170, 320, 0.20, 83, 63, 0, 84, 1, 1, 'Live'),
(1171, 51, 20.00, 83, 63, 0, 84, 1, 1, 'Live'),
(1172, 326, 15.00, 83, 63, 0, 84, 1, 1, 'Live'),
(1173, 227, 25.00, 83, 63, 0, 84, 1, 1, 'Live'),
(1174, 53, 5.00, 83, 63, 0, 84, 1, 1, 'Live'),
(1175, 323, 20.00, 83, 63, 0, 84, 1, 1, 'Live'),
(1176, 321, 0.25, 83, 63, 0, 84, 1, 1, 'Live'),
(1177, 320, 0.40, 83, 63, 0, 85, 1, 1, 'Live'),
(1178, 326, 15.00, 83, 63, 0, 85, 1, 1, 'Live'),
(1179, 227, 25.00, 83, 63, 0, 85, 1, 1, 'Live'),
(1180, 100, 5.00, 83, 63, 0, 85, 1, 1, 'Live'),
(1181, 323, 50.00, 83, 63, 0, 85, 1, 1, 'Live'),
(1182, 212, 60.00, 83, 63, 0, 85, 1, 1, 'Live'),
(1183, 333, 15.00, 83, 63, 0, 1, 1, 1, 'Live'),
(1184, 267, 3.00, 83, 63, 0, 1, 1, 1, 'Live'),
(1185, 320, 0.50, 83, 63, 0, 1, 1, 1, 'Live'),
(1186, 98, 10.00, 83, 63, 0, 1, 1, 1, 'Live'),
(1187, 12, 10.00, 83, 63, 0, 1, 1, 1, 'Live'),
(1188, 250, 20.00, 83, 63, 0, 1, 1, 1, 'Live'),
(1189, 16, 60.00, 83, 63, 0, 1, 1, 1, 'Live'),
(1190, 218, 2.00, 83, 63, 0, 1, 1, 1, 'Live'),
(1191, 209, 15.00, 83, 63, 0, 1, 1, 1, 'Live'),
(1192, 301, 1.30, 83, 63, 0, 1, 1, 1, 'Live'),
(1193, 333, 10.00, 83, 63, 0, 2, 1, 1, 'Live'),
(1194, 267, 3.00, 83, 63, 0, 2, 1, 1, 'Live'),
(1195, 320, 0.25, 83, 63, 0, 2, 1, 1, 'Live'),
(1196, 12, 10.00, 83, 63, 0, 2, 1, 1, 'Live'),
(1197, 250, 10.00, 83, 63, 0, 2, 1, 1, 'Live'),
(1198, 17, 5.00, 83, 63, 0, 2, 1, 1, 'Live'),
(1199, 323, 20.00, 83, 63, 0, 2, 1, 1, 'Live'),
(1200, 16, 55.00, 83, 63, 0, 2, 1, 1, 'Live'),
(1201, 209, 10.00, 83, 63, 0, 2, 1, 1, 'Live'),
(1202, 301, 0.30, 83, 63, 0, 2, 1, 1, 'Live'),
(1203, 204, 83.50, 83, 63, 0, 2, 1, 1, 'Live'),
(1204, 190, 50.00, 83, 63, 0, 2, 1, 1, 'Live'),
(1205, 322, 10.00, 84, 64, 0, 84, 1, 1, 'Live'),
(1206, 320, 0.20, 84, 64, 0, 84, 1, 1, 'Live'),
(1207, 51, 20.00, 84, 64, 0, 84, 1, 1, 'Live'),
(1208, 326, 15.00, 84, 64, 0, 84, 1, 1, 'Live'),
(1209, 227, 25.00, 84, 64, 0, 84, 1, 1, 'Live'),
(1210, 53, 5.00, 84, 64, 0, 84, 1, 1, 'Live'),
(1211, 323, 20.00, 84, 64, 0, 84, 1, 1, 'Live'),
(1212, 321, 0.25, 84, 64, 0, 84, 1, 1, 'Live'),
(1213, 320, 0.40, 84, 64, 0, 85, 1, 1, 'Live'),
(1214, 326, 15.00, 84, 64, 0, 85, 1, 1, 'Live'),
(1215, 227, 25.00, 84, 64, 0, 85, 1, 1, 'Live'),
(1216, 100, 5.00, 84, 64, 0, 85, 1, 1, 'Live'),
(1217, 323, 50.00, 84, 64, 0, 85, 1, 1, 'Live'),
(1218, 212, 60.00, 84, 64, 0, 85, 1, 1, 'Live'),
(1219, 333, 15.00, 84, 64, 0, 1, 1, 1, 'Live'),
(1220, 267, 3.00, 84, 64, 0, 1, 1, 1, 'Live'),
(1221, 320, 0.50, 84, 64, 0, 1, 1, 1, 'Live'),
(1222, 98, 10.00, 84, 64, 0, 1, 1, 1, 'Live'),
(1223, 12, 10.00, 84, 64, 0, 1, 1, 1, 'Live'),
(1224, 250, 20.00, 84, 64, 0, 1, 1, 1, 'Live'),
(1225, 16, 60.00, 84, 64, 0, 1, 1, 1, 'Live'),
(1226, 218, 2.00, 84, 64, 0, 1, 1, 1, 'Live'),
(1227, 209, 15.00, 84, 64, 0, 1, 1, 1, 'Live'),
(1228, 301, 1.30, 84, 64, 0, 1, 1, 1, 'Live'),
(1229, 333, 10.00, 84, 64, 0, 2, 1, 1, 'Live'),
(1230, 267, 3.00, 84, 64, 0, 2, 1, 1, 'Live'),
(1231, 320, 0.25, 84, 64, 0, 2, 1, 1, 'Live'),
(1232, 12, 10.00, 84, 64, 0, 2, 1, 1, 'Live'),
(1233, 250, 10.00, 84, 64, 0, 2, 1, 1, 'Live'),
(1234, 17, 5.00, 84, 64, 0, 2, 1, 1, 'Live'),
(1235, 323, 20.00, 84, 64, 0, 2, 1, 1, 'Live'),
(1236, 16, 55.00, 84, 64, 0, 2, 1, 1, 'Live'),
(1237, 209, 10.00, 84, 64, 0, 2, 1, 1, 'Live'),
(1238, 301, 0.30, 84, 64, 0, 2, 1, 1, 'Live'),
(1239, 204, 83.50, 84, 64, 0, 2, 1, 1, 'Live'),
(1240, 190, 50.00, 84, 64, 0, 2, 1, 1, 'Live'),
(1241, 322, 10.00, 84, 64, 0, 83, 1, 1, 'Live'),
(1242, 320, 0.20, 84, 64, 0, 83, 1, 1, 'Live'),
(1243, 326, 15.00, 84, 64, 0, 83, 1, 1, 'Live'),
(1244, 100, 5.00, 84, 64, 0, 83, 1, 1, 'Live'),
(1245, 323, 20.00, 84, 64, 0, 83, 1, 1, 'Live'),
(1246, 315, 0.50, 84, 64, 0, 83, 1, 1, 'Live'),
(1247, 344, 600.00, 84, 64, 0, 145, 1, 1, 'Live'),
(1248, 59, 3.00, 84, 64, 0, 145, 1, 1, 'Live'),
(1249, 322, 10.00, 85, 65, 0, 84, 1, 1, 'Live'),
(1250, 320, 0.20, 85, 65, 0, 84, 1, 1, 'Live'),
(1251, 51, 20.00, 85, 65, 0, 84, 1, 1, 'Live'),
(1252, 326, 15.00, 85, 65, 0, 84, 1, 1, 'Live'),
(1253, 227, 25.00, 85, 65, 0, 84, 1, 1, 'Live'),
(1254, 53, 5.00, 85, 65, 0, 84, 1, 1, 'Live'),
(1255, 323, 20.00, 85, 65, 0, 84, 1, 1, 'Live'),
(1256, 321, 0.25, 85, 65, 0, 84, 1, 1, 'Live'),
(1257, 320, 0.40, 85, 65, 0, 85, 1, 1, 'Live'),
(1258, 326, 15.00, 85, 65, 0, 85, 1, 1, 'Live'),
(1259, 227, 25.00, 85, 65, 0, 85, 1, 1, 'Live'),
(1260, 100, 5.00, 85, 65, 0, 85, 1, 1, 'Live'),
(1261, 323, 50.00, 85, 65, 0, 85, 1, 1, 'Live'),
(1262, 212, 60.00, 85, 65, 0, 85, 1, 1, 'Live'),
(1263, 333, 15.00, 85, 65, 0, 1, 1, 1, 'Live'),
(1264, 267, 3.00, 85, 65, 0, 1, 1, 1, 'Live'),
(1265, 320, 0.50, 85, 65, 0, 1, 1, 1, 'Live'),
(1266, 98, 10.00, 85, 65, 0, 1, 1, 1, 'Live'),
(1267, 12, 10.00, 85, 65, 0, 1, 1, 1, 'Live'),
(1268, 250, 20.00, 85, 65, 0, 1, 1, 1, 'Live'),
(1269, 16, 60.00, 85, 65, 0, 1, 1, 1, 'Live'),
(1270, 218, 2.00, 85, 65, 0, 1, 1, 1, 'Live'),
(1271, 209, 15.00, 85, 65, 0, 1, 1, 1, 'Live'),
(1272, 301, 1.30, 85, 65, 0, 1, 1, 1, 'Live'),
(1273, 333, 10.00, 85, 65, 0, 2, 1, 1, 'Live'),
(1274, 267, 3.00, 85, 65, 0, 2, 1, 1, 'Live'),
(1275, 320, 0.25, 85, 65, 0, 2, 1, 1, 'Live'),
(1276, 12, 10.00, 85, 65, 0, 2, 1, 1, 'Live'),
(1277, 250, 10.00, 85, 65, 0, 2, 1, 1, 'Live'),
(1278, 17, 5.00, 85, 65, 0, 2, 1, 1, 'Live'),
(1279, 323, 20.00, 85, 65, 0, 2, 1, 1, 'Live'),
(1280, 16, 55.00, 85, 65, 0, 2, 1, 1, 'Live'),
(1281, 209, 10.00, 85, 65, 0, 2, 1, 1, 'Live'),
(1282, 301, 0.30, 85, 65, 0, 2, 1, 1, 'Live'),
(1283, 204, 83.50, 85, 65, 0, 2, 1, 1, 'Live'),
(1284, 190, 50.00, 85, 65, 0, 2, 1, 1, 'Live'),
(1285, 344, 600.00, 85, 65, 0, 145, 1, 1, 'Live'),
(1286, 59, 3.00, 85, 65, 0, 145, 1, 1, 'Live'),
(1287, 322, 10.00, 85, 65, 0, 83, 1, 1, 'Live'),
(1288, 320, 0.20, 85, 65, 0, 83, 1, 1, 'Live'),
(1289, 326, 15.00, 85, 65, 0, 83, 1, 1, 'Live'),
(1290, 100, 5.00, 85, 65, 0, 83, 1, 1, 'Live'),
(1291, 323, 20.00, 85, 65, 0, 83, 1, 1, 'Live'),
(1292, 315, 0.50, 85, 65, 0, 83, 1, 1, 'Live'),
(1293, 322, 10.00, 85, 65, 0, 83, 1, 1, 'Live'),
(1294, 320, 0.20, 85, 65, 0, 83, 1, 1, 'Live'),
(1295, 326, 15.00, 85, 65, 0, 83, 1, 1, 'Live'),
(1296, 100, 5.00, 85, 65, 0, 83, 1, 1, 'Live'),
(1297, 323, 20.00, 85, 65, 0, 83, 1, 1, 'Live'),
(1298, 315, 0.50, 85, 65, 0, 83, 1, 1, 'Live'),
(1299, 322, 10.00, 86, 66, 0, 84, 1, 1, 'Live'),
(1300, 320, 0.20, 86, 66, 0, 84, 1, 1, 'Live'),
(1301, 51, 20.00, 86, 66, 0, 84, 1, 1, 'Live'),
(1302, 326, 15.00, 86, 66, 0, 84, 1, 1, 'Live'),
(1303, 227, 25.00, 86, 66, 0, 84, 1, 1, 'Live'),
(1304, 53, 5.00, 86, 66, 0, 84, 1, 1, 'Live'),
(1305, 323, 20.00, 86, 66, 0, 84, 1, 1, 'Live'),
(1306, 321, 0.25, 86, 66, 0, 84, 1, 1, 'Live'),
(1307, 320, 0.40, 86, 66, 0, 85, 1, 1, 'Live'),
(1308, 326, 15.00, 86, 66, 0, 85, 1, 1, 'Live'),
(1309, 227, 25.00, 86, 66, 0, 85, 1, 1, 'Live'),
(1310, 100, 5.00, 86, 66, 0, 85, 1, 1, 'Live'),
(1311, 323, 50.00, 86, 66, 0, 85, 1, 1, 'Live'),
(1312, 212, 60.00, 86, 66, 0, 85, 1, 1, 'Live'),
(1313, 322, 10.00, 87, 67, 0, 84, 1, 1, 'Live'),
(1314, 320, 0.20, 87, 67, 0, 84, 1, 1, 'Live'),
(1315, 51, 20.00, 87, 67, 0, 84, 1, 1, 'Live'),
(1316, 326, 15.00, 87, 67, 0, 84, 1, 1, 'Live'),
(1317, 227, 25.00, 87, 67, 0, 84, 1, 1, 'Live'),
(1318, 53, 5.00, 87, 67, 0, 84, 1, 1, 'Live'),
(1319, 323, 20.00, 87, 67, 0, 84, 1, 1, 'Live'),
(1320, 321, 0.25, 87, 67, 0, 84, 1, 1, 'Live'),
(1321, 320, 0.40, 87, 67, 0, 85, 1, 1, 'Live'),
(1322, 326, 15.00, 87, 67, 0, 85, 1, 1, 'Live'),
(1323, 227, 25.00, 87, 67, 0, 85, 1, 1, 'Live'),
(1324, 100, 5.00, 87, 67, 0, 85, 1, 1, 'Live'),
(1325, 323, 50.00, 87, 67, 0, 85, 1, 1, 'Live'),
(1326, 212, 60.00, 87, 67, 0, 85, 1, 1, 'Live'),
(1327, 333, 15.00, 87, 67, 0, 1, 1, 1, 'Live'),
(1328, 267, 3.00, 87, 67, 0, 1, 1, 1, 'Live'),
(1329, 320, 0.50, 87, 67, 0, 1, 1, 1, 'Live'),
(1330, 98, 10.00, 87, 67, 0, 1, 1, 1, 'Live'),
(1331, 12, 10.00, 87, 67, 0, 1, 1, 1, 'Live'),
(1332, 250, 20.00, 87, 67, 0, 1, 1, 1, 'Live'),
(1333, 16, 60.00, 87, 67, 0, 1, 1, 1, 'Live'),
(1334, 218, 2.00, 87, 67, 0, 1, 1, 1, 'Live'),
(1335, 209, 15.00, 87, 67, 0, 1, 1, 1, 'Live'),
(1336, 301, 1.30, 87, 67, 0, 1, 1, 1, 'Live'),
(1337, 333, 10.00, 87, 67, 0, 2, 1, 1, 'Live'),
(1338, 267, 3.00, 87, 67, 0, 2, 1, 1, 'Live'),
(1339, 320, 0.25, 87, 67, 0, 2, 1, 1, 'Live'),
(1340, 12, 10.00, 87, 67, 0, 2, 1, 1, 'Live'),
(1341, 250, 10.00, 87, 67, 0, 2, 1, 1, 'Live'),
(1342, 17, 5.00, 87, 67, 0, 2, 1, 1, 'Live'),
(1343, 323, 20.00, 87, 67, 0, 2, 1, 1, 'Live'),
(1344, 16, 55.00, 87, 67, 0, 2, 1, 1, 'Live'),
(1345, 209, 10.00, 87, 67, 0, 2, 1, 1, 'Live'),
(1346, 301, 0.30, 87, 67, 0, 2, 1, 1, 'Live'),
(1347, 204, 83.50, 87, 67, 0, 2, 1, 1, 'Live'),
(1348, 190, 50.00, 87, 67, 0, 2, 1, 1, 'Live'),
(1349, 344, 600.00, 87, 67, 0, 145, 1, 1, 'Live'),
(1350, 59, 3.00, 87, 67, 0, 145, 1, 1, 'Live'),
(1351, 322, 10.00, 87, 67, 0, 83, 1, 1, 'Live'),
(1352, 320, 0.20, 87, 67, 0, 83, 1, 1, 'Live'),
(1353, 326, 15.00, 87, 67, 0, 83, 1, 1, 'Live'),
(1354, 100, 5.00, 87, 67, 0, 83, 1, 1, 'Live'),
(1355, 323, 20.00, 87, 67, 0, 83, 1, 1, 'Live'),
(1356, 315, 0.50, 87, 67, 0, 83, 1, 1, 'Live'),
(1357, 320, 0.40, 88, 68, 0, 85, 1, 1, 'Live'),
(1358, 326, 15.00, 88, 68, 0, 85, 1, 1, 'Live'),
(1359, 227, 25.00, 88, 68, 0, 85, 1, 1, 'Live'),
(1360, 100, 5.00, 88, 68, 0, 85, 1, 1, 'Live'),
(1361, 323, 50.00, 88, 68, 0, 85, 1, 1, 'Live'),
(1362, 212, 60.00, 88, 68, 0, 85, 1, 1, 'Live'),
(1363, 333, 15.00, 88, 68, 0, 1, 1, 1, 'Live'),
(1364, 267, 3.00, 88, 68, 0, 1, 1, 1, 'Live'),
(1365, 320, 0.50, 88, 68, 0, 1, 1, 1, 'Live'),
(1366, 98, 10.00, 88, 68, 0, 1, 1, 1, 'Live'),
(1367, 12, 10.00, 88, 68, 0, 1, 1, 1, 'Live'),
(1368, 250, 20.00, 88, 68, 0, 1, 1, 1, 'Live'),
(1369, 16, 60.00, 88, 68, 0, 1, 1, 1, 'Live'),
(1370, 218, 2.00, 88, 68, 0, 1, 1, 1, 'Live'),
(1371, 209, 15.00, 88, 68, 0, 1, 1, 1, 'Live'),
(1372, 301, 1.30, 88, 68, 0, 1, 1, 1, 'Live'),
(1373, 333, 10.00, 88, 68, 0, 2, 1, 1, 'Live'),
(1374, 267, 3.00, 88, 68, 0, 2, 1, 1, 'Live'),
(1375, 320, 0.25, 88, 68, 0, 2, 1, 1, 'Live'),
(1376, 12, 10.00, 88, 68, 0, 2, 1, 1, 'Live'),
(1377, 250, 10.00, 88, 68, 0, 2, 1, 1, 'Live'),
(1378, 17, 5.00, 88, 68, 0, 2, 1, 1, 'Live'),
(1379, 323, 20.00, 88, 68, 0, 2, 1, 1, 'Live'),
(1380, 16, 55.00, 88, 68, 0, 2, 1, 1, 'Live'),
(1381, 209, 10.00, 88, 68, 0, 2, 1, 1, 'Live'),
(1382, 301, 0.30, 88, 68, 0, 2, 1, 1, 'Live'),
(1383, 204, 83.50, 88, 68, 0, 2, 1, 1, 'Live'),
(1384, 190, 50.00, 88, 68, 0, 2, 1, 1, 'Live'),
(1385, 322, 10.00, 88, 68, 0, 83, 1, 1, 'Live'),
(1386, 320, 0.20, 88, 68, 0, 83, 1, 1, 'Live'),
(1387, 326, 15.00, 88, 68, 0, 83, 1, 1, 'Live'),
(1388, 100, 5.00, 88, 68, 0, 83, 1, 1, 'Live'),
(1389, 323, 20.00, 88, 68, 0, 83, 1, 1, 'Live'),
(1390, 315, 0.50, 88, 68, 0, 83, 1, 1, 'Live'),
(1391, 344, 600.00, 88, 68, 0, 145, 1, 1, 'Live'),
(1392, 59, 3.00, 88, 68, 0, 145, 1, 1, 'Live'),
(1393, 322, 10.00, 89, 69, 0, 84, 1, 1, 'Live'),
(1394, 320, 0.20, 89, 69, 0, 84, 1, 1, 'Live'),
(1395, 51, 20.00, 89, 69, 0, 84, 1, 1, 'Live'),
(1396, 326, 15.00, 89, 69, 0, 84, 1, 1, 'Live'),
(1397, 227, 25.00, 89, 69, 0, 84, 1, 1, 'Live'),
(1398, 53, 5.00, 89, 69, 0, 84, 1, 1, 'Live'),
(1399, 323, 20.00, 89, 69, 0, 84, 1, 1, 'Live'),
(1400, 321, 0.25, 89, 69, 0, 84, 1, 1, 'Live'),
(1401, 322, 10.00, 89, 69, 0, 84, 1, 1, 'Live'),
(1402, 320, 0.20, 89, 69, 0, 84, 1, 1, 'Live'),
(1403, 51, 20.00, 89, 69, 0, 84, 1, 1, 'Live'),
(1404, 326, 15.00, 89, 69, 0, 84, 1, 1, 'Live'),
(1405, 227, 25.00, 89, 69, 0, 84, 1, 1, 'Live'),
(1406, 53, 5.00, 89, 69, 0, 84, 1, 1, 'Live'),
(1407, 323, 20.00, 89, 69, 0, 84, 1, 1, 'Live'),
(1408, 321, 0.25, 89, 69, 0, 84, 1, 1, 'Live'),
(1409, 320, 0.40, 89, 69, 0, 85, 1, 1, 'Live'),
(1410, 326, 15.00, 89, 69, 0, 85, 1, 1, 'Live'),
(1411, 227, 25.00, 89, 69, 0, 85, 1, 1, 'Live'),
(1412, 100, 5.00, 89, 69, 0, 85, 1, 1, 'Live'),
(1413, 323, 50.00, 89, 69, 0, 85, 1, 1, 'Live'),
(1414, 212, 60.00, 89, 69, 0, 85, 1, 1, 'Live'),
(1415, 322, 10.00, 90, 70, 0, 84, 1, 1, 'Live'),
(1416, 320, 0.20, 90, 70, 0, 84, 1, 1, 'Live'),
(1417, 51, 20.00, 90, 70, 0, 84, 1, 1, 'Live'),
(1418, 326, 15.00, 90, 70, 0, 84, 1, 1, 'Live'),
(1419, 227, 25.00, 90, 70, 0, 84, 1, 1, 'Live'),
(1420, 53, 5.00, 90, 70, 0, 84, 1, 1, 'Live'),
(1421, 323, 20.00, 90, 70, 0, 84, 1, 1, 'Live'),
(1422, 321, 0.25, 90, 70, 0, 84, 1, 1, 'Live'),
(1423, 320, 0.40, 90, 70, 0, 85, 1, 1, 'Live'),
(1424, 326, 15.00, 90, 70, 0, 85, 1, 1, 'Live'),
(1425, 227, 25.00, 90, 70, 0, 85, 1, 1, 'Live'),
(1426, 100, 5.00, 90, 70, 0, 85, 1, 1, 'Live'),
(1427, 323, 50.00, 90, 70, 0, 85, 1, 1, 'Live'),
(1428, 212, 60.00, 90, 70, 0, 85, 1, 1, 'Live'),
(1429, 333, 15.00, 90, 70, 0, 1, 1, 1, 'Live'),
(1430, 267, 3.00, 90, 70, 0, 1, 1, 1, 'Live'),
(1431, 320, 0.50, 90, 70, 0, 1, 1, 1, 'Live'),
(1432, 98, 10.00, 90, 70, 0, 1, 1, 1, 'Live'),
(1433, 12, 10.00, 90, 70, 0, 1, 1, 1, 'Live'),
(1434, 250, 20.00, 90, 70, 0, 1, 1, 1, 'Live'),
(1435, 16, 60.00, 90, 70, 0, 1, 1, 1, 'Live'),
(1436, 218, 2.00, 90, 70, 0, 1, 1, 1, 'Live'),
(1437, 209, 15.00, 90, 70, 0, 1, 1, 1, 'Live'),
(1438, 301, 1.30, 90, 70, 0, 1, 1, 1, 'Live'),
(1439, 333, 10.00, 90, 70, 0, 2, 1, 1, 'Live'),
(1440, 267, 3.00, 90, 70, 0, 2, 1, 1, 'Live'),
(1441, 320, 0.25, 90, 70, 0, 2, 1, 1, 'Live'),
(1442, 12, 10.00, 90, 70, 0, 2, 1, 1, 'Live'),
(1443, 250, 10.00, 90, 70, 0, 2, 1, 1, 'Live'),
(1444, 17, 5.00, 90, 70, 0, 2, 1, 1, 'Live'),
(1445, 323, 20.00, 90, 70, 0, 2, 1, 1, 'Live'),
(1446, 16, 55.00, 90, 70, 0, 2, 1, 1, 'Live'),
(1447, 209, 10.00, 90, 70, 0, 2, 1, 1, 'Live'),
(1448, 301, 0.30, 90, 70, 0, 2, 1, 1, 'Live'),
(1449, 204, 83.50, 90, 70, 0, 2, 1, 1, 'Live'),
(1450, 190, 50.00, 90, 70, 0, 2, 1, 1, 'Live'),
(1451, 344, 600.00, 90, 70, 0, 145, 1, 1, 'Live'),
(1452, 59, 3.00, 90, 70, 0, 145, 1, 1, 'Live'),
(1453, 322, 10.00, 90, 70, 0, 83, 1, 1, 'Live'),
(1454, 320, 0.20, 90, 70, 0, 83, 1, 1, 'Live'),
(1455, 326, 15.00, 90, 70, 0, 83, 1, 1, 'Live'),
(1456, 100, 5.00, 90, 70, 0, 83, 1, 1, 'Live'),
(1457, 323, 20.00, 90, 70, 0, 83, 1, 1, 'Live'),
(1458, 315, 0.50, 90, 70, 0, 83, 1, 1, 'Live'),
(1471, 320, 0.40, 92, 72, 0, 85, 1, 1, 'Live'),
(1472, 326, 15.00, 92, 72, 0, 85, 1, 1, 'Live'),
(1473, 227, 25.00, 92, 72, 0, 85, 1, 1, 'Live'),
(1474, 100, 5.00, 92, 72, 0, 85, 1, 1, 'Live'),
(1475, 323, 50.00, 92, 72, 0, 85, 1, 1, 'Live'),
(1476, 212, 60.00, 92, 72, 0, 85, 1, 1, 'Live'),
(1477, 333, 15.00, 92, 72, 0, 1, 1, 1, 'Live'),
(1478, 267, 3.00, 92, 72, 0, 1, 1, 1, 'Live'),
(1479, 320, 0.50, 92, 72, 0, 1, 1, 1, 'Live'),
(1480, 98, 10.00, 92, 72, 0, 1, 1, 1, 'Live'),
(1481, 12, 10.00, 92, 72, 0, 1, 1, 1, 'Live'),
(1482, 250, 20.00, 92, 72, 0, 1, 1, 1, 'Live'),
(1483, 16, 60.00, 92, 72, 0, 1, 1, 1, 'Live'),
(1484, 218, 2.00, 92, 72, 0, 1, 1, 1, 'Live'),
(1485, 209, 15.00, 92, 72, 0, 1, 1, 1, 'Live'),
(1486, 301, 1.30, 92, 72, 0, 1, 1, 1, 'Live'),
(1487, 333, 15.00, 92, 72, 0, 1, 1, 1, 'Live'),
(1488, 267, 3.00, 92, 72, 0, 1, 1, 1, 'Live'),
(1489, 320, 0.50, 92, 72, 0, 1, 1, 1, 'Live'),
(1490, 98, 10.00, 92, 72, 0, 1, 1, 1, 'Live'),
(1491, 12, 10.00, 92, 72, 0, 1, 1, 1, 'Live'),
(1492, 250, 20.00, 92, 72, 0, 1, 1, 1, 'Live'),
(1493, 16, 60.00, 92, 72, 0, 1, 1, 1, 'Live'),
(1494, 218, 2.00, 92, 72, 0, 1, 1, 1, 'Live'),
(1495, 209, 15.00, 92, 72, 0, 1, 1, 1, 'Live'),
(1496, 301, 1.30, 92, 72, 0, 1, 1, 1, 'Live'),
(1497, 322, 10.00, 93, 73, 0, 84, 1, 1, 'Live'),
(1498, 320, 0.20, 93, 73, 0, 84, 1, 1, 'Live'),
(1499, 51, 20.00, 93, 73, 0, 84, 1, 1, 'Live'),
(1500, 326, 15.00, 93, 73, 0, 84, 1, 1, 'Live'),
(1501, 227, 25.00, 93, 73, 0, 84, 1, 1, 'Live'),
(1502, 53, 5.00, 93, 73, 0, 84, 1, 1, 'Live'),
(1503, 323, 20.00, 93, 73, 0, 84, 1, 1, 'Live'),
(1504, 321, 0.25, 93, 73, 0, 84, 1, 1, 'Live'),
(1505, 333, 10.00, 93, 73, 0, 2, 1, 1, 'Live'),
(1506, 267, 3.00, 93, 73, 0, 2, 1, 1, 'Live'),
(1507, 320, 0.25, 93, 73, 0, 2, 1, 1, 'Live'),
(1508, 12, 10.00, 93, 73, 0, 2, 1, 1, 'Live'),
(1509, 250, 10.00, 93, 73, 0, 2, 1, 1, 'Live'),
(1510, 17, 5.00, 93, 73, 0, 2, 1, 1, 'Live'),
(1511, 323, 20.00, 93, 73, 0, 2, 1, 1, 'Live'),
(1512, 16, 55.00, 93, 73, 0, 2, 1, 1, 'Live'),
(1513, 209, 10.00, 93, 73, 0, 2, 1, 1, 'Live'),
(1514, 301, 0.30, 93, 73, 0, 2, 1, 1, 'Live'),
(1515, 204, 83.50, 93, 73, 0, 2, 1, 1, 'Live'),
(1516, 190, 50.00, 93, 73, 0, 2, 1, 1, 'Live'),
(1517, 320, 0.40, 93, 73, 0, 85, 1, 1, 'Live'),
(1518, 326, 15.00, 93, 73, 0, 85, 1, 1, 'Live'),
(1519, 227, 25.00, 93, 73, 0, 85, 1, 1, 'Live'),
(1520, 100, 5.00, 93, 73, 0, 85, 1, 1, 'Live'),
(1521, 323, 50.00, 93, 73, 0, 85, 1, 1, 'Live'),
(1522, 212, 60.00, 93, 73, 0, 85, 1, 1, 'Live'),
(1523, 320, 0.40, 93, 73, 0, 85, 1, 1, 'Live'),
(1524, 326, 15.00, 93, 73, 0, 85, 1, 1, 'Live'),
(1525, 227, 25.00, 93, 73, 0, 85, 1, 1, 'Live'),
(1526, 100, 5.00, 93, 73, 0, 85, 1, 1, 'Live'),
(1527, 323, 50.00, 93, 73, 0, 85, 1, 1, 'Live'),
(1528, 212, 60.00, 93, 73, 0, 85, 1, 1, 'Live'),
(1529, 322, 10.00, 94, 74, 0, 84, 1, 1, 'Live'),
(1530, 320, 0.20, 94, 74, 0, 84, 1, 1, 'Live'),
(1531, 51, 20.00, 94, 74, 0, 84, 1, 1, 'Live'),
(1532, 326, 15.00, 94, 74, 0, 84, 1, 1, 'Live'),
(1533, 227, 25.00, 94, 74, 0, 84, 1, 1, 'Live'),
(1534, 53, 5.00, 94, 74, 0, 84, 1, 1, 'Live'),
(1535, 323, 20.00, 94, 74, 0, 84, 1, 1, 'Live'),
(1536, 321, 0.25, 94, 74, 0, 84, 1, 1, 'Live'),
(1537, 320, 0.40, 94, 74, 0, 85, 1, 1, 'Live'),
(1538, 326, 15.00, 94, 74, 0, 85, 1, 1, 'Live'),
(1539, 227, 25.00, 94, 74, 0, 85, 1, 1, 'Live'),
(1540, 100, 5.00, 94, 74, 0, 85, 1, 1, 'Live'),
(1541, 323, 50.00, 94, 74, 0, 85, 1, 1, 'Live'),
(1542, 212, 60.00, 94, 74, 0, 85, 1, 1, 'Live'),
(1543, 322, 10.00, 95, 75, 0, 84, 1, 1, 'Live'),
(1544, 320, 0.20, 95, 75, 0, 84, 1, 1, 'Live'),
(1545, 51, 20.00, 95, 75, 0, 84, 1, 1, 'Live'),
(1546, 326, 15.00, 95, 75, 0, 84, 1, 1, 'Live'),
(1547, 227, 25.00, 95, 75, 0, 84, 1, 1, 'Live'),
(1548, 53, 5.00, 95, 75, 0, 84, 1, 1, 'Live'),
(1549, 323, 20.00, 95, 75, 0, 84, 1, 1, 'Live'),
(1550, 321, 0.25, 95, 75, 0, 84, 1, 1, 'Live'),
(1551, 320, 0.40, 95, 75, 0, 85, 1, 1, 'Live'),
(1552, 326, 15.00, 95, 75, 0, 85, 1, 1, 'Live'),
(1553, 227, 25.00, 95, 75, 0, 85, 1, 1, 'Live'),
(1554, 100, 5.00, 95, 75, 0, 85, 1, 1, 'Live'),
(1555, 323, 50.00, 95, 75, 0, 85, 1, 1, 'Live'),
(1556, 212, 60.00, 95, 75, 0, 85, 1, 1, 'Live'),
(1557, 333, 15.00, 95, 75, 0, 1, 1, 1, 'Live'),
(1558, 267, 3.00, 95, 75, 0, 1, 1, 1, 'Live'),
(1559, 320, 0.50, 95, 75, 0, 1, 1, 1, 'Live'),
(1560, 98, 10.00, 95, 75, 0, 1, 1, 1, 'Live'),
(1561, 12, 10.00, 95, 75, 0, 1, 1, 1, 'Live'),
(1562, 250, 20.00, 95, 75, 0, 1, 1, 1, 'Live'),
(1563, 16, 60.00, 95, 75, 0, 1, 1, 1, 'Live'),
(1564, 218, 2.00, 95, 75, 0, 1, 1, 1, 'Live'),
(1565, 209, 15.00, 95, 75, 0, 1, 1, 1, 'Live'),
(1566, 301, 1.30, 95, 75, 0, 1, 1, 1, 'Live'),
(1567, 333, 10.00, 95, 75, 0, 2, 1, 1, 'Live'),
(1568, 267, 3.00, 95, 75, 0, 2, 1, 1, 'Live'),
(1569, 320, 0.25, 95, 75, 0, 2, 1, 1, 'Live'),
(1570, 12, 10.00, 95, 75, 0, 2, 1, 1, 'Live'),
(1571, 250, 10.00, 95, 75, 0, 2, 1, 1, 'Live'),
(1572, 17, 5.00, 95, 75, 0, 2, 1, 1, 'Live'),
(1573, 323, 20.00, 95, 75, 0, 2, 1, 1, 'Live'),
(1574, 16, 55.00, 95, 75, 0, 2, 1, 1, 'Live'),
(1575, 209, 10.00, 95, 75, 0, 2, 1, 1, 'Live'),
(1576, 301, 0.30, 95, 75, 0, 2, 1, 1, 'Live'),
(1577, 204, 83.50, 95, 75, 0, 2, 1, 1, 'Live'),
(1578, 190, 50.00, 95, 75, 0, 2, 1, 1, 'Live'),
(1579, 322, 10.00, 96, 76, 0, 84, 1, 1, 'Live'),
(1580, 320, 0.20, 96, 76, 0, 84, 1, 1, 'Live'),
(1581, 51, 20.00, 96, 76, 0, 84, 1, 1, 'Live'),
(1582, 326, 15.00, 96, 76, 0, 84, 1, 1, 'Live'),
(1583, 227, 25.00, 96, 76, 0, 84, 1, 1, 'Live'),
(1584, 53, 5.00, 96, 76, 0, 84, 1, 1, 'Live'),
(1585, 323, 20.00, 96, 76, 0, 84, 1, 1, 'Live'),
(1586, 321, 0.25, 96, 76, 0, 84, 1, 1, 'Live'),
(1587, 320, 0.40, 96, 76, 0, 85, 1, 1, 'Live'),
(1588, 326, 15.00, 96, 76, 0, 85, 1, 1, 'Live'),
(1589, 227, 25.00, 96, 76, 0, 85, 1, 1, 'Live'),
(1590, 100, 5.00, 96, 76, 0, 85, 1, 1, 'Live'),
(1591, 323, 50.00, 96, 76, 0, 85, 1, 1, 'Live'),
(1592, 212, 60.00, 96, 76, 0, 85, 1, 1, 'Live'),
(1593, 333, 15.00, 96, 76, 0, 1, 1, 1, 'Live'),
(1594, 267, 3.00, 96, 76, 0, 1, 1, 1, 'Live'),
(1595, 320, 0.50, 96, 76, 0, 1, 1, 1, 'Live'),
(1596, 98, 10.00, 96, 76, 0, 1, 1, 1, 'Live'),
(1597, 12, 10.00, 96, 76, 0, 1, 1, 1, 'Live'),
(1598, 250, 20.00, 96, 76, 0, 1, 1, 1, 'Live'),
(1599, 16, 60.00, 96, 76, 0, 1, 1, 1, 'Live'),
(1600, 218, 2.00, 96, 76, 0, 1, 1, 1, 'Live'),
(1601, 209, 15.00, 96, 76, 0, 1, 1, 1, 'Live'),
(1602, 301, 1.30, 96, 76, 0, 1, 1, 1, 'Live'),
(1603, 333, 10.00, 96, 76, 0, 2, 1, 1, 'Live'),
(1604, 267, 3.00, 96, 76, 0, 2, 1, 1, 'Live'),
(1605, 320, 0.25, 96, 76, 0, 2, 1, 1, 'Live'),
(1606, 12, 10.00, 96, 76, 0, 2, 1, 1, 'Live'),
(1607, 250, 10.00, 96, 76, 0, 2, 1, 1, 'Live'),
(1608, 17, 5.00, 96, 76, 0, 2, 1, 1, 'Live'),
(1609, 323, 20.00, 96, 76, 0, 2, 1, 1, 'Live'),
(1610, 16, 55.00, 96, 76, 0, 2, 1, 1, 'Live'),
(1611, 209, 10.00, 96, 76, 0, 2, 1, 1, 'Live'),
(1612, 301, 0.30, 96, 76, 0, 2, 1, 1, 'Live'),
(1613, 204, 83.50, 96, 76, 0, 2, 1, 1, 'Live'),
(1614, 190, 50.00, 96, 76, 0, 2, 1, 1, 'Live'),
(1615, 322, 10.00, 97, 77, 0, 84, 1, 1, 'Live'),
(1616, 320, 0.20, 97, 77, 0, 84, 1, 1, 'Live'),
(1617, 51, 20.00, 97, 77, 0, 84, 1, 1, 'Live'),
(1618, 326, 15.00, 97, 77, 0, 84, 1, 1, 'Live'),
(1619, 227, 25.00, 97, 77, 0, 84, 1, 1, 'Live'),
(1620, 53, 5.00, 97, 77, 0, 84, 1, 1, 'Live'),
(1621, 323, 20.00, 97, 77, 0, 84, 1, 1, 'Live'),
(1622, 321, 0.25, 97, 77, 0, 84, 1, 1, 'Live'),
(1623, 320, 0.40, 97, 77, 0, 85, 1, 1, 'Live'),
(1624, 326, 15.00, 97, 77, 0, 85, 1, 1, 'Live'),
(1625, 227, 25.00, 97, 77, 0, 85, 1, 1, 'Live'),
(1626, 100, 5.00, 97, 77, 0, 85, 1, 1, 'Live'),
(1627, 323, 50.00, 97, 77, 0, 85, 1, 1, 'Live'),
(1628, 212, 60.00, 97, 77, 0, 85, 1, 1, 'Live'),
(1629, 333, 15.00, 97, 77, 0, 1, 1, 1, 'Live'),
(1630, 267, 3.00, 97, 77, 0, 1, 1, 1, 'Live'),
(1631, 320, 0.50, 97, 77, 0, 1, 1, 1, 'Live'),
(1632, 98, 10.00, 97, 77, 0, 1, 1, 1, 'Live'),
(1633, 12, 10.00, 97, 77, 0, 1, 1, 1, 'Live'),
(1634, 250, 20.00, 97, 77, 0, 1, 1, 1, 'Live'),
(1635, 16, 60.00, 97, 77, 0, 1, 1, 1, 'Live'),
(1636, 218, 2.00, 97, 77, 0, 1, 1, 1, 'Live'),
(1637, 209, 15.00, 97, 77, 0, 1, 1, 1, 'Live'),
(1638, 301, 1.30, 97, 77, 0, 1, 1, 1, 'Live'),
(1639, 333, 10.00, 97, 77, 0, 2, 1, 1, 'Live'),
(1640, 267, 3.00, 97, 77, 0, 2, 1, 1, 'Live'),
(1641, 320, 0.25, 97, 77, 0, 2, 1, 1, 'Live'),
(1642, 12, 10.00, 97, 77, 0, 2, 1, 1, 'Live'),
(1643, 250, 10.00, 97, 77, 0, 2, 1, 1, 'Live'),
(1644, 17, 5.00, 97, 77, 0, 2, 1, 1, 'Live'),
(1645, 323, 20.00, 97, 77, 0, 2, 1, 1, 'Live'),
(1646, 16, 55.00, 97, 77, 0, 2, 1, 1, 'Live'),
(1647, 209, 10.00, 97, 77, 0, 2, 1, 1, 'Live'),
(1648, 301, 0.30, 97, 77, 0, 2, 1, 1, 'Live'),
(1649, 204, 83.50, 97, 77, 0, 2, 1, 1, 'Live'),
(1650, 190, 50.00, 97, 77, 0, 2, 1, 1, 'Live'),
(1651, 322, 10.00, 97, 77, 0, 83, 1, 1, 'Live'),
(1652, 320, 0.20, 97, 77, 0, 83, 1, 1, 'Live'),
(1653, 326, 15.00, 97, 77, 0, 83, 1, 1, 'Live'),
(1654, 100, 5.00, 97, 77, 0, 83, 1, 1, 'Live'),
(1655, 323, 20.00, 97, 77, 0, 83, 1, 1, 'Live'),
(1656, 315, 0.50, 97, 77, 0, 83, 1, 1, 'Live'),
(1657, 322, 10.00, 98, 78, 0, 84, 1, 1, 'Live'),
(1658, 320, 0.20, 98, 78, 0, 84, 1, 1, 'Live'),
(1659, 51, 20.00, 98, 78, 0, 84, 1, 1, 'Live'),
(1660, 326, 15.00, 98, 78, 0, 84, 1, 1, 'Live'),
(1661, 227, 25.00, 98, 78, 0, 84, 1, 1, 'Live'),
(1662, 53, 5.00, 98, 78, 0, 84, 1, 1, 'Live'),
(1663, 323, 20.00, 98, 78, 0, 84, 1, 1, 'Live'),
(1664, 321, 0.25, 98, 78, 0, 84, 1, 1, 'Live'),
(1665, 320, 0.40, 98, 78, 0, 85, 1, 1, 'Live'),
(1666, 326, 15.00, 98, 78, 0, 85, 1, 1, 'Live'),
(1667, 227, 25.00, 98, 78, 0, 85, 1, 1, 'Live'),
(1668, 100, 5.00, 98, 78, 0, 85, 1, 1, 'Live'),
(1669, 323, 50.00, 98, 78, 0, 85, 1, 1, 'Live'),
(1670, 212, 60.00, 98, 78, 0, 85, 1, 1, 'Live'),
(1671, 333, 15.00, 98, 78, 0, 1, 1, 1, 'Live'),
(1672, 267, 3.00, 98, 78, 0, 1, 1, 1, 'Live'),
(1673, 320, 0.50, 98, 78, 0, 1, 1, 1, 'Live'),
(1674, 98, 10.00, 98, 78, 0, 1, 1, 1, 'Live'),
(1675, 12, 10.00, 98, 78, 0, 1, 1, 1, 'Live'),
(1676, 250, 20.00, 98, 78, 0, 1, 1, 1, 'Live'),
(1677, 16, 60.00, 98, 78, 0, 1, 1, 1, 'Live'),
(1678, 218, 2.00, 98, 78, 0, 1, 1, 1, 'Live'),
(1679, 209, 15.00, 98, 78, 0, 1, 1, 1, 'Live'),
(1680, 301, 1.30, 98, 78, 0, 1, 1, 1, 'Live'),
(1681, 333, 10.00, 98, 78, 0, 2, 1, 1, 'Live'),
(1682, 267, 3.00, 98, 78, 0, 2, 1, 1, 'Live'),
(1683, 320, 0.25, 98, 78, 0, 2, 1, 1, 'Live'),
(1684, 12, 10.00, 98, 78, 0, 2, 1, 1, 'Live'),
(1685, 250, 10.00, 98, 78, 0, 2, 1, 1, 'Live'),
(1686, 17, 5.00, 98, 78, 0, 2, 1, 1, 'Live'),
(1687, 323, 20.00, 98, 78, 0, 2, 1, 1, 'Live'),
(1688, 16, 55.00, 98, 78, 0, 2, 1, 1, 'Live'),
(1689, 209, 10.00, 98, 78, 0, 2, 1, 1, 'Live'),
(1690, 301, 0.30, 98, 78, 0, 2, 1, 1, 'Live'),
(1691, 204, 83.50, 98, 78, 0, 2, 1, 1, 'Live'),
(1692, 190, 50.00, 98, 78, 0, 2, 1, 1, 'Live'),
(1693, 344, 600.00, 98, 78, 0, 145, 1, 1, 'Live'),
(1694, 59, 3.00, 98, 78, 0, 145, 1, 1, 'Live'),
(1695, 322, 10.00, 98, 78, 0, 83, 1, 1, 'Live'),
(1696, 320, 0.20, 98, 78, 0, 83, 1, 1, 'Live'),
(1697, 326, 15.00, 98, 78, 0, 83, 1, 1, 'Live'),
(1698, 100, 5.00, 98, 78, 0, 83, 1, 1, 'Live'),
(1699, 323, 20.00, 98, 78, 0, 83, 1, 1, 'Live'),
(1700, 315, 0.50, 98, 78, 0, 83, 1, 1, 'Live'),
(1701, 322, 10.00, 99, 79, 0, 84, 1, 1, 'Live'),
(1702, 320, 0.20, 99, 79, 0, 84, 1, 1, 'Live'),
(1703, 51, 20.00, 99, 79, 0, 84, 1, 1, 'Live'),
(1704, 326, 15.00, 99, 79, 0, 84, 1, 1, 'Live'),
(1705, 227, 25.00, 99, 79, 0, 84, 1, 1, 'Live'),
(1706, 53, 5.00, 99, 79, 0, 84, 1, 1, 'Live'),
(1707, 323, 20.00, 99, 79, 0, 84, 1, 1, 'Live'),
(1708, 321, 0.25, 99, 79, 0, 84, 1, 1, 'Live'),
(1709, 320, 0.40, 99, 79, 0, 85, 1, 1, 'Live'),
(1710, 326, 15.00, 99, 79, 0, 85, 1, 1, 'Live'),
(1711, 227, 25.00, 99, 79, 0, 85, 1, 1, 'Live'),
(1712, 100, 5.00, 99, 79, 0, 85, 1, 1, 'Live'),
(1713, 323, 50.00, 99, 79, 0, 85, 1, 1, 'Live'),
(1714, 212, 60.00, 99, 79, 0, 85, 1, 1, 'Live'),
(1715, 333, 15.00, 99, 79, 0, 1, 1, 1, 'Live'),
(1716, 267, 3.00, 99, 79, 0, 1, 1, 1, 'Live'),
(1717, 320, 0.50, 99, 79, 0, 1, 1, 1, 'Live'),
(1718, 98, 10.00, 99, 79, 0, 1, 1, 1, 'Live'),
(1719, 12, 10.00, 99, 79, 0, 1, 1, 1, 'Live'),
(1720, 250, 20.00, 99, 79, 0, 1, 1, 1, 'Live'),
(1721, 16, 60.00, 99, 79, 0, 1, 1, 1, 'Live'),
(1722, 218, 2.00, 99, 79, 0, 1, 1, 1, 'Live'),
(1723, 209, 15.00, 99, 79, 0, 1, 1, 1, 'Live'),
(1724, 301, 1.30, 99, 79, 0, 1, 1, 1, 'Live'),
(1725, 333, 10.00, 99, 79, 0, 2, 1, 1, 'Live'),
(1726, 267, 3.00, 99, 79, 0, 2, 1, 1, 'Live'),
(1727, 320, 0.25, 99, 79, 0, 2, 1, 1, 'Live'),
(1728, 12, 10.00, 99, 79, 0, 2, 1, 1, 'Live'),
(1729, 250, 10.00, 99, 79, 0, 2, 1, 1, 'Live'),
(1730, 17, 5.00, 99, 79, 0, 2, 1, 1, 'Live'),
(1731, 323, 20.00, 99, 79, 0, 2, 1, 1, 'Live'),
(1732, 16, 55.00, 99, 79, 0, 2, 1, 1, 'Live'),
(1733, 209, 10.00, 99, 79, 0, 2, 1, 1, 'Live'),
(1734, 301, 0.30, 99, 79, 0, 2, 1, 1, 'Live'),
(1735, 204, 83.50, 99, 79, 0, 2, 1, 1, 'Live'),
(1736, 190, 50.00, 99, 79, 0, 2, 1, 1, 'Live'),
(1737, 322, 10.00, 100, 80, 0, 84, 1, 1, 'Live'),
(1738, 320, 0.20, 100, 80, 0, 84, 1, 1, 'Live'),
(1739, 51, 20.00, 100, 80, 0, 84, 1, 1, 'Live'),
(1740, 326, 15.00, 100, 80, 0, 84, 1, 1, 'Live'),
(1741, 227, 25.00, 100, 80, 0, 84, 1, 1, 'Live'),
(1742, 53, 5.00, 100, 80, 0, 84, 1, 1, 'Live'),
(1743, 323, 20.00, 100, 80, 0, 84, 1, 1, 'Live'),
(1744, 321, 0.25, 100, 80, 0, 84, 1, 1, 'Live'),
(1745, 320, 0.40, 100, 80, 0, 85, 1, 1, 'Live'),
(1746, 326, 15.00, 100, 80, 0, 85, 1, 1, 'Live'),
(1747, 227, 25.00, 100, 80, 0, 85, 1, 1, 'Live'),
(1748, 100, 5.00, 100, 80, 0, 85, 1, 1, 'Live'),
(1749, 323, 50.00, 100, 80, 0, 85, 1, 1, 'Live'),
(1750, 212, 60.00, 100, 80, 0, 85, 1, 1, 'Live'),
(1751, 322, 10.00, 101, 81, 0, 84, 1, 1, 'Live'),
(1752, 320, 0.20, 101, 81, 0, 84, 1, 1, 'Live'),
(1753, 51, 20.00, 101, 81, 0, 84, 1, 1, 'Live'),
(1754, 326, 15.00, 101, 81, 0, 84, 1, 1, 'Live'),
(1755, 227, 25.00, 101, 81, 0, 84, 1, 1, 'Live'),
(1756, 53, 5.00, 101, 81, 0, 84, 1, 1, 'Live'),
(1757, 323, 20.00, 101, 81, 0, 84, 1, 1, 'Live'),
(1758, 321, 0.25, 101, 81, 0, 84, 1, 1, 'Live'),
(1759, 333, 15.00, 101, 81, 0, 1, 1, 1, 'Live'),
(1760, 267, 3.00, 101, 81, 0, 1, 1, 1, 'Live'),
(1761, 320, 0.50, 101, 81, 0, 1, 1, 1, 'Live'),
(1762, 98, 10.00, 101, 81, 0, 1, 1, 1, 'Live'),
(1763, 12, 10.00, 101, 81, 0, 1, 1, 1, 'Live'),
(1764, 250, 20.00, 101, 81, 0, 1, 1, 1, 'Live'),
(1765, 16, 60.00, 101, 81, 0, 1, 1, 1, 'Live'),
(1766, 218, 2.00, 101, 81, 0, 1, 1, 1, 'Live'),
(1767, 209, 15.00, 101, 81, 0, 1, 1, 1, 'Live'),
(1768, 301, 1.30, 101, 81, 0, 1, 1, 1, 'Live'),
(1769, 333, 10.00, 102, 71, 0, 2, 1, 1, 'Live'),
(1770, 267, 3.00, 102, 71, 0, 2, 1, 1, 'Live'),
(1771, 320, 0.25, 102, 71, 0, 2, 1, 1, 'Live'),
(1772, 12, 10.00, 102, 71, 0, 2, 1, 1, 'Live'),
(1773, 250, 10.00, 102, 71, 0, 2, 1, 1, 'Live'),
(1774, 17, 5.00, 102, 71, 0, 2, 1, 1, 'Live'),
(1775, 323, 20.00, 102, 71, 0, 2, 1, 1, 'Live'),
(1776, 16, 55.00, 102, 71, 0, 2, 1, 1, 'Live'),
(1777, 209, 10.00, 102, 71, 0, 2, 1, 1, 'Live'),
(1778, 301, 0.30, 102, 71, 0, 2, 1, 1, 'Live'),
(1779, 204, 83.50, 102, 71, 0, 2, 1, 1, 'Live'),
(1780, 190, 50.00, 102, 71, 0, 2, 1, 1, 'Live'),
(1781, 322, 10.00, 103, 82, 0, 84, 1, 1, 'Live'),
(1782, 320, 0.20, 103, 82, 0, 84, 1, 1, 'Live'),
(1783, 51, 20.00, 103, 82, 0, 84, 1, 1, 'Live'),
(1784, 326, 15.00, 103, 82, 0, 84, 1, 1, 'Live'),
(1785, 227, 25.00, 103, 82, 0, 84, 1, 1, 'Live'),
(1786, 53, 5.00, 103, 82, 0, 84, 1, 1, 'Live'),
(1787, 323, 20.00, 103, 82, 0, 84, 1, 1, 'Live'),
(1788, 321, 0.25, 103, 82, 0, 84, 1, 1, 'Live'),
(1789, 320, 0.40, 103, 82, 0, 85, 1, 1, 'Live'),
(1790, 326, 15.00, 103, 82, 0, 85, 1, 1, 'Live'),
(1791, 227, 25.00, 103, 82, 0, 85, 1, 1, 'Live'),
(1792, 100, 5.00, 103, 82, 0, 85, 1, 1, 'Live'),
(1793, 323, 50.00, 103, 82, 0, 85, 1, 1, 'Live'),
(1794, 212, 60.00, 103, 82, 0, 85, 1, 1, 'Live'),
(1795, 333, 15.00, 103, 82, 0, 1, 1, 1, 'Live'),
(1796, 267, 3.00, 103, 82, 0, 1, 1, 1, 'Live'),
(1797, 320, 0.50, 103, 82, 0, 1, 1, 1, 'Live'),
(1798, 98, 10.00, 103, 82, 0, 1, 1, 1, 'Live'),
(1799, 12, 10.00, 103, 82, 0, 1, 1, 1, 'Live'),
(1800, 250, 20.00, 103, 82, 0, 1, 1, 1, 'Live'),
(1801, 16, 60.00, 103, 82, 0, 1, 1, 1, 'Live'),
(1802, 218, 2.00, 103, 82, 0, 1, 1, 1, 'Live'),
(1803, 209, 15.00, 103, 82, 0, 1, 1, 1, 'Live'),
(1804, 301, 1.30, 103, 82, 0, 1, 1, 1, 'Live'),
(1805, 333, 10.00, 103, 82, 0, 2, 1, 1, 'Live'),
(1806, 267, 3.00, 103, 82, 0, 2, 1, 1, 'Live'),
(1807, 320, 0.25, 103, 82, 0, 2, 1, 1, 'Live'),
(1808, 12, 10.00, 103, 82, 0, 2, 1, 1, 'Live'),
(1809, 250, 10.00, 103, 82, 0, 2, 1, 1, 'Live'),
(1810, 17, 5.00, 103, 82, 0, 2, 1, 1, 'Live'),
(1811, 323, 20.00, 103, 82, 0, 2, 1, 1, 'Live'),
(1812, 16, 55.00, 103, 82, 0, 2, 1, 1, 'Live'),
(1813, 209, 10.00, 103, 82, 0, 2, 1, 1, 'Live'),
(1814, 301, 0.30, 103, 82, 0, 2, 1, 1, 'Live'),
(1815, 204, 83.50, 103, 82, 0, 2, 1, 1, 'Live'),
(1816, 190, 50.00, 103, 82, 0, 2, 1, 1, 'Live'),
(1817, 322, 10.00, 104, 83, 0, 84, 1, 1, 'Live'),
(1818, 320, 0.20, 104, 83, 0, 84, 1, 1, 'Live'),
(1819, 51, 20.00, 104, 83, 0, 84, 1, 1, 'Live'),
(1820, 326, 15.00, 104, 83, 0, 84, 1, 1, 'Live'),
(1821, 227, 25.00, 104, 83, 0, 84, 1, 1, 'Live'),
(1822, 53, 5.00, 104, 83, 0, 84, 1, 1, 'Live'),
(1823, 323, 20.00, 104, 83, 0, 84, 1, 1, 'Live'),
(1824, 321, 0.25, 104, 83, 0, 84, 1, 1, 'Live'),
(1825, 320, 0.40, 104, 83, 0, 85, 1, 1, 'Live'),
(1826, 326, 15.00, 104, 83, 0, 85, 1, 1, 'Live'),
(1827, 227, 25.00, 104, 83, 0, 85, 1, 1, 'Live'),
(1828, 100, 5.00, 104, 83, 0, 85, 1, 1, 'Live'),
(1829, 323, 50.00, 104, 83, 0, 85, 1, 1, 'Live'),
(1830, 212, 60.00, 104, 83, 0, 85, 1, 1, 'Live'),
(1831, 322, 10.00, 105, 84, 0, 84, 1, 1, 'Live'),
(1832, 320, 0.20, 105, 84, 0, 84, 1, 1, 'Live'),
(1833, 51, 20.00, 105, 84, 0, 84, 1, 1, 'Live'),
(1834, 326, 15.00, 105, 84, 0, 84, 1, 1, 'Live'),
(1835, 227, 25.00, 105, 84, 0, 84, 1, 1, 'Live'),
(1836, 53, 5.00, 105, 84, 0, 84, 1, 1, 'Live'),
(1837, 323, 20.00, 105, 84, 0, 84, 1, 1, 'Live'),
(1838, 321, 0.25, 105, 84, 0, 84, 1, 1, 'Live'),
(1839, 320, 0.40, 105, 84, 0, 85, 1, 1, 'Live'),
(1840, 326, 15.00, 105, 84, 0, 85, 1, 1, 'Live'),
(1841, 227, 25.00, 105, 84, 0, 85, 1, 1, 'Live'),
(1842, 100, 5.00, 105, 84, 0, 85, 1, 1, 'Live'),
(1843, 323, 50.00, 105, 84, 0, 85, 1, 1, 'Live'),
(1844, 212, 60.00, 105, 84, 0, 85, 1, 1, 'Live'),
(1845, 333, 15.00, 105, 84, 0, 1, 1, 1, 'Live'),
(1846, 267, 3.00, 105, 84, 0, 1, 1, 1, 'Live'),
(1847, 320, 0.50, 105, 84, 0, 1, 1, 1, 'Live'),
(1848, 98, 10.00, 105, 84, 0, 1, 1, 1, 'Live'),
(1849, 12, 10.00, 105, 84, 0, 1, 1, 1, 'Live'),
(1850, 250, 20.00, 105, 84, 0, 1, 1, 1, 'Live'),
(1851, 16, 60.00, 105, 84, 0, 1, 1, 1, 'Live'),
(1852, 218, 2.00, 105, 84, 0, 1, 1, 1, 'Live'),
(1853, 209, 15.00, 105, 84, 0, 1, 1, 1, 'Live'),
(1854, 301, 1.30, 105, 84, 0, 1, 1, 1, 'Live'),
(1855, 333, 10.00, 105, 84, 0, 2, 1, 1, 'Live'),
(1856, 267, 3.00, 105, 84, 0, 2, 1, 1, 'Live'),
(1857, 320, 0.25, 105, 84, 0, 2, 1, 1, 'Live'),
(1858, 12, 10.00, 105, 84, 0, 2, 1, 1, 'Live'),
(1859, 250, 10.00, 105, 84, 0, 2, 1, 1, 'Live'),
(1860, 17, 5.00, 105, 84, 0, 2, 1, 1, 'Live'),
(1861, 323, 20.00, 105, 84, 0, 2, 1, 1, 'Live'),
(1862, 16, 55.00, 105, 84, 0, 2, 1, 1, 'Live'),
(1863, 209, 10.00, 105, 84, 0, 2, 1, 1, 'Live'),
(1864, 301, 0.30, 105, 84, 0, 2, 1, 1, 'Live'),
(1865, 204, 83.50, 105, 84, 0, 2, 1, 1, 'Live'),
(1866, 190, 50.00, 105, 84, 0, 2, 1, 1, 'Live'),
(1867, 344, 600.00, 105, 84, 0, 145, 1, 1, 'Live'),
(1868, 59, 3.00, 105, 84, 0, 145, 1, 1, 'Live'),
(1869, 322, 10.00, 105, 84, 0, 83, 1, 1, 'Live'),
(1870, 320, 0.20, 105, 84, 0, 83, 1, 1, 'Live'),
(1871, 326, 15.00, 105, 84, 0, 83, 1, 1, 'Live'),
(1872, 100, 5.00, 105, 84, 0, 83, 1, 1, 'Live'),
(1873, 323, 20.00, 105, 84, 0, 83, 1, 1, 'Live'),
(1874, 315, 0.50, 105, 84, 0, 83, 1, 1, 'Live'),
(1875, 322, 10.00, 106, 85, 0, 84, 1, 1, 'Live'),
(1876, 320, 0.20, 106, 85, 0, 84, 1, 1, 'Live'),
(1877, 51, 20.00, 106, 85, 0, 84, 1, 1, 'Live'),
(1878, 326, 15.00, 106, 85, 0, 84, 1, 1, 'Live'),
(1879, 227, 25.00, 106, 85, 0, 84, 1, 1, 'Live'),
(1880, 53, 5.00, 106, 85, 0, 84, 1, 1, 'Live'),
(1881, 323, 20.00, 106, 85, 0, 84, 1, 1, 'Live'),
(1882, 321, 0.25, 106, 85, 0, 84, 1, 1, 'Live'),
(1883, 320, 0.40, 106, 85, 0, 85, 1, 1, 'Live'),
(1884, 326, 15.00, 106, 85, 0, 85, 1, 1, 'Live'),
(1885, 227, 25.00, 106, 85, 0, 85, 1, 1, 'Live'),
(1886, 100, 5.00, 106, 85, 0, 85, 1, 1, 'Live'),
(1887, 323, 50.00, 106, 85, 0, 85, 1, 1, 'Live'),
(1888, 212, 60.00, 106, 85, 0, 85, 1, 1, 'Live'),
(1889, 333, 15.00, 106, 85, 0, 1, 1, 1, 'Live'),
(1890, 267, 3.00, 106, 85, 0, 1, 1, 1, 'Live'),
(1891, 320, 0.50, 106, 85, 0, 1, 1, 1, 'Live'),
(1892, 98, 10.00, 106, 85, 0, 1, 1, 1, 'Live'),
(1893, 12, 10.00, 106, 85, 0, 1, 1, 1, 'Live'),
(1894, 250, 20.00, 106, 85, 0, 1, 1, 1, 'Live'),
(1895, 16, 60.00, 106, 85, 0, 1, 1, 1, 'Live'),
(1896, 218, 2.00, 106, 85, 0, 1, 1, 1, 'Live'),
(1897, 209, 15.00, 106, 85, 0, 1, 1, 1, 'Live'),
(1898, 301, 1.30, 106, 85, 0, 1, 1, 1, 'Live'),
(1899, 333, 10.00, 106, 85, 0, 2, 1, 1, 'Live'),
(1900, 267, 3.00, 106, 85, 0, 2, 1, 1, 'Live'),
(1901, 320, 0.25, 106, 85, 0, 2, 1, 1, 'Live'),
(1902, 12, 10.00, 106, 85, 0, 2, 1, 1, 'Live'),
(1903, 250, 10.00, 106, 85, 0, 2, 1, 1, 'Live'),
(1904, 17, 5.00, 106, 85, 0, 2, 1, 1, 'Live'),
(1905, 323, 20.00, 106, 85, 0, 2, 1, 1, 'Live'),
(1906, 16, 55.00, 106, 85, 0, 2, 1, 1, 'Live'),
(1907, 209, 10.00, 106, 85, 0, 2, 1, 1, 'Live'),
(1908, 301, 0.30, 106, 85, 0, 2, 1, 1, 'Live'),
(1909, 204, 83.50, 106, 85, 0, 2, 1, 1, 'Live'),
(1910, 190, 50.00, 106, 85, 0, 2, 1, 1, 'Live'),
(1911, 344, 600.00, 106, 85, 0, 145, 1, 1, 'Live'),
(1912, 59, 3.00, 106, 85, 0, 145, 1, 1, 'Live'),
(1913, 322, 10.00, 106, 85, 0, 83, 1, 1, 'Live'),
(1914, 320, 0.20, 106, 85, 0, 83, 1, 1, 'Live'),
(1915, 326, 15.00, 106, 85, 0, 83, 1, 1, 'Live'),
(1916, 100, 5.00, 106, 85, 0, 83, 1, 1, 'Live'),
(1917, 323, 20.00, 106, 85, 0, 83, 1, 1, 'Live'),
(1918, 315, 0.50, 106, 85, 0, 83, 1, 1, 'Live'),
(1919, 322, 10.00, 107, 86, 0, 84, 1, 1, 'Live'),
(1920, 320, 0.20, 107, 86, 0, 84, 1, 1, 'Live'),
(1921, 51, 20.00, 107, 86, 0, 84, 1, 1, 'Live'),
(1922, 326, 15.00, 107, 86, 0, 84, 1, 1, 'Live'),
(1923, 227, 25.00, 107, 86, 0, 84, 1, 1, 'Live'),
(1924, 53, 5.00, 107, 86, 0, 84, 1, 1, 'Live'),
(1925, 323, 20.00, 107, 86, 0, 84, 1, 1, 'Live'),
(1926, 321, 0.25, 107, 86, 0, 84, 1, 1, 'Live'),
(1927, 320, 0.40, 107, 86, 0, 85, 1, 1, 'Live'),
(1928, 326, 15.00, 107, 86, 0, 85, 1, 1, 'Live'),
(1929, 227, 25.00, 107, 86, 0, 85, 1, 1, 'Live'),
(1930, 100, 5.00, 107, 86, 0, 85, 1, 1, 'Live'),
(1931, 323, 50.00, 107, 86, 0, 85, 1, 1, 'Live'),
(1932, 212, 60.00, 107, 86, 0, 85, 1, 1, 'Live'),
(1933, 333, 15.00, 107, 86, 0, 1, 1, 1, 'Live'),
(1934, 267, 3.00, 107, 86, 0, 1, 1, 1, 'Live'),
(1935, 320, 0.50, 107, 86, 0, 1, 1, 1, 'Live'),
(1936, 98, 10.00, 107, 86, 0, 1, 1, 1, 'Live'),
(1937, 12, 10.00, 107, 86, 0, 1, 1, 1, 'Live'),
(1938, 250, 20.00, 107, 86, 0, 1, 1, 1, 'Live'),
(1939, 16, 60.00, 107, 86, 0, 1, 1, 1, 'Live'),
(1940, 218, 2.00, 107, 86, 0, 1, 1, 1, 'Live'),
(1941, 209, 15.00, 107, 86, 0, 1, 1, 1, 'Live'),
(1942, 301, 1.30, 107, 86, 0, 1, 1, 1, 'Live'),
(1943, 333, 10.00, 107, 86, 0, 2, 1, 1, 'Live'),
(1944, 267, 3.00, 107, 86, 0, 2, 1, 1, 'Live'),
(1945, 320, 0.25, 107, 86, 0, 2, 1, 1, 'Live'),
(1946, 12, 10.00, 107, 86, 0, 2, 1, 1, 'Live'),
(1947, 250, 10.00, 107, 86, 0, 2, 1, 1, 'Live'),
(1948, 17, 5.00, 107, 86, 0, 2, 1, 1, 'Live'),
(1949, 323, 20.00, 107, 86, 0, 2, 1, 1, 'Live'),
(1950, 16, 55.00, 107, 86, 0, 2, 1, 1, 'Live'),
(1951, 209, 10.00, 107, 86, 0, 2, 1, 1, 'Live'),
(1952, 301, 0.30, 107, 86, 0, 2, 1, 1, 'Live'),
(1953, 204, 83.50, 107, 86, 0, 2, 1, 1, 'Live'),
(1954, 190, 50.00, 107, 86, 0, 2, 1, 1, 'Live'),
(1955, 344, 600.00, 107, 86, 0, 145, 1, 1, 'Live'),
(1956, 59, 3.00, 107, 86, 0, 145, 1, 1, 'Live'),
(1957, 322, 10.00, 107, 86, 0, 83, 1, 1, 'Live'),
(1958, 320, 0.20, 107, 86, 0, 83, 1, 1, 'Live'),
(1959, 326, 15.00, 107, 86, 0, 83, 1, 1, 'Live'),
(1960, 100, 5.00, 107, 86, 0, 83, 1, 1, 'Live'),
(1961, 323, 20.00, 107, 86, 0, 83, 1, 1, 'Live'),
(1962, 315, 0.50, 107, 86, 0, 83, 1, 1, 'Live'),
(1963, 322, 10.00, 108, 87, 0, 84, 1, 1, 'Live'),
(1964, 320, 0.20, 108, 87, 0, 84, 1, 1, 'Live'),
(1965, 51, 20.00, 108, 87, 0, 84, 1, 1, 'Live'),
(1966, 326, 15.00, 108, 87, 0, 84, 1, 1, 'Live'),
(1967, 227, 25.00, 108, 87, 0, 84, 1, 1, 'Live'),
(1968, 53, 5.00, 108, 87, 0, 84, 1, 1, 'Live'),
(1969, 323, 20.00, 108, 87, 0, 84, 1, 1, 'Live'),
(1970, 321, 0.25, 108, 87, 0, 84, 1, 1, 'Live'),
(1971, 320, 0.40, 108, 87, 0, 85, 1, 1, 'Live'),
(1972, 326, 15.00, 108, 87, 0, 85, 1, 1, 'Live'),
(1973, 227, 25.00, 108, 87, 0, 85, 1, 1, 'Live'),
(1974, 100, 5.00, 108, 87, 0, 85, 1, 1, 'Live'),
(1975, 323, 50.00, 108, 87, 0, 85, 1, 1, 'Live'),
(1976, 212, 60.00, 108, 87, 0, 85, 1, 1, 'Live'),
(1977, 333, 15.00, 108, 87, 0, 1, 1, 1, 'Live'),
(1978, 267, 3.00, 108, 87, 0, 1, 1, 1, 'Live'),
(1979, 320, 0.50, 108, 87, 0, 1, 1, 1, 'Live'),
(1980, 98, 10.00, 108, 87, 0, 1, 1, 1, 'Live'),
(1981, 12, 10.00, 108, 87, 0, 1, 1, 1, 'Live'),
(1982, 250, 20.00, 108, 87, 0, 1, 1, 1, 'Live'),
(1983, 16, 60.00, 108, 87, 0, 1, 1, 1, 'Live'),
(1984, 218, 2.00, 108, 87, 0, 1, 1, 1, 'Live'),
(1985, 209, 15.00, 108, 87, 0, 1, 1, 1, 'Live'),
(1986, 301, 1.30, 108, 87, 0, 1, 1, 1, 'Live'),
(1987, 333, 10.00, 108, 87, 0, 2, 1, 1, 'Live'),
(1988, 267, 3.00, 108, 87, 0, 2, 1, 1, 'Live'),
(1989, 320, 0.25, 108, 87, 0, 2, 1, 1, 'Live'),
(1990, 12, 10.00, 108, 87, 0, 2, 1, 1, 'Live'),
(1991, 250, 10.00, 108, 87, 0, 2, 1, 1, 'Live'),
(1992, 17, 5.00, 108, 87, 0, 2, 1, 1, 'Live'),
(1993, 323, 20.00, 108, 87, 0, 2, 1, 1, 'Live'),
(1994, 16, 55.00, 108, 87, 0, 2, 1, 1, 'Live'),
(1995, 209, 10.00, 108, 87, 0, 2, 1, 1, 'Live'),
(1996, 301, 0.30, 108, 87, 0, 2, 1, 1, 'Live'),
(1997, 204, 83.50, 108, 87, 0, 2, 1, 1, 'Live'),
(1998, 190, 50.00, 108, 87, 0, 2, 1, 1, 'Live'),
(1999, 344, 600.00, 108, 87, 0, 145, 1, 1, 'Live'),
(2000, 59, 3.00, 108, 87, 0, 145, 1, 1, 'Live'),
(2001, 322, 10.00, 108, 87, 0, 83, 1, 1, 'Live'),
(2002, 320, 0.20, 108, 87, 0, 83, 1, 1, 'Live'),
(2003, 326, 15.00, 108, 87, 0, 83, 1, 1, 'Live'),
(2004, 100, 5.00, 108, 87, 0, 83, 1, 1, 'Live'),
(2005, 323, 20.00, 108, 87, 0, 83, 1, 1, 'Live'),
(2006, 315, 0.50, 108, 87, 0, 83, 1, 1, 'Live'),
(2007, 322, 10.00, 109, 88, 0, 84, 1, 1, 'Live'),
(2008, 320, 0.20, 109, 88, 0, 84, 1, 1, 'Live'),
(2009, 51, 20.00, 109, 88, 0, 84, 1, 1, 'Live'),
(2010, 326, 15.00, 109, 88, 0, 84, 1, 1, 'Live'),
(2011, 227, 25.00, 109, 88, 0, 84, 1, 1, 'Live'),
(2012, 53, 5.00, 109, 88, 0, 84, 1, 1, 'Live'),
(2013, 323, 20.00, 109, 88, 0, 84, 1, 1, 'Live'),
(2014, 321, 0.25, 109, 88, 0, 84, 1, 1, 'Live'),
(2015, 320, 0.40, 109, 88, 0, 85, 1, 1, 'Live'),
(2016, 326, 15.00, 109, 88, 0, 85, 1, 1, 'Live'),
(2017, 227, 25.00, 109, 88, 0, 85, 1, 1, 'Live'),
(2018, 100, 5.00, 109, 88, 0, 85, 1, 1, 'Live'),
(2019, 323, 50.00, 109, 88, 0, 85, 1, 1, 'Live'),
(2020, 212, 60.00, 109, 88, 0, 85, 1, 1, 'Live'),
(2021, 333, 15.00, 109, 88, 0, 1, 1, 1, 'Live'),
(2022, 267, 3.00, 109, 88, 0, 1, 1, 1, 'Live'),
(2023, 320, 0.50, 109, 88, 0, 1, 1, 1, 'Live'),
(2024, 98, 10.00, 109, 88, 0, 1, 1, 1, 'Live'),
(2025, 12, 10.00, 109, 88, 0, 1, 1, 1, 'Live'),
(2026, 250, 20.00, 109, 88, 0, 1, 1, 1, 'Live'),
(2027, 16, 60.00, 109, 88, 0, 1, 1, 1, 'Live'),
(2028, 218, 2.00, 109, 88, 0, 1, 1, 1, 'Live'),
(2029, 209, 15.00, 109, 88, 0, 1, 1, 1, 'Live'),
(2030, 301, 1.30, 109, 88, 0, 1, 1, 1, 'Live'),
(2031, 333, 10.00, 109, 88, 0, 2, 1, 1, 'Live'),
(2032, 267, 3.00, 109, 88, 0, 2, 1, 1, 'Live'),
(2033, 320, 0.25, 109, 88, 0, 2, 1, 1, 'Live'),
(2034, 12, 10.00, 109, 88, 0, 2, 1, 1, 'Live'),
(2035, 250, 10.00, 109, 88, 0, 2, 1, 1, 'Live'),
(2036, 17, 5.00, 109, 88, 0, 2, 1, 1, 'Live'),
(2037, 323, 20.00, 109, 88, 0, 2, 1, 1, 'Live'),
(2038, 16, 55.00, 109, 88, 0, 2, 1, 1, 'Live'),
(2039, 209, 10.00, 109, 88, 0, 2, 1, 1, 'Live'),
(2040, 301, 0.30, 109, 88, 0, 2, 1, 1, 'Live'),
(2041, 204, 83.50, 109, 88, 0, 2, 1, 1, 'Live'),
(2042, 190, 50.00, 109, 88, 0, 2, 1, 1, 'Live'),
(2043, 344, 600.00, 109, 88, 0, 145, 1, 1, 'Live'),
(2044, 59, 3.00, 109, 88, 0, 145, 1, 1, 'Live'),
(2045, 322, 10.00, 109, 88, 0, 83, 1, 1, 'Live'),
(2046, 320, 0.20, 109, 88, 0, 83, 1, 1, 'Live'),
(2047, 326, 15.00, 109, 88, 0, 83, 1, 1, 'Live'),
(2048, 100, 5.00, 109, 88, 0, 83, 1, 1, 'Live'),
(2049, 323, 20.00, 109, 88, 0, 83, 1, 1, 'Live'),
(2050, 315, 0.50, 109, 88, 0, 83, 1, 1, 'Live'),
(2051, 322, 10.00, 110, 89, 0, 84, 1, 1, 'Live'),
(2052, 320, 0.20, 110, 89, 0, 84, 1, 1, 'Live'),
(2053, 51, 20.00, 110, 89, 0, 84, 1, 1, 'Live'),
(2054, 326, 15.00, 110, 89, 0, 84, 1, 1, 'Live'),
(2055, 227, 25.00, 110, 89, 0, 84, 1, 1, 'Live'),
(2056, 53, 5.00, 110, 89, 0, 84, 1, 1, 'Live'),
(2057, 323, 20.00, 110, 89, 0, 84, 1, 1, 'Live'),
(2058, 321, 0.25, 110, 89, 0, 84, 1, 1, 'Live'),
(2059, 320, 0.40, 110, 89, 0, 85, 1, 1, 'Live'),
(2060, 326, 15.00, 110, 89, 0, 85, 1, 1, 'Live'),
(2061, 227, 25.00, 110, 89, 0, 85, 1, 1, 'Live'),
(2062, 100, 5.00, 110, 89, 0, 85, 1, 1, 'Live'),
(2063, 323, 50.00, 110, 89, 0, 85, 1, 1, 'Live'),
(2064, 212, 60.00, 110, 89, 0, 85, 1, 1, 'Live'),
(2065, 333, 15.00, 110, 89, 0, 1, 1, 1, 'Live'),
(2066, 267, 3.00, 110, 89, 0, 1, 1, 1, 'Live'),
(2067, 320, 0.50, 110, 89, 0, 1, 1, 1, 'Live'),
(2068, 98, 10.00, 110, 89, 0, 1, 1, 1, 'Live'),
(2069, 12, 10.00, 110, 89, 0, 1, 1, 1, 'Live'),
(2070, 250, 20.00, 110, 89, 0, 1, 1, 1, 'Live'),
(2071, 16, 60.00, 110, 89, 0, 1, 1, 1, 'Live'),
(2072, 218, 2.00, 110, 89, 0, 1, 1, 1, 'Live'),
(2073, 209, 15.00, 110, 89, 0, 1, 1, 1, 'Live'),
(2074, 301, 1.30, 110, 89, 0, 1, 1, 1, 'Live'),
(2075, 333, 10.00, 110, 89, 0, 2, 1, 1, 'Live'),
(2076, 267, 3.00, 110, 89, 0, 2, 1, 1, 'Live'),
(2077, 320, 0.25, 110, 89, 0, 2, 1, 1, 'Live'),
(2078, 12, 10.00, 110, 89, 0, 2, 1, 1, 'Live'),
(2079, 250, 10.00, 110, 89, 0, 2, 1, 1, 'Live'),
(2080, 17, 5.00, 110, 89, 0, 2, 1, 1, 'Live'),
(2081, 323, 20.00, 110, 89, 0, 2, 1, 1, 'Live'),
(2082, 16, 55.00, 110, 89, 0, 2, 1, 1, 'Live'),
(2083, 209, 10.00, 110, 89, 0, 2, 1, 1, 'Live'),
(2084, 301, 0.30, 110, 89, 0, 2, 1, 1, 'Live'),
(2085, 204, 83.50, 110, 89, 0, 2, 1, 1, 'Live'),
(2086, 190, 50.00, 110, 89, 0, 2, 1, 1, 'Live'),
(2087, 344, 600.00, 110, 89, 0, 145, 1, 1, 'Live'),
(2088, 59, 3.00, 110, 89, 0, 145, 1, 1, 'Live'),
(2089, 322, 10.00, 110, 89, 0, 83, 1, 1, 'Live'),
(2090, 320, 0.20, 110, 89, 0, 83, 1, 1, 'Live'),
(2091, 326, 15.00, 110, 89, 0, 83, 1, 1, 'Live'),
(2092, 100, 5.00, 110, 89, 0, 83, 1, 1, 'Live'),
(2093, 323, 20.00, 110, 89, 0, 83, 1, 1, 'Live'),
(2094, 315, 0.50, 110, 89, 0, 83, 1, 1, 'Live'),
(2095, 322, 10.00, 111, 90, 0, 84, 1, 1, 'Live'),
(2096, 320, 0.20, 111, 90, 0, 84, 1, 1, 'Live'),
(2097, 51, 20.00, 111, 90, 0, 84, 1, 1, 'Live'),
(2098, 326, 15.00, 111, 90, 0, 84, 1, 1, 'Live'),
(2099, 227, 25.00, 111, 90, 0, 84, 1, 1, 'Live'),
(2100, 53, 5.00, 111, 90, 0, 84, 1, 1, 'Live'),
(2101, 323, 20.00, 111, 90, 0, 84, 1, 1, 'Live'),
(2102, 321, 0.25, 111, 90, 0, 84, 1, 1, 'Live'),
(2103, 320, 0.40, 111, 90, 0, 85, 1, 1, 'Live'),
(2104, 326, 15.00, 111, 90, 0, 85, 1, 1, 'Live'),
(2105, 227, 25.00, 111, 90, 0, 85, 1, 1, 'Live'),
(2106, 100, 5.00, 111, 90, 0, 85, 1, 1, 'Live'),
(2107, 323, 50.00, 111, 90, 0, 85, 1, 1, 'Live'),
(2108, 212, 60.00, 111, 90, 0, 85, 1, 1, 'Live'),
(2109, 333, 15.00, 111, 90, 0, 1, 1, 1, 'Live'),
(2110, 267, 3.00, 111, 90, 0, 1, 1, 1, 'Live'),
(2111, 320, 0.50, 111, 90, 0, 1, 1, 1, 'Live'),
(2112, 98, 10.00, 111, 90, 0, 1, 1, 1, 'Live'),
(2113, 12, 10.00, 111, 90, 0, 1, 1, 1, 'Live'),
(2114, 250, 20.00, 111, 90, 0, 1, 1, 1, 'Live'),
(2115, 16, 60.00, 111, 90, 0, 1, 1, 1, 'Live'),
(2116, 218, 2.00, 111, 90, 0, 1, 1, 1, 'Live'),
(2117, 209, 15.00, 111, 90, 0, 1, 1, 1, 'Live'),
(2118, 301, 1.30, 111, 90, 0, 1, 1, 1, 'Live'),
(2119, 333, 10.00, 111, 90, 0, 2, 1, 1, 'Live'),
(2120, 267, 3.00, 111, 90, 0, 2, 1, 1, 'Live'),
(2121, 320, 0.25, 111, 90, 0, 2, 1, 1, 'Live'),
(2122, 12, 10.00, 111, 90, 0, 2, 1, 1, 'Live'),
(2123, 250, 10.00, 111, 90, 0, 2, 1, 1, 'Live'),
(2124, 17, 5.00, 111, 90, 0, 2, 1, 1, 'Live'),
(2125, 323, 20.00, 111, 90, 0, 2, 1, 1, 'Live'),
(2126, 16, 55.00, 111, 90, 0, 2, 1, 1, 'Live'),
(2127, 209, 10.00, 111, 90, 0, 2, 1, 1, 'Live'),
(2128, 301, 0.30, 111, 90, 0, 2, 1, 1, 'Live'),
(2129, 204, 83.50, 111, 90, 0, 2, 1, 1, 'Live'),
(2130, 190, 50.00, 111, 90, 0, 2, 1, 1, 'Live'),
(2131, 344, 600.00, 111, 90, 0, 145, 1, 1, 'Live'),
(2132, 59, 3.00, 111, 90, 0, 145, 1, 1, 'Live'),
(2133, 322, 10.00, 111, 90, 0, 83, 1, 1, 'Live'),
(2134, 320, 0.20, 111, 90, 0, 83, 1, 1, 'Live'),
(2135, 326, 15.00, 111, 90, 0, 83, 1, 1, 'Live'),
(2136, 100, 5.00, 111, 90, 0, 83, 1, 1, 'Live'),
(2137, 323, 20.00, 111, 90, 0, 83, 1, 1, 'Live'),
(2138, 315, 0.50, 111, 90, 0, 83, 1, 1, 'Live'),
(2139, 322, 10.00, 112, 91, 0, 84, 1, 1, 'Live'),
(2140, 320, 0.20, 112, 91, 0, 84, 1, 1, 'Live'),
(2141, 51, 20.00, 112, 91, 0, 84, 1, 1, 'Live'),
(2142, 326, 15.00, 112, 91, 0, 84, 1, 1, 'Live'),
(2143, 227, 25.00, 112, 91, 0, 84, 1, 1, 'Live'),
(2144, 53, 5.00, 112, 91, 0, 84, 1, 1, 'Live'),
(2145, 323, 20.00, 112, 91, 0, 84, 1, 1, 'Live'),
(2146, 321, 0.25, 112, 91, 0, 84, 1, 1, 'Live'),
(2147, 320, 0.40, 112, 91, 0, 85, 1, 1, 'Live'),
(2148, 326, 15.00, 112, 91, 0, 85, 1, 1, 'Live'),
(2149, 227, 25.00, 112, 91, 0, 85, 1, 1, 'Live'),
(2150, 100, 5.00, 112, 91, 0, 85, 1, 1, 'Live'),
(2151, 323, 50.00, 112, 91, 0, 85, 1, 1, 'Live'),
(2152, 212, 60.00, 112, 91, 0, 85, 1, 1, 'Live'),
(2153, 333, 15.00, 112, 91, 0, 1, 1, 1, 'Live'),
(2154, 267, 3.00, 112, 91, 0, 1, 1, 1, 'Live'),
(2155, 320, 0.50, 112, 91, 0, 1, 1, 1, 'Live'),
(2156, 98, 10.00, 112, 91, 0, 1, 1, 1, 'Live'),
(2157, 12, 10.00, 112, 91, 0, 1, 1, 1, 'Live'),
(2158, 250, 20.00, 112, 91, 0, 1, 1, 1, 'Live'),
(2159, 16, 60.00, 112, 91, 0, 1, 1, 1, 'Live'),
(2160, 218, 2.00, 112, 91, 0, 1, 1, 1, 'Live'),
(2161, 209, 15.00, 112, 91, 0, 1, 1, 1, 'Live'),
(2162, 301, 1.30, 112, 91, 0, 1, 1, 1, 'Live'),
(2163, 333, 10.00, 112, 91, 0, 2, 1, 1, 'Live'),
(2164, 267, 3.00, 112, 91, 0, 2, 1, 1, 'Live'),
(2165, 320, 0.25, 112, 91, 0, 2, 1, 1, 'Live'),
(2166, 12, 10.00, 112, 91, 0, 2, 1, 1, 'Live'),
(2167, 250, 10.00, 112, 91, 0, 2, 1, 1, 'Live'),
(2168, 17, 5.00, 112, 91, 0, 2, 1, 1, 'Live'),
(2169, 323, 20.00, 112, 91, 0, 2, 1, 1, 'Live'),
(2170, 16, 55.00, 112, 91, 0, 2, 1, 1, 'Live'),
(2171, 209, 10.00, 112, 91, 0, 2, 1, 1, 'Live'),
(2172, 301, 0.30, 112, 91, 0, 2, 1, 1, 'Live'),
(2173, 204, 83.50, 112, 91, 0, 2, 1, 1, 'Live'),
(2174, 190, 50.00, 112, 91, 0, 2, 1, 1, 'Live'),
(2175, 344, 600.00, 112, 91, 0, 145, 1, 1, 'Live'),
(2176, 59, 3.00, 112, 91, 0, 145, 1, 1, 'Live'),
(2177, 322, 10.00, 112, 91, 0, 83, 1, 1, 'Live'),
(2178, 320, 0.20, 112, 91, 0, 83, 1, 1, 'Live'),
(2179, 326, 15.00, 112, 91, 0, 83, 1, 1, 'Live'),
(2180, 100, 5.00, 112, 91, 0, 83, 1, 1, 'Live'),
(2181, 323, 20.00, 112, 91, 0, 83, 1, 1, 'Live'),
(2182, 315, 0.50, 112, 91, 0, 83, 1, 1, 'Live'),
(2183, 322, 10.00, 113, 92, 0, 84, 1, 1, 'Live'),
(2184, 320, 0.20, 113, 92, 0, 84, 1, 1, 'Live'),
(2185, 51, 20.00, 113, 92, 0, 84, 1, 1, 'Live'),
(2186, 326, 15.00, 113, 92, 0, 84, 1, 1, 'Live'),
(2187, 227, 25.00, 113, 92, 0, 84, 1, 1, 'Live'),
(2188, 53, 5.00, 113, 92, 0, 84, 1, 1, 'Live'),
(2189, 323, 20.00, 113, 92, 0, 84, 1, 1, 'Live'),
(2190, 321, 0.25, 113, 92, 0, 84, 1, 1, 'Live'),
(2191, 320, 0.40, 113, 92, 0, 85, 1, 1, 'Live'),
(2192, 326, 15.00, 113, 92, 0, 85, 1, 1, 'Live'),
(2193, 227, 25.00, 113, 92, 0, 85, 1, 1, 'Live'),
(2194, 100, 5.00, 113, 92, 0, 85, 1, 1, 'Live'),
(2195, 323, 50.00, 113, 92, 0, 85, 1, 1, 'Live'),
(2196, 212, 60.00, 113, 92, 0, 85, 1, 1, 'Live'),
(2197, 333, 15.00, 113, 92, 0, 1, 1, 1, 'Live');
INSERT INTO `tbl_sale_consumptions_of_menus` (`id`, `ingredient_id`, `consumption`, `sale_consumption_id`, `sales_id`, `order_status`, `food_menu_id`, `user_id`, `outlet_id`, `del_status`) VALUES
(2198, 267, 3.00, 113, 92, 0, 1, 1, 1, 'Live'),
(2199, 320, 0.50, 113, 92, 0, 1, 1, 1, 'Live'),
(2200, 98, 10.00, 113, 92, 0, 1, 1, 1, 'Live'),
(2201, 12, 10.00, 113, 92, 0, 1, 1, 1, 'Live'),
(2202, 250, 20.00, 113, 92, 0, 1, 1, 1, 'Live'),
(2203, 16, 60.00, 113, 92, 0, 1, 1, 1, 'Live'),
(2204, 218, 2.00, 113, 92, 0, 1, 1, 1, 'Live'),
(2205, 209, 15.00, 113, 92, 0, 1, 1, 1, 'Live'),
(2206, 301, 1.30, 113, 92, 0, 1, 1, 1, 'Live'),
(2207, 333, 10.00, 113, 92, 0, 2, 1, 1, 'Live'),
(2208, 267, 3.00, 113, 92, 0, 2, 1, 1, 'Live'),
(2209, 320, 0.25, 113, 92, 0, 2, 1, 1, 'Live'),
(2210, 12, 10.00, 113, 92, 0, 2, 1, 1, 'Live'),
(2211, 250, 10.00, 113, 92, 0, 2, 1, 1, 'Live'),
(2212, 17, 5.00, 113, 92, 0, 2, 1, 1, 'Live'),
(2213, 323, 20.00, 113, 92, 0, 2, 1, 1, 'Live'),
(2214, 16, 55.00, 113, 92, 0, 2, 1, 1, 'Live'),
(2215, 209, 10.00, 113, 92, 0, 2, 1, 1, 'Live'),
(2216, 301, 0.30, 113, 92, 0, 2, 1, 1, 'Live'),
(2217, 204, 83.50, 113, 92, 0, 2, 1, 1, 'Live'),
(2218, 190, 50.00, 113, 92, 0, 2, 1, 1, 'Live'),
(2219, 344, 600.00, 113, 92, 0, 145, 1, 1, 'Live'),
(2220, 59, 3.00, 113, 92, 0, 145, 1, 1, 'Live'),
(2221, 322, 10.00, 113, 92, 0, 83, 1, 1, 'Live'),
(2222, 320, 0.20, 113, 92, 0, 83, 1, 1, 'Live'),
(2223, 326, 15.00, 113, 92, 0, 83, 1, 1, 'Live'),
(2224, 100, 5.00, 113, 92, 0, 83, 1, 1, 'Live'),
(2225, 323, 20.00, 113, 92, 0, 83, 1, 1, 'Live'),
(2226, 315, 0.50, 113, 92, 0, 83, 1, 1, 'Live'),
(2227, 322, 10.00, 114, 93, 0, 84, 1, 1, 'Live'),
(2228, 320, 0.20, 114, 93, 0, 84, 1, 1, 'Live'),
(2229, 51, 20.00, 114, 93, 0, 84, 1, 1, 'Live'),
(2230, 326, 15.00, 114, 93, 0, 84, 1, 1, 'Live'),
(2231, 227, 25.00, 114, 93, 0, 84, 1, 1, 'Live'),
(2232, 53, 5.00, 114, 93, 0, 84, 1, 1, 'Live'),
(2233, 323, 20.00, 114, 93, 0, 84, 1, 1, 'Live'),
(2234, 321, 0.25, 114, 93, 0, 84, 1, 1, 'Live'),
(2235, 320, 0.40, 114, 93, 0, 85, 1, 1, 'Live'),
(2236, 326, 15.00, 114, 93, 0, 85, 1, 1, 'Live'),
(2237, 227, 25.00, 114, 93, 0, 85, 1, 1, 'Live'),
(2238, 100, 5.00, 114, 93, 0, 85, 1, 1, 'Live'),
(2239, 323, 50.00, 114, 93, 0, 85, 1, 1, 'Live'),
(2240, 212, 60.00, 114, 93, 0, 85, 1, 1, 'Live'),
(2241, 320, 0.40, 114, 93, 0, 85, 1, 1, 'Live'),
(2242, 326, 15.00, 114, 93, 0, 85, 1, 1, 'Live'),
(2243, 227, 25.00, 114, 93, 0, 85, 1, 1, 'Live'),
(2244, 100, 5.00, 114, 93, 0, 85, 1, 1, 'Live'),
(2245, 323, 50.00, 114, 93, 0, 85, 1, 1, 'Live'),
(2246, 212, 60.00, 114, 93, 0, 85, 1, 1, 'Live'),
(2247, 333, 15.00, 114, 93, 0, 1, 1, 1, 'Live'),
(2248, 267, 3.00, 114, 93, 0, 1, 1, 1, 'Live'),
(2249, 320, 0.50, 114, 93, 0, 1, 1, 1, 'Live'),
(2250, 98, 10.00, 114, 93, 0, 1, 1, 1, 'Live'),
(2251, 12, 10.00, 114, 93, 0, 1, 1, 1, 'Live'),
(2252, 250, 20.00, 114, 93, 0, 1, 1, 1, 'Live'),
(2253, 16, 60.00, 114, 93, 0, 1, 1, 1, 'Live'),
(2254, 218, 2.00, 114, 93, 0, 1, 1, 1, 'Live'),
(2255, 209, 15.00, 114, 93, 0, 1, 1, 1, 'Live'),
(2256, 301, 1.30, 114, 93, 0, 1, 1, 1, 'Live'),
(2257, 333, 10.00, 114, 93, 0, 2, 1, 1, 'Live'),
(2258, 267, 3.00, 114, 93, 0, 2, 1, 1, 'Live'),
(2259, 320, 0.25, 114, 93, 0, 2, 1, 1, 'Live'),
(2260, 12, 10.00, 114, 93, 0, 2, 1, 1, 'Live'),
(2261, 250, 10.00, 114, 93, 0, 2, 1, 1, 'Live'),
(2262, 17, 5.00, 114, 93, 0, 2, 1, 1, 'Live'),
(2263, 323, 20.00, 114, 93, 0, 2, 1, 1, 'Live'),
(2264, 16, 55.00, 114, 93, 0, 2, 1, 1, 'Live'),
(2265, 209, 10.00, 114, 93, 0, 2, 1, 1, 'Live'),
(2266, 301, 0.30, 114, 93, 0, 2, 1, 1, 'Live'),
(2267, 204, 83.50, 114, 93, 0, 2, 1, 1, 'Live'),
(2268, 190, 50.00, 114, 93, 0, 2, 1, 1, 'Live'),
(2269, 344, 600.00, 114, 93, 0, 145, 1, 1, 'Live'),
(2270, 59, 3.00, 114, 93, 0, 145, 1, 1, 'Live'),
(2271, 322, 10.00, 114, 93, 0, 83, 1, 1, 'Live'),
(2272, 320, 0.20, 114, 93, 0, 83, 1, 1, 'Live'),
(2273, 326, 15.00, 114, 93, 0, 83, 1, 1, 'Live'),
(2274, 100, 5.00, 114, 93, 0, 83, 1, 1, 'Live'),
(2275, 323, 20.00, 114, 93, 0, 83, 1, 1, 'Live'),
(2276, 315, 0.50, 114, 93, 0, 83, 1, 1, 'Live'),
(2277, 322, 10.00, 115, 94, 0, 84, 1, 1, 'Live'),
(2278, 320, 0.20, 115, 94, 0, 84, 1, 1, 'Live'),
(2279, 51, 20.00, 115, 94, 0, 84, 1, 1, 'Live'),
(2280, 326, 15.00, 115, 94, 0, 84, 1, 1, 'Live'),
(2281, 227, 25.00, 115, 94, 0, 84, 1, 1, 'Live'),
(2282, 53, 5.00, 115, 94, 0, 84, 1, 1, 'Live'),
(2283, 323, 20.00, 115, 94, 0, 84, 1, 1, 'Live'),
(2284, 321, 0.25, 115, 94, 0, 84, 1, 1, 'Live'),
(2285, 320, 0.40, 115, 94, 0, 85, 1, 1, 'Live'),
(2286, 326, 15.00, 115, 94, 0, 85, 1, 1, 'Live'),
(2287, 227, 25.00, 115, 94, 0, 85, 1, 1, 'Live'),
(2288, 100, 5.00, 115, 94, 0, 85, 1, 1, 'Live'),
(2289, 323, 50.00, 115, 94, 0, 85, 1, 1, 'Live'),
(2290, 212, 60.00, 115, 94, 0, 85, 1, 1, 'Live'),
(2291, 333, 15.00, 115, 94, 0, 1, 1, 1, 'Live'),
(2292, 267, 3.00, 115, 94, 0, 1, 1, 1, 'Live'),
(2293, 320, 0.50, 115, 94, 0, 1, 1, 1, 'Live'),
(2294, 98, 10.00, 115, 94, 0, 1, 1, 1, 'Live'),
(2295, 12, 10.00, 115, 94, 0, 1, 1, 1, 'Live'),
(2296, 250, 20.00, 115, 94, 0, 1, 1, 1, 'Live'),
(2297, 16, 60.00, 115, 94, 0, 1, 1, 1, 'Live'),
(2298, 218, 2.00, 115, 94, 0, 1, 1, 1, 'Live'),
(2299, 209, 15.00, 115, 94, 0, 1, 1, 1, 'Live'),
(2300, 301, 1.30, 115, 94, 0, 1, 1, 1, 'Live'),
(2301, 333, 10.00, 115, 94, 0, 2, 1, 1, 'Live'),
(2302, 267, 3.00, 115, 94, 0, 2, 1, 1, 'Live'),
(2303, 320, 0.25, 115, 94, 0, 2, 1, 1, 'Live'),
(2304, 12, 10.00, 115, 94, 0, 2, 1, 1, 'Live'),
(2305, 250, 10.00, 115, 94, 0, 2, 1, 1, 'Live'),
(2306, 17, 5.00, 115, 94, 0, 2, 1, 1, 'Live'),
(2307, 323, 20.00, 115, 94, 0, 2, 1, 1, 'Live'),
(2308, 16, 55.00, 115, 94, 0, 2, 1, 1, 'Live'),
(2309, 209, 10.00, 115, 94, 0, 2, 1, 1, 'Live'),
(2310, 301, 0.30, 115, 94, 0, 2, 1, 1, 'Live'),
(2311, 204, 83.50, 115, 94, 0, 2, 1, 1, 'Live'),
(2312, 190, 50.00, 115, 94, 0, 2, 1, 1, 'Live'),
(2313, 322, 10.00, 115, 94, 0, 83, 1, 1, 'Live'),
(2314, 320, 0.20, 115, 94, 0, 83, 1, 1, 'Live'),
(2315, 326, 15.00, 115, 94, 0, 83, 1, 1, 'Live'),
(2316, 100, 5.00, 115, 94, 0, 83, 1, 1, 'Live'),
(2317, 323, 20.00, 115, 94, 0, 83, 1, 1, 'Live'),
(2318, 315, 0.50, 115, 94, 0, 83, 1, 1, 'Live'),
(2319, 322, 10.00, 115, 94, 0, 83, 1, 1, 'Live'),
(2320, 320, 0.20, 115, 94, 0, 83, 1, 1, 'Live'),
(2321, 326, 15.00, 115, 94, 0, 83, 1, 1, 'Live'),
(2322, 100, 5.00, 115, 94, 0, 83, 1, 1, 'Live'),
(2323, 323, 20.00, 115, 94, 0, 83, 1, 1, 'Live'),
(2324, 315, 0.50, 115, 94, 0, 83, 1, 1, 'Live'),
(2325, 344, 600.00, 115, 94, 0, 145, 1, 1, 'Live'),
(2326, 59, 3.00, 115, 94, 0, 145, 1, 1, 'Live'),
(2327, 322, 10.00, 116, 95, 0, 84, 1, 1, 'Live'),
(2328, 320, 0.20, 116, 95, 0, 84, 1, 1, 'Live'),
(2329, 51, 20.00, 116, 95, 0, 84, 1, 1, 'Live'),
(2330, 326, 15.00, 116, 95, 0, 84, 1, 1, 'Live'),
(2331, 227, 25.00, 116, 95, 0, 84, 1, 1, 'Live'),
(2332, 53, 5.00, 116, 95, 0, 84, 1, 1, 'Live'),
(2333, 323, 20.00, 116, 95, 0, 84, 1, 1, 'Live'),
(2334, 321, 0.25, 116, 95, 0, 84, 1, 1, 'Live'),
(2335, 333, 15.00, 116, 95, 0, 1, 1, 1, 'Live'),
(2336, 267, 3.00, 116, 95, 0, 1, 1, 1, 'Live'),
(2337, 320, 0.50, 116, 95, 0, 1, 1, 1, 'Live'),
(2338, 98, 10.00, 116, 95, 0, 1, 1, 1, 'Live'),
(2339, 12, 10.00, 116, 95, 0, 1, 1, 1, 'Live'),
(2340, 250, 20.00, 116, 95, 0, 1, 1, 1, 'Live'),
(2341, 16, 60.00, 116, 95, 0, 1, 1, 1, 'Live'),
(2342, 218, 2.00, 116, 95, 0, 1, 1, 1, 'Live'),
(2343, 209, 15.00, 116, 95, 0, 1, 1, 1, 'Live'),
(2344, 301, 1.30, 116, 95, 0, 1, 1, 1, 'Live'),
(2345, 333, 10.00, 116, 95, 0, 2, 1, 1, 'Live'),
(2346, 267, 3.00, 116, 95, 0, 2, 1, 1, 'Live'),
(2347, 320, 0.25, 116, 95, 0, 2, 1, 1, 'Live'),
(2348, 12, 10.00, 116, 95, 0, 2, 1, 1, 'Live'),
(2349, 250, 10.00, 116, 95, 0, 2, 1, 1, 'Live'),
(2350, 17, 5.00, 116, 95, 0, 2, 1, 1, 'Live'),
(2351, 323, 20.00, 116, 95, 0, 2, 1, 1, 'Live'),
(2352, 16, 55.00, 116, 95, 0, 2, 1, 1, 'Live'),
(2353, 209, 10.00, 116, 95, 0, 2, 1, 1, 'Live'),
(2354, 301, 0.30, 116, 95, 0, 2, 1, 1, 'Live'),
(2355, 204, 83.50, 116, 95, 0, 2, 1, 1, 'Live'),
(2356, 190, 50.00, 116, 95, 0, 2, 1, 1, 'Live'),
(2357, 322, 10.00, 116, 95, 0, 83, 1, 1, 'Live'),
(2358, 320, 0.20, 116, 95, 0, 83, 1, 1, 'Live'),
(2359, 326, 15.00, 116, 95, 0, 83, 1, 1, 'Live'),
(2360, 100, 5.00, 116, 95, 0, 83, 1, 1, 'Live'),
(2361, 323, 20.00, 116, 95, 0, 83, 1, 1, 'Live'),
(2362, 315, 0.50, 116, 95, 0, 83, 1, 1, 'Live'),
(2363, 344, 600.00, 116, 95, 0, 145, 1, 1, 'Live'),
(2364, 59, 3.00, 116, 95, 0, 145, 1, 1, 'Live'),
(2365, 322, 10.00, 117, 96, 0, 84, 1, 1, 'Live'),
(2366, 320, 0.20, 117, 96, 0, 84, 1, 1, 'Live'),
(2367, 51, 20.00, 117, 96, 0, 84, 1, 1, 'Live'),
(2368, 326, 15.00, 117, 96, 0, 84, 1, 1, 'Live'),
(2369, 227, 25.00, 117, 96, 0, 84, 1, 1, 'Live'),
(2370, 53, 5.00, 117, 96, 0, 84, 1, 1, 'Live'),
(2371, 323, 20.00, 117, 96, 0, 84, 1, 1, 'Live'),
(2372, 321, 0.25, 117, 96, 0, 84, 1, 1, 'Live'),
(2373, 320, 0.40, 117, 96, 0, 85, 1, 1, 'Live'),
(2374, 326, 15.00, 117, 96, 0, 85, 1, 1, 'Live'),
(2375, 227, 25.00, 117, 96, 0, 85, 1, 1, 'Live'),
(2376, 100, 5.00, 117, 96, 0, 85, 1, 1, 'Live'),
(2377, 323, 50.00, 117, 96, 0, 85, 1, 1, 'Live'),
(2378, 212, 60.00, 117, 96, 0, 85, 1, 1, 'Live'),
(2379, 333, 15.00, 117, 96, 0, 1, 1, 1, 'Live'),
(2380, 267, 3.00, 117, 96, 0, 1, 1, 1, 'Live'),
(2381, 320, 0.50, 117, 96, 0, 1, 1, 1, 'Live'),
(2382, 98, 10.00, 117, 96, 0, 1, 1, 1, 'Live'),
(2383, 12, 10.00, 117, 96, 0, 1, 1, 1, 'Live'),
(2384, 250, 20.00, 117, 96, 0, 1, 1, 1, 'Live'),
(2385, 16, 60.00, 117, 96, 0, 1, 1, 1, 'Live'),
(2386, 218, 2.00, 117, 96, 0, 1, 1, 1, 'Live'),
(2387, 209, 15.00, 117, 96, 0, 1, 1, 1, 'Live'),
(2388, 301, 1.30, 117, 96, 0, 1, 1, 1, 'Live'),
(2389, 333, 10.00, 117, 96, 0, 2, 1, 1, 'Live'),
(2390, 267, 3.00, 117, 96, 0, 2, 1, 1, 'Live'),
(2391, 320, 0.25, 117, 96, 0, 2, 1, 1, 'Live'),
(2392, 12, 10.00, 117, 96, 0, 2, 1, 1, 'Live'),
(2393, 250, 10.00, 117, 96, 0, 2, 1, 1, 'Live'),
(2394, 17, 5.00, 117, 96, 0, 2, 1, 1, 'Live'),
(2395, 323, 20.00, 117, 96, 0, 2, 1, 1, 'Live'),
(2396, 16, 55.00, 117, 96, 0, 2, 1, 1, 'Live'),
(2397, 209, 10.00, 117, 96, 0, 2, 1, 1, 'Live'),
(2398, 301, 0.30, 117, 96, 0, 2, 1, 1, 'Live'),
(2399, 204, 83.50, 117, 96, 0, 2, 1, 1, 'Live'),
(2400, 190, 50.00, 117, 96, 0, 2, 1, 1, 'Live'),
(2401, 322, 10.00, 117, 96, 0, 83, 1, 1, 'Live'),
(2402, 320, 0.20, 117, 96, 0, 83, 1, 1, 'Live'),
(2403, 326, 15.00, 117, 96, 0, 83, 1, 1, 'Live'),
(2404, 100, 5.00, 117, 96, 0, 83, 1, 1, 'Live'),
(2405, 323, 20.00, 117, 96, 0, 83, 1, 1, 'Live'),
(2406, 315, 0.50, 117, 96, 0, 83, 1, 1, 'Live'),
(2407, 344, 600.00, 117, 96, 0, 145, 1, 1, 'Live'),
(2408, 59, 3.00, 117, 96, 0, 145, 1, 1, 'Live'),
(2409, 262, 1.00, 118, 97, 0, 231, 1, 1, 'Live'),
(2410, 297, 1.00, 118, 97, 0, 231, 1, 1, 'Live'),
(2411, 186, 95.00, 118, 97, 0, 231, 1, 1, 'Live'),
(2412, 344, 45.00, 118, 97, 0, 231, 1, 1, 'Live'),
(2413, 247, 1.00, 118, 97, 0, 231, 1, 1, 'Live'),
(2414, 300, 10.00, 118, 97, 0, 231, 1, 1, 'Live'),
(2415, 203, 35.00, 118, 97, 0, 231, 1, 1, 'Live'),
(2416, 196, 35.00, 118, 97, 0, 231, 1, 1, 'Live'),
(2417, 228, 18.00, 118, 97, 0, 231, 1, 1, 'Live'),
(2418, 262, 1.00, 118, 97, 0, 232, 1, 1, 'Live'),
(2419, 297, 1.00, 118, 97, 0, 232, 1, 1, 'Live'),
(2420, 186, 115.00, 118, 97, 0, 232, 1, 1, 'Live'),
(2421, 201, 35.00, 118, 97, 0, 232, 1, 1, 'Live'),
(2422, 247, 1.00, 118, 97, 0, 232, 1, 1, 'Live'),
(2423, 300, 10.00, 118, 97, 0, 232, 1, 1, 'Live'),
(2424, 196, 35.00, 118, 97, 0, 232, 1, 1, 'Live'),
(2425, 262, 1.00, 118, 97, 0, 180, 1, 1, 'Live'),
(2426, 297, 1.00, 118, 97, 0, 180, 1, 1, 'Live'),
(2427, 186, 115.00, 118, 97, 0, 180, 1, 1, 'Live'),
(2428, 344, 45.00, 118, 97, 0, 180, 1, 1, 'Live'),
(2429, 312, 10.00, 118, 97, 0, 180, 1, 1, 'Live'),
(2430, 247, 1.00, 118, 97, 0, 180, 1, 1, 'Live'),
(2431, 196, 35.00, 118, 97, 0, 180, 1, 1, 'Live'),
(2432, 228, 18.00, 118, 97, 0, 180, 1, 1, 'Live'),
(2433, 262, 1.00, 118, 97, 0, 179, 1, 1, 'Live'),
(2434, 297, 1.00, 118, 97, 0, 179, 1, 1, 'Live'),
(2435, 186, 115.00, 118, 97, 0, 179, 1, 1, 'Live'),
(2436, 247, 1.00, 118, 97, 0, 179, 1, 1, 'Live'),
(2437, 300, 10.00, 118, 97, 0, 179, 1, 1, 'Live'),
(2438, 196, 35.00, 118, 97, 0, 179, 1, 1, 'Live'),
(2439, 262, 1.00, 118, 97, 0, 181, 1, 1, 'Live'),
(2440, 297, 1.00, 118, 97, 0, 181, 1, 1, 'Live'),
(2441, 186, 115.00, 118, 97, 0, 181, 1, 1, 'Live'),
(2442, 271, 1.00, 118, 97, 0, 181, 1, 1, 'Live'),
(2443, 196, 35.00, 118, 97, 0, 181, 1, 1, 'Live'),
(2444, 322, 10.00, 119, 98, 0, 84, 1, 1, 'Live'),
(2445, 320, 0.20, 119, 98, 0, 84, 1, 1, 'Live'),
(2446, 51, 20.00, 119, 98, 0, 84, 1, 1, 'Live'),
(2447, 326, 15.00, 119, 98, 0, 84, 1, 1, 'Live'),
(2448, 227, 25.00, 119, 98, 0, 84, 1, 1, 'Live'),
(2449, 53, 5.00, 119, 98, 0, 84, 1, 1, 'Live'),
(2450, 323, 20.00, 119, 98, 0, 84, 1, 1, 'Live'),
(2451, 321, 0.25, 119, 98, 0, 84, 1, 1, 'Live'),
(2452, 322, 10.00, 119, 98, 0, 83, 1, 1, 'Live'),
(2453, 320, 0.20, 119, 98, 0, 83, 1, 1, 'Live'),
(2454, 326, 15.00, 119, 98, 0, 83, 1, 1, 'Live'),
(2455, 100, 5.00, 119, 98, 0, 83, 1, 1, 'Live'),
(2456, 323, 20.00, 119, 98, 0, 83, 1, 1, 'Live'),
(2457, 315, 0.50, 119, 98, 0, 83, 1, 1, 'Live'),
(2458, 326, 15.00, 119, 98, 0, 87, 1, 1, 'Live'),
(2459, 227, 25.00, 119, 98, 0, 87, 1, 1, 'Live'),
(2460, 100, 5.00, 119, 98, 0, 87, 1, 1, 'Live'),
(2461, 8, 5.00, 119, 98, 0, 87, 1, 1, 'Live'),
(2462, 322, 10.00, 120, 99, 0, 84, 1, 1, 'Live'),
(2463, 320, 0.20, 120, 99, 0, 84, 1, 1, 'Live'),
(2464, 51, 20.00, 120, 99, 0, 84, 1, 1, 'Live'),
(2465, 326, 15.00, 120, 99, 0, 84, 1, 1, 'Live'),
(2466, 227, 25.00, 120, 99, 0, 84, 1, 1, 'Live'),
(2467, 53, 5.00, 120, 99, 0, 84, 1, 1, 'Live'),
(2468, 323, 20.00, 120, 99, 0, 84, 1, 1, 'Live'),
(2469, 321, 0.25, 120, 99, 0, 84, 1, 1, 'Live'),
(2470, 320, 0.40, 120, 99, 0, 85, 1, 1, 'Live'),
(2471, 326, 15.00, 120, 99, 0, 85, 1, 1, 'Live'),
(2472, 227, 25.00, 120, 99, 0, 85, 1, 1, 'Live'),
(2473, 100, 5.00, 120, 99, 0, 85, 1, 1, 'Live'),
(2474, 323, 50.00, 120, 99, 0, 85, 1, 1, 'Live'),
(2475, 212, 60.00, 120, 99, 0, 85, 1, 1, 'Live'),
(2476, 333, 15.00, 120, 99, 0, 1, 1, 1, 'Live'),
(2477, 267, 3.00, 120, 99, 0, 1, 1, 1, 'Live'),
(2478, 320, 0.50, 120, 99, 0, 1, 1, 1, 'Live'),
(2479, 98, 10.00, 120, 99, 0, 1, 1, 1, 'Live'),
(2480, 12, 10.00, 120, 99, 0, 1, 1, 1, 'Live'),
(2481, 250, 20.00, 120, 99, 0, 1, 1, 1, 'Live'),
(2482, 16, 60.00, 120, 99, 0, 1, 1, 1, 'Live'),
(2483, 218, 2.00, 120, 99, 0, 1, 1, 1, 'Live'),
(2484, 209, 15.00, 120, 99, 0, 1, 1, 1, 'Live'),
(2485, 301, 1.30, 120, 99, 0, 1, 1, 1, 'Live'),
(2486, 333, 10.00, 120, 99, 0, 2, 1, 1, 'Live'),
(2487, 267, 3.00, 120, 99, 0, 2, 1, 1, 'Live'),
(2488, 320, 0.25, 120, 99, 0, 2, 1, 1, 'Live'),
(2489, 12, 10.00, 120, 99, 0, 2, 1, 1, 'Live'),
(2490, 250, 10.00, 120, 99, 0, 2, 1, 1, 'Live'),
(2491, 17, 5.00, 120, 99, 0, 2, 1, 1, 'Live'),
(2492, 323, 20.00, 120, 99, 0, 2, 1, 1, 'Live'),
(2493, 16, 55.00, 120, 99, 0, 2, 1, 1, 'Live'),
(2494, 209, 10.00, 120, 99, 0, 2, 1, 1, 'Live'),
(2495, 301, 0.30, 120, 99, 0, 2, 1, 1, 'Live'),
(2496, 204, 83.50, 120, 99, 0, 2, 1, 1, 'Live'),
(2497, 190, 50.00, 120, 99, 0, 2, 1, 1, 'Live'),
(2498, 322, 10.00, 120, 99, 0, 83, 1, 1, 'Live'),
(2499, 320, 0.20, 120, 99, 0, 83, 1, 1, 'Live'),
(2500, 326, 15.00, 120, 99, 0, 83, 1, 1, 'Live'),
(2501, 100, 5.00, 120, 99, 0, 83, 1, 1, 'Live'),
(2502, 323, 20.00, 120, 99, 0, 83, 1, 1, 'Live'),
(2503, 315, 0.50, 120, 99, 0, 83, 1, 1, 'Live'),
(2504, 344, 600.00, 120, 99, 0, 145, 1, 1, 'Live'),
(2505, 59, 3.00, 120, 99, 0, 145, 1, 1, 'Live'),
(2506, 322, 10.00, 121, 100, 0, 84, 1, 1, 'Live'),
(2507, 320, 0.20, 121, 100, 0, 84, 1, 1, 'Live'),
(2508, 51, 20.00, 121, 100, 0, 84, 1, 1, 'Live'),
(2509, 326, 15.00, 121, 100, 0, 84, 1, 1, 'Live'),
(2510, 227, 25.00, 121, 100, 0, 84, 1, 1, 'Live'),
(2511, 53, 5.00, 121, 100, 0, 84, 1, 1, 'Live'),
(2512, 323, 20.00, 121, 100, 0, 84, 1, 1, 'Live'),
(2513, 321, 0.25, 121, 100, 0, 84, 1, 1, 'Live'),
(2514, 320, 0.40, 121, 100, 0, 85, 1, 1, 'Live'),
(2515, 326, 15.00, 121, 100, 0, 85, 1, 1, 'Live'),
(2516, 227, 25.00, 121, 100, 0, 85, 1, 1, 'Live'),
(2517, 100, 5.00, 121, 100, 0, 85, 1, 1, 'Live'),
(2518, 323, 50.00, 121, 100, 0, 85, 1, 1, 'Live'),
(2519, 212, 60.00, 121, 100, 0, 85, 1, 1, 'Live'),
(2520, 333, 15.00, 121, 100, 0, 1, 1, 1, 'Live'),
(2521, 267, 3.00, 121, 100, 0, 1, 1, 1, 'Live'),
(2522, 320, 0.50, 121, 100, 0, 1, 1, 1, 'Live'),
(2523, 98, 10.00, 121, 100, 0, 1, 1, 1, 'Live'),
(2524, 12, 10.00, 121, 100, 0, 1, 1, 1, 'Live'),
(2525, 250, 20.00, 121, 100, 0, 1, 1, 1, 'Live'),
(2526, 16, 60.00, 121, 100, 0, 1, 1, 1, 'Live'),
(2527, 218, 2.00, 121, 100, 0, 1, 1, 1, 'Live'),
(2528, 209, 15.00, 121, 100, 0, 1, 1, 1, 'Live'),
(2529, 301, 1.30, 121, 100, 0, 1, 1, 1, 'Live'),
(2530, 333, 10.00, 121, 100, 0, 2, 1, 1, 'Live'),
(2531, 267, 3.00, 121, 100, 0, 2, 1, 1, 'Live'),
(2532, 320, 0.25, 121, 100, 0, 2, 1, 1, 'Live'),
(2533, 12, 10.00, 121, 100, 0, 2, 1, 1, 'Live'),
(2534, 250, 10.00, 121, 100, 0, 2, 1, 1, 'Live'),
(2535, 17, 5.00, 121, 100, 0, 2, 1, 1, 'Live'),
(2536, 323, 20.00, 121, 100, 0, 2, 1, 1, 'Live'),
(2537, 16, 55.00, 121, 100, 0, 2, 1, 1, 'Live'),
(2538, 209, 10.00, 121, 100, 0, 2, 1, 1, 'Live'),
(2539, 301, 0.30, 121, 100, 0, 2, 1, 1, 'Live'),
(2540, 204, 83.50, 121, 100, 0, 2, 1, 1, 'Live'),
(2541, 190, 50.00, 121, 100, 0, 2, 1, 1, 'Live'),
(2542, 322, 10.00, 121, 100, 0, 83, 1, 1, 'Live'),
(2543, 320, 0.20, 121, 100, 0, 83, 1, 1, 'Live'),
(2544, 326, 15.00, 121, 100, 0, 83, 1, 1, 'Live'),
(2545, 100, 5.00, 121, 100, 0, 83, 1, 1, 'Live'),
(2546, 323, 20.00, 121, 100, 0, 83, 1, 1, 'Live'),
(2547, 315, 0.50, 121, 100, 0, 83, 1, 1, 'Live'),
(2548, 344, 600.00, 121, 100, 0, 145, 1, 1, 'Live'),
(2549, 59, 3.00, 121, 100, 0, 145, 1, 1, 'Live'),
(2550, 322, 10.00, 122, 101, 0, 84, 1, 1, 'Live'),
(2551, 320, 0.20, 122, 101, 0, 84, 1, 1, 'Live'),
(2552, 51, 20.00, 122, 101, 0, 84, 1, 1, 'Live'),
(2553, 326, 15.00, 122, 101, 0, 84, 1, 1, 'Live'),
(2554, 227, 25.00, 122, 101, 0, 84, 1, 1, 'Live'),
(2555, 53, 5.00, 122, 101, 0, 84, 1, 1, 'Live'),
(2556, 323, 20.00, 122, 101, 0, 84, 1, 1, 'Live'),
(2557, 321, 0.25, 122, 101, 0, 84, 1, 1, 'Live'),
(2558, 320, 0.40, 122, 101, 0, 85, 1, 1, 'Live'),
(2559, 326, 15.00, 122, 101, 0, 85, 1, 1, 'Live'),
(2560, 227, 25.00, 122, 101, 0, 85, 1, 1, 'Live'),
(2561, 100, 5.00, 122, 101, 0, 85, 1, 1, 'Live'),
(2562, 323, 50.00, 122, 101, 0, 85, 1, 1, 'Live'),
(2563, 212, 60.00, 122, 101, 0, 85, 1, 1, 'Live'),
(2564, 333, 15.00, 122, 101, 0, 1, 1, 1, 'Live'),
(2565, 267, 3.00, 122, 101, 0, 1, 1, 1, 'Live'),
(2566, 320, 0.50, 122, 101, 0, 1, 1, 1, 'Live'),
(2567, 98, 10.00, 122, 101, 0, 1, 1, 1, 'Live'),
(2568, 12, 10.00, 122, 101, 0, 1, 1, 1, 'Live'),
(2569, 250, 20.00, 122, 101, 0, 1, 1, 1, 'Live'),
(2570, 16, 60.00, 122, 101, 0, 1, 1, 1, 'Live'),
(2571, 218, 2.00, 122, 101, 0, 1, 1, 1, 'Live'),
(2572, 209, 15.00, 122, 101, 0, 1, 1, 1, 'Live'),
(2573, 301, 1.30, 122, 101, 0, 1, 1, 1, 'Live'),
(2574, 333, 10.00, 122, 101, 0, 2, 1, 1, 'Live'),
(2575, 267, 3.00, 122, 101, 0, 2, 1, 1, 'Live'),
(2576, 320, 0.25, 122, 101, 0, 2, 1, 1, 'Live'),
(2577, 12, 10.00, 122, 101, 0, 2, 1, 1, 'Live'),
(2578, 250, 10.00, 122, 101, 0, 2, 1, 1, 'Live'),
(2579, 17, 5.00, 122, 101, 0, 2, 1, 1, 'Live'),
(2580, 323, 20.00, 122, 101, 0, 2, 1, 1, 'Live'),
(2581, 16, 55.00, 122, 101, 0, 2, 1, 1, 'Live'),
(2582, 209, 10.00, 122, 101, 0, 2, 1, 1, 'Live'),
(2583, 301, 0.30, 122, 101, 0, 2, 1, 1, 'Live'),
(2584, 204, 83.50, 122, 101, 0, 2, 1, 1, 'Live'),
(2585, 190, 50.00, 122, 101, 0, 2, 1, 1, 'Live'),
(2586, 322, 10.00, 122, 101, 0, 83, 1, 1, 'Live'),
(2587, 320, 0.20, 122, 101, 0, 83, 1, 1, 'Live'),
(2588, 326, 15.00, 122, 101, 0, 83, 1, 1, 'Live'),
(2589, 100, 5.00, 122, 101, 0, 83, 1, 1, 'Live'),
(2590, 323, 20.00, 122, 101, 0, 83, 1, 1, 'Live'),
(2591, 315, 0.50, 122, 101, 0, 83, 1, 1, 'Live'),
(2592, 344, 600.00, 122, 101, 0, 145, 1, 1, 'Live'),
(2593, 59, 3.00, 122, 101, 0, 145, 1, 1, 'Live'),
(2594, 322, 10.00, 123, 102, 0, 84, 1, 1, 'Live'),
(2595, 320, 0.20, 123, 102, 0, 84, 1, 1, 'Live'),
(2596, 51, 20.00, 123, 102, 0, 84, 1, 1, 'Live'),
(2597, 326, 15.00, 123, 102, 0, 84, 1, 1, 'Live'),
(2598, 227, 25.00, 123, 102, 0, 84, 1, 1, 'Live'),
(2599, 53, 5.00, 123, 102, 0, 84, 1, 1, 'Live'),
(2600, 323, 20.00, 123, 102, 0, 84, 1, 1, 'Live'),
(2601, 321, 0.25, 123, 102, 0, 84, 1, 1, 'Live'),
(2602, 320, 0.40, 123, 102, 0, 85, 1, 1, 'Live'),
(2603, 326, 15.00, 123, 102, 0, 85, 1, 1, 'Live'),
(2604, 227, 25.00, 123, 102, 0, 85, 1, 1, 'Live'),
(2605, 100, 5.00, 123, 102, 0, 85, 1, 1, 'Live'),
(2606, 323, 50.00, 123, 102, 0, 85, 1, 1, 'Live'),
(2607, 212, 60.00, 123, 102, 0, 85, 1, 1, 'Live'),
(2608, 333, 15.00, 123, 102, 0, 1, 1, 1, 'Live'),
(2609, 267, 3.00, 123, 102, 0, 1, 1, 1, 'Live'),
(2610, 320, 0.50, 123, 102, 0, 1, 1, 1, 'Live'),
(2611, 98, 10.00, 123, 102, 0, 1, 1, 1, 'Live'),
(2612, 12, 10.00, 123, 102, 0, 1, 1, 1, 'Live'),
(2613, 250, 20.00, 123, 102, 0, 1, 1, 1, 'Live'),
(2614, 16, 60.00, 123, 102, 0, 1, 1, 1, 'Live'),
(2615, 218, 2.00, 123, 102, 0, 1, 1, 1, 'Live'),
(2616, 209, 15.00, 123, 102, 0, 1, 1, 1, 'Live'),
(2617, 301, 1.30, 123, 102, 0, 1, 1, 1, 'Live'),
(2618, 333, 10.00, 123, 102, 0, 2, 1, 1, 'Live'),
(2619, 267, 3.00, 123, 102, 0, 2, 1, 1, 'Live'),
(2620, 320, 0.25, 123, 102, 0, 2, 1, 1, 'Live'),
(2621, 12, 10.00, 123, 102, 0, 2, 1, 1, 'Live'),
(2622, 250, 10.00, 123, 102, 0, 2, 1, 1, 'Live'),
(2623, 17, 5.00, 123, 102, 0, 2, 1, 1, 'Live'),
(2624, 323, 20.00, 123, 102, 0, 2, 1, 1, 'Live'),
(2625, 16, 55.00, 123, 102, 0, 2, 1, 1, 'Live'),
(2626, 209, 10.00, 123, 102, 0, 2, 1, 1, 'Live'),
(2627, 301, 0.30, 123, 102, 0, 2, 1, 1, 'Live'),
(2628, 204, 83.50, 123, 102, 0, 2, 1, 1, 'Live'),
(2629, 190, 50.00, 123, 102, 0, 2, 1, 1, 'Live'),
(2630, 322, 10.00, 123, 102, 0, 83, 1, 1, 'Live'),
(2631, 320, 0.20, 123, 102, 0, 83, 1, 1, 'Live'),
(2632, 326, 15.00, 123, 102, 0, 83, 1, 1, 'Live'),
(2633, 100, 5.00, 123, 102, 0, 83, 1, 1, 'Live'),
(2634, 323, 20.00, 123, 102, 0, 83, 1, 1, 'Live'),
(2635, 315, 0.50, 123, 102, 0, 83, 1, 1, 'Live'),
(2636, 344, 600.00, 123, 102, 0, 145, 1, 1, 'Live'),
(2637, 59, 3.00, 123, 102, 0, 145, 1, 1, 'Live'),
(2638, 322, 10.00, 124, 103, 0, 84, 1, 1, 'Live'),
(2639, 320, 0.20, 124, 103, 0, 84, 1, 1, 'Live'),
(2640, 51, 20.00, 124, 103, 0, 84, 1, 1, 'Live'),
(2641, 326, 15.00, 124, 103, 0, 84, 1, 1, 'Live'),
(2642, 227, 25.00, 124, 103, 0, 84, 1, 1, 'Live'),
(2643, 53, 5.00, 124, 103, 0, 84, 1, 1, 'Live'),
(2644, 323, 20.00, 124, 103, 0, 84, 1, 1, 'Live'),
(2645, 321, 0.25, 124, 103, 0, 84, 1, 1, 'Live'),
(2646, 320, 0.40, 124, 103, 0, 85, 1, 1, 'Live'),
(2647, 326, 15.00, 124, 103, 0, 85, 1, 1, 'Live'),
(2648, 227, 25.00, 124, 103, 0, 85, 1, 1, 'Live'),
(2649, 100, 5.00, 124, 103, 0, 85, 1, 1, 'Live'),
(2650, 323, 50.00, 124, 103, 0, 85, 1, 1, 'Live'),
(2651, 212, 60.00, 124, 103, 0, 85, 1, 1, 'Live'),
(2652, 333, 15.00, 124, 103, 0, 1, 1, 1, 'Live'),
(2653, 267, 3.00, 124, 103, 0, 1, 1, 1, 'Live'),
(2654, 320, 0.50, 124, 103, 0, 1, 1, 1, 'Live'),
(2655, 98, 10.00, 124, 103, 0, 1, 1, 1, 'Live'),
(2656, 12, 10.00, 124, 103, 0, 1, 1, 1, 'Live'),
(2657, 250, 20.00, 124, 103, 0, 1, 1, 1, 'Live'),
(2658, 16, 60.00, 124, 103, 0, 1, 1, 1, 'Live'),
(2659, 218, 2.00, 124, 103, 0, 1, 1, 1, 'Live'),
(2660, 209, 15.00, 124, 103, 0, 1, 1, 1, 'Live'),
(2661, 301, 1.30, 124, 103, 0, 1, 1, 1, 'Live'),
(2662, 333, 10.00, 124, 103, 0, 2, 1, 1, 'Live'),
(2663, 267, 3.00, 124, 103, 0, 2, 1, 1, 'Live'),
(2664, 320, 0.25, 124, 103, 0, 2, 1, 1, 'Live'),
(2665, 12, 10.00, 124, 103, 0, 2, 1, 1, 'Live'),
(2666, 250, 10.00, 124, 103, 0, 2, 1, 1, 'Live'),
(2667, 17, 5.00, 124, 103, 0, 2, 1, 1, 'Live'),
(2668, 323, 20.00, 124, 103, 0, 2, 1, 1, 'Live'),
(2669, 16, 55.00, 124, 103, 0, 2, 1, 1, 'Live'),
(2670, 209, 10.00, 124, 103, 0, 2, 1, 1, 'Live'),
(2671, 301, 0.30, 124, 103, 0, 2, 1, 1, 'Live'),
(2672, 204, 83.50, 124, 103, 0, 2, 1, 1, 'Live'),
(2673, 190, 50.00, 124, 103, 0, 2, 1, 1, 'Live'),
(2674, 322, 10.00, 124, 103, 0, 83, 1, 1, 'Live'),
(2675, 320, 0.20, 124, 103, 0, 83, 1, 1, 'Live'),
(2676, 326, 15.00, 124, 103, 0, 83, 1, 1, 'Live'),
(2677, 100, 5.00, 124, 103, 0, 83, 1, 1, 'Live'),
(2678, 323, 20.00, 124, 103, 0, 83, 1, 1, 'Live'),
(2679, 315, 0.50, 124, 103, 0, 83, 1, 1, 'Live'),
(2694, 322, 10.00, 126, 105, 0, 84, 1, 1, 'Live'),
(2695, 320, 0.20, 126, 105, 0, 84, 1, 1, 'Live'),
(2696, 51, 20.00, 126, 105, 0, 84, 1, 1, 'Live'),
(2697, 326, 15.00, 126, 105, 0, 84, 1, 1, 'Live'),
(2698, 227, 25.00, 126, 105, 0, 84, 1, 1, 'Live'),
(2699, 53, 5.00, 126, 105, 0, 84, 1, 1, 'Live'),
(2700, 323, 20.00, 126, 105, 0, 84, 1, 1, 'Live'),
(2701, 321, 0.25, 126, 105, 0, 84, 1, 1, 'Live'),
(2702, 320, 0.40, 126, 105, 0, 85, 1, 1, 'Live'),
(2703, 326, 15.00, 126, 105, 0, 85, 1, 1, 'Live'),
(2704, 227, 25.00, 126, 105, 0, 85, 1, 1, 'Live'),
(2705, 100, 5.00, 126, 105, 0, 85, 1, 1, 'Live'),
(2706, 323, 50.00, 126, 105, 0, 85, 1, 1, 'Live'),
(2707, 212, 60.00, 126, 105, 0, 85, 1, 1, 'Live'),
(2708, 320, 0.40, 126, 105, 0, 85, 1, 1, 'Live'),
(2709, 326, 15.00, 126, 105, 0, 85, 1, 1, 'Live'),
(2710, 227, 25.00, 126, 105, 0, 85, 1, 1, 'Live'),
(2711, 100, 5.00, 126, 105, 0, 85, 1, 1, 'Live'),
(2712, 323, 50.00, 126, 105, 0, 85, 1, 1, 'Live'),
(2713, 212, 60.00, 126, 105, 0, 85, 1, 1, 'Live'),
(2714, 297, 1.00, 127, 106, 0, 276, 1, 1, 'Live'),
(2715, 186, 160.00, 127, 106, 0, 276, 1, 1, 'Live'),
(2716, 305, 80.00, 127, 106, 0, 276, 1, 1, 'Live'),
(2717, 270, 120.00, 127, 106, 0, 276, 1, 1, 'Live'),
(2718, 297, 1.00, 127, 106, 0, 276, 1, 1, 'Live'),
(2719, 186, 160.00, 127, 106, 0, 276, 1, 1, 'Live'),
(2720, 305, 80.00, 127, 106, 0, 276, 1, 1, 'Live'),
(2721, 270, 120.00, 127, 106, 0, 276, 1, 1, 'Live'),
(2722, 297, 1.00, 127, 106, 0, 275, 1, 1, 'Live'),
(2723, 186, 160.00, 127, 106, 0, 275, 1, 1, 'Live'),
(2724, 305, 80.00, 127, 106, 0, 275, 1, 1, 'Live'),
(2725, 240, 120.00, 127, 106, 0, 275, 1, 1, 'Live'),
(2726, 322, 10.00, 132, 111, 0, 83, 1, 1, 'Live'),
(2727, 320, 0.20, 132, 111, 0, 83, 1, 1, 'Live'),
(2728, 326, 15.00, 132, 111, 0, 83, 1, 1, 'Live'),
(2729, 100, 5.00, 132, 111, 0, 83, 1, 1, 'Live'),
(2730, 323, 20.00, 132, 111, 0, 83, 1, 1, 'Live'),
(2731, 315, 0.50, 132, 111, 0, 83, 1, 1, 'Live'),
(2732, 320, 0.40, 132, 111, 0, 85, 1, 1, 'Live'),
(2733, 326, 15.00, 132, 111, 0, 85, 1, 1, 'Live'),
(2734, 227, 25.00, 132, 111, 0, 85, 1, 1, 'Live'),
(2735, 100, 5.00, 132, 111, 0, 85, 1, 1, 'Live'),
(2736, 323, 50.00, 132, 111, 0, 85, 1, 1, 'Live'),
(2737, 212, 60.00, 132, 111, 0, 85, 1, 1, 'Live'),
(2738, 322, 10.00, 133, 112, 0, 84, 1, 1, 'Live'),
(2739, 320, 0.20, 133, 112, 0, 84, 1, 1, 'Live'),
(2740, 51, 20.00, 133, 112, 0, 84, 1, 1, 'Live'),
(2741, 326, 15.00, 133, 112, 0, 84, 1, 1, 'Live'),
(2742, 227, 25.00, 133, 112, 0, 84, 1, 1, 'Live'),
(2743, 53, 5.00, 133, 112, 0, 84, 1, 1, 'Live'),
(2744, 323, 20.00, 133, 112, 0, 84, 1, 1, 'Live'),
(2745, 321, 0.25, 133, 112, 0, 84, 1, 1, 'Live'),
(2746, 333, 15.00, 133, 112, 0, 1, 1, 1, 'Live'),
(2747, 267, 3.00, 133, 112, 0, 1, 1, 1, 'Live'),
(2748, 320, 0.50, 133, 112, 0, 1, 1, 1, 'Live'),
(2749, 98, 10.00, 133, 112, 0, 1, 1, 1, 'Live'),
(2750, 12, 10.00, 133, 112, 0, 1, 1, 1, 'Live'),
(2751, 250, 20.00, 133, 112, 0, 1, 1, 1, 'Live'),
(2752, 16, 60.00, 133, 112, 0, 1, 1, 1, 'Live'),
(2753, 218, 2.00, 133, 112, 0, 1, 1, 1, 'Live'),
(2754, 209, 15.00, 133, 112, 0, 1, 1, 1, 'Live'),
(2755, 301, 1.30, 133, 112, 0, 1, 1, 1, 'Live'),
(2756, 322, 10.00, 133, 112, 0, 84, 1, 1, 'Live'),
(2757, 320, 0.20, 133, 112, 0, 84, 1, 1, 'Live'),
(2758, 51, 20.00, 133, 112, 0, 84, 1, 1, 'Live'),
(2759, 326, 15.00, 133, 112, 0, 84, 1, 1, 'Live'),
(2760, 227, 25.00, 133, 112, 0, 84, 1, 1, 'Live'),
(2761, 53, 5.00, 133, 112, 0, 84, 1, 1, 'Live'),
(2762, 323, 20.00, 133, 112, 0, 84, 1, 1, 'Live'),
(2763, 321, 0.25, 133, 112, 0, 84, 1, 1, 'Live'),
(2764, 333, 10.00, 133, 112, 0, 2, 1, 1, 'Live'),
(2765, 267, 3.00, 133, 112, 0, 2, 1, 1, 'Live'),
(2766, 320, 0.25, 133, 112, 0, 2, 1, 1, 'Live'),
(2767, 12, 10.00, 133, 112, 0, 2, 1, 1, 'Live'),
(2768, 250, 10.00, 133, 112, 0, 2, 1, 1, 'Live'),
(2769, 17, 5.00, 133, 112, 0, 2, 1, 1, 'Live'),
(2770, 323, 20.00, 133, 112, 0, 2, 1, 1, 'Live'),
(2771, 16, 55.00, 133, 112, 0, 2, 1, 1, 'Live'),
(2772, 209, 10.00, 133, 112, 0, 2, 1, 1, 'Live'),
(2773, 301, 0.30, 133, 112, 0, 2, 1, 1, 'Live'),
(2774, 204, 83.50, 133, 112, 0, 2, 1, 1, 'Live'),
(2775, 190, 50.00, 133, 112, 0, 2, 1, 1, 'Live'),
(2776, 320, 0.40, 133, 112, 0, 85, 1, 1, 'Live'),
(2777, 326, 15.00, 133, 112, 0, 85, 1, 1, 'Live'),
(2778, 227, 25.00, 133, 112, 0, 85, 1, 1, 'Live'),
(2779, 100, 5.00, 133, 112, 0, 85, 1, 1, 'Live'),
(2780, 323, 50.00, 133, 112, 0, 85, 1, 1, 'Live'),
(2781, 212, 60.00, 133, 112, 0, 85, 1, 1, 'Live'),
(2782, 322, 10.00, 133, 112, 0, 84, 1, 1, 'Live'),
(2783, 320, 0.20, 133, 112, 0, 84, 1, 1, 'Live'),
(2784, 51, 20.00, 133, 112, 0, 84, 1, 1, 'Live'),
(2785, 326, 15.00, 133, 112, 0, 84, 1, 1, 'Live'),
(2786, 227, 25.00, 133, 112, 0, 84, 1, 1, 'Live'),
(2787, 53, 5.00, 133, 112, 0, 84, 1, 1, 'Live'),
(2788, 323, 20.00, 133, 112, 0, 84, 1, 1, 'Live'),
(2789, 321, 0.25, 133, 112, 0, 84, 1, 1, 'Live'),
(2790, 333, 15.00, 133, 112, 0, 1, 1, 1, 'Live'),
(2791, 267, 3.00, 133, 112, 0, 1, 1, 1, 'Live'),
(2792, 320, 0.50, 133, 112, 0, 1, 1, 1, 'Live'),
(2793, 98, 10.00, 133, 112, 0, 1, 1, 1, 'Live'),
(2794, 12, 10.00, 133, 112, 0, 1, 1, 1, 'Live'),
(2795, 250, 20.00, 133, 112, 0, 1, 1, 1, 'Live'),
(2796, 16, 60.00, 133, 112, 0, 1, 1, 1, 'Live'),
(2797, 218, 2.00, 133, 112, 0, 1, 1, 1, 'Live'),
(2798, 209, 15.00, 133, 112, 0, 1, 1, 1, 'Live'),
(2799, 301, 1.30, 133, 112, 0, 1, 1, 1, 'Live'),
(2800, 322, 10.00, 133, 112, 0, 84, 1, 1, 'Live'),
(2801, 320, 0.20, 133, 112, 0, 84, 1, 1, 'Live'),
(2802, 51, 20.00, 133, 112, 0, 84, 1, 1, 'Live'),
(2803, 326, 15.00, 133, 112, 0, 84, 1, 1, 'Live'),
(2804, 227, 25.00, 133, 112, 0, 84, 1, 1, 'Live'),
(2805, 53, 5.00, 133, 112, 0, 84, 1, 1, 'Live'),
(2806, 323, 20.00, 133, 112, 0, 84, 1, 1, 'Live'),
(2807, 321, 0.25, 133, 112, 0, 84, 1, 1, 'Live'),
(2822, 322, 10.00, 135, 104, 0, 84, 1, 1, 'Live'),
(2823, 320, 0.20, 135, 104, 0, 84, 1, 1, 'Live'),
(2824, 51, 20.00, 135, 104, 0, 84, 1, 1, 'Live'),
(2825, 326, 15.00, 135, 104, 0, 84, 1, 1, 'Live'),
(2826, 227, 25.00, 135, 104, 0, 84, 1, 1, 'Live'),
(2827, 53, 5.00, 135, 104, 0, 84, 1, 1, 'Live'),
(2828, 323, 20.00, 135, 104, 0, 84, 1, 1, 'Live'),
(2829, 321, 0.25, 135, 104, 0, 84, 1, 1, 'Live'),
(2830, 320, 0.40, 135, 104, 0, 85, 1, 1, 'Live'),
(2831, 326, 15.00, 135, 104, 0, 85, 1, 1, 'Live'),
(2832, 227, 25.00, 135, 104, 0, 85, 1, 1, 'Live'),
(2833, 100, 5.00, 135, 104, 0, 85, 1, 1, 'Live'),
(2834, 323, 50.00, 135, 104, 0, 85, 1, 1, 'Live'),
(2835, 212, 60.00, 135, 104, 0, 85, 1, 1, 'Live'),
(2836, 320, 2.00, 136, 113, 0, 85, 1, 1, 'Live'),
(2837, 326, 75.00, 136, 113, 0, 85, 1, 1, 'Live'),
(2838, 227, 125.00, 136, 113, 0, 85, 1, 1, 'Live'),
(2839, 100, 25.00, 136, 113, 0, 85, 1, 1, 'Live'),
(2840, 323, 250.00, 136, 113, 0, 85, 1, 1, 'Live'),
(2841, 212, 300.00, 136, 113, 0, 85, 1, 1, 'Live'),
(2842, 320, 0.40, 136, 113, 0, 85, 1, 1, 'Live'),
(2843, 326, 15.00, 136, 113, 0, 85, 1, 1, 'Live'),
(2844, 227, 25.00, 136, 113, 0, 85, 1, 1, 'Live'),
(2845, 100, 5.00, 136, 113, 0, 85, 1, 1, 'Live'),
(2846, 323, 50.00, 136, 113, 0, 85, 1, 1, 'Live'),
(2847, 212, 60.00, 136, 113, 0, 85, 1, 1, 'Live'),
(2848, 322, 10.00, 138, 115, 0, 84, 1, 1, 'Live'),
(2849, 320, 0.20, 138, 115, 0, 84, 1, 1, 'Live'),
(2850, 51, 20.00, 138, 115, 0, 84, 1, 1, 'Live'),
(2851, 326, 15.00, 138, 115, 0, 84, 1, 1, 'Live'),
(2852, 227, 25.00, 138, 115, 0, 84, 1, 1, 'Live'),
(2853, 53, 5.00, 138, 115, 0, 84, 1, 1, 'Live'),
(2854, 323, 20.00, 138, 115, 0, 84, 1, 1, 'Live'),
(2855, 321, 0.25, 138, 115, 0, 84, 1, 1, 'Live'),
(2880, 322, 10.00, 178, 155, 0, 84, 1, 1, 'Live'),
(2881, 320, 0.20, 178, 155, 0, 84, 1, 1, 'Live'),
(2882, 51, 20.00, 178, 155, 0, 84, 1, 1, 'Live'),
(2883, 326, 15.00, 178, 155, 0, 84, 1, 1, 'Live'),
(2884, 227, 25.00, 178, 155, 0, 84, 1, 1, 'Live'),
(2885, 53, 5.00, 178, 155, 0, 84, 1, 1, 'Live'),
(2886, 323, 20.00, 178, 155, 0, 84, 1, 1, 'Live'),
(2887, 321, 0.25, 178, 155, 0, 84, 1, 1, 'Live'),
(2888, 320, 1.50, 179, 156, 0, 75, 1, 1, 'Live'),
(2889, 326, 15.00, 179, 156, 0, 75, 1, 1, 'Live'),
(2890, 250, 10.00, 179, 156, 0, 75, 1, 1, 'Live'),
(2891, 283, 1.00, 179, 156, 0, 75, 1, 1, 'Live'),
(2892, 227, 25.00, 179, 156, 0, 75, 1, 1, 'Live'),
(2893, 100, 5.00, 179, 156, 0, 75, 1, 1, 'Live'),
(2894, 17, 17.00, 179, 156, 0, 75, 1, 1, 'Live'),
(2895, 323, 35.00, 179, 156, 0, 75, 1, 1, 'Live'),
(2896, 16, 84.00, 179, 156, 0, 75, 1, 1, 'Live'),
(2897, 321, 0.07, 179, 156, 0, 75, 1, 1, 'Live'),
(2898, 315, 0.16, 179, 156, 0, 75, 1, 1, 'Live'),
(2899, 219, 10.00, 179, 156, 0, 75, 1, 1, 'Live'),
(2900, 8, 3.00, 179, 156, 0, 75, 1, 1, 'Live'),
(2901, 320, 1.50, 180, 157, 0, 75, 1, 1, 'Live'),
(2902, 326, 15.00, 180, 157, 0, 75, 1, 1, 'Live'),
(2903, 250, 10.00, 180, 157, 0, 75, 1, 1, 'Live'),
(2904, 283, 1.00, 180, 157, 0, 75, 1, 1, 'Live'),
(2905, 227, 25.00, 180, 157, 0, 75, 1, 1, 'Live'),
(2906, 100, 5.00, 180, 157, 0, 75, 1, 1, 'Live'),
(2907, 17, 17.00, 180, 157, 0, 75, 1, 1, 'Live'),
(2908, 323, 35.00, 180, 157, 0, 75, 1, 1, 'Live'),
(2909, 16, 84.00, 180, 157, 0, 75, 1, 1, 'Live'),
(2910, 321, 0.07, 180, 157, 0, 75, 1, 1, 'Live'),
(2911, 315, 0.16, 180, 157, 0, 75, 1, 1, 'Live'),
(2912, 219, 10.00, 180, 157, 0, 75, 1, 1, 'Live'),
(2913, 8, 3.00, 180, 157, 0, 75, 1, 1, 'Live'),
(2914, 320, 0.40, 181, 158, 0, 85, 1, 1, 'Live'),
(2915, 326, 15.00, 181, 158, 0, 85, 1, 1, 'Live'),
(2916, 227, 25.00, 181, 158, 0, 85, 1, 1, 'Live'),
(2917, 100, 5.00, 181, 158, 0, 85, 1, 1, 'Live'),
(2918, 323, 50.00, 181, 158, 0, 85, 1, 1, 'Live'),
(2919, 212, 60.00, 181, 158, 0, 85, 1, 1, 'Live'),
(2920, 320, 0.40, 182, 159, 0, 85, 1, 1, 'Live'),
(2921, 326, 15.00, 182, 159, 0, 85, 1, 1, 'Live'),
(2922, 227, 25.00, 182, 159, 0, 85, 1, 1, 'Live'),
(2923, 100, 5.00, 182, 159, 0, 85, 1, 1, 'Live'),
(2924, 323, 50.00, 182, 159, 0, 85, 1, 1, 'Live'),
(2925, 212, 60.00, 182, 159, 0, 85, 1, 1, 'Live'),
(2926, 322, 10.00, 182, 159, 0, 84, 1, 1, 'Live'),
(2927, 320, 0.20, 182, 159, 0, 84, 1, 1, 'Live'),
(2928, 51, 20.00, 182, 159, 0, 84, 1, 1, 'Live'),
(2929, 326, 15.00, 182, 159, 0, 84, 1, 1, 'Live'),
(2930, 227, 25.00, 182, 159, 0, 84, 1, 1, 'Live'),
(2931, 53, 5.00, 182, 159, 0, 84, 1, 1, 'Live'),
(2932, 323, 20.00, 182, 159, 0, 84, 1, 1, 'Live'),
(2933, 321, 0.25, 182, 159, 0, 84, 1, 1, 'Live'),
(2934, 333, 15.00, 182, 159, 0, 1, 1, 1, 'Live'),
(2935, 267, 3.00, 182, 159, 0, 1, 1, 1, 'Live'),
(2936, 320, 0.50, 182, 159, 0, 1, 1, 1, 'Live'),
(2937, 98, 10.00, 182, 159, 0, 1, 1, 1, 'Live'),
(2938, 12, 10.00, 182, 159, 0, 1, 1, 1, 'Live'),
(2939, 250, 20.00, 182, 159, 0, 1, 1, 1, 'Live'),
(2940, 16, 60.00, 182, 159, 0, 1, 1, 1, 'Live'),
(2941, 218, 2.00, 182, 159, 0, 1, 1, 1, 'Live'),
(2942, 209, 15.00, 182, 159, 0, 1, 1, 1, 'Live'),
(2943, 301, 1.30, 182, 159, 0, 1, 1, 1, 'Live'),
(2944, 333, 10.00, 182, 159, 0, 2, 1, 1, 'Live'),
(2945, 267, 3.00, 182, 159, 0, 2, 1, 1, 'Live'),
(2946, 320, 0.25, 182, 159, 0, 2, 1, 1, 'Live'),
(2947, 12, 10.00, 182, 159, 0, 2, 1, 1, 'Live'),
(2948, 250, 10.00, 182, 159, 0, 2, 1, 1, 'Live'),
(2949, 17, 5.00, 182, 159, 0, 2, 1, 1, 'Live'),
(2950, 323, 20.00, 182, 159, 0, 2, 1, 1, 'Live'),
(2951, 16, 55.00, 182, 159, 0, 2, 1, 1, 'Live'),
(2952, 209, 10.00, 182, 159, 0, 2, 1, 1, 'Live'),
(2953, 301, 0.30, 182, 159, 0, 2, 1, 1, 'Live'),
(2954, 204, 83.50, 182, 159, 0, 2, 1, 1, 'Live'),
(2955, 190, 50.00, 182, 159, 0, 2, 1, 1, 'Live'),
(2956, 322, 10.00, 182, 159, 0, 84, 1, 1, 'Live'),
(2957, 320, 0.20, 182, 159, 0, 84, 1, 1, 'Live'),
(2958, 51, 20.00, 182, 159, 0, 84, 1, 1, 'Live'),
(2959, 326, 15.00, 182, 159, 0, 84, 1, 1, 'Live'),
(2960, 227, 25.00, 182, 159, 0, 84, 1, 1, 'Live'),
(2961, 53, 5.00, 182, 159, 0, 84, 1, 1, 'Live'),
(2962, 323, 20.00, 182, 159, 0, 84, 1, 1, 'Live'),
(2963, 321, 0.25, 182, 159, 0, 84, 1, 1, 'Live'),
(2994, 320, 0.40, 228, 205, 0, 85, 1, 1, 'Live'),
(2995, 326, 15.00, 228, 205, 0, 85, 1, 1, 'Live'),
(2996, 227, 25.00, 228, 205, 0, 85, 1, 1, 'Live'),
(2997, 100, 5.00, 228, 205, 0, 85, 1, 1, 'Live'),
(2998, 323, 50.00, 228, 205, 0, 85, 1, 1, 'Live'),
(2999, 212, 60.00, 228, 205, 0, 85, 1, 1, 'Live'),
(3000, 320, 0.40, 230, 207, 0, 85, 1, 1, 'Live'),
(3001, 326, 15.00, 230, 207, 0, 85, 1, 1, 'Live'),
(3002, 227, 25.00, 230, 207, 0, 85, 1, 1, 'Live'),
(3003, 100, 5.00, 230, 207, 0, 85, 1, 1, 'Live'),
(3004, 323, 50.00, 230, 207, 0, 85, 1, 1, 'Live'),
(3005, 212, 60.00, 230, 207, 0, 85, 1, 1, 'Live'),
(3006, 320, 0.40, 232, 209, 0, 85, 1, 1, 'Live'),
(3007, 326, 15.00, 232, 209, 0, 85, 1, 1, 'Live'),
(3008, 227, 25.00, 232, 209, 0, 85, 1, 1, 'Live'),
(3009, 100, 5.00, 232, 209, 0, 85, 1, 1, 'Live'),
(3010, 323, 50.00, 232, 209, 0, 85, 1, 1, 'Live'),
(3011, 212, 60.00, 232, 209, 0, 85, 1, 1, 'Live'),
(3012, 333, 10.00, 233, 210, 0, 2, 1, 1, 'Live'),
(3013, 267, 3.00, 233, 210, 0, 2, 1, 1, 'Live'),
(3014, 320, 0.25, 233, 210, 0, 2, 1, 1, 'Live'),
(3015, 12, 10.00, 233, 210, 0, 2, 1, 1, 'Live'),
(3016, 250, 10.00, 233, 210, 0, 2, 1, 1, 'Live'),
(3017, 17, 5.00, 233, 210, 0, 2, 1, 1, 'Live'),
(3018, 323, 20.00, 233, 210, 0, 2, 1, 1, 'Live'),
(3019, 16, 55.00, 233, 210, 0, 2, 1, 1, 'Live'),
(3020, 209, 10.00, 233, 210, 0, 2, 1, 1, 'Live'),
(3021, 301, 0.30, 233, 210, 0, 2, 1, 1, 'Live'),
(3022, 204, 83.50, 233, 210, 0, 2, 1, 1, 'Live'),
(3023, 190, 50.00, 233, 210, 0, 2, 1, 1, 'Live'),
(3024, 320, 0.40, 234, 211, 0, 85, 1, 1, 'Live'),
(3025, 326, 15.00, 234, 211, 0, 85, 1, 1, 'Live'),
(3026, 227, 25.00, 234, 211, 0, 85, 1, 1, 'Live'),
(3027, 100, 5.00, 234, 211, 0, 85, 1, 1, 'Live'),
(3028, 323, 50.00, 234, 211, 0, 85, 1, 1, 'Live'),
(3029, 212, 60.00, 234, 211, 0, 85, 1, 1, 'Live'),
(3030, 333, 15.00, 236, 213, 0, 1, 1, 1, 'Live'),
(3031, 267, 3.00, 236, 213, 0, 1, 1, 1, 'Live'),
(3032, 320, 0.50, 236, 213, 0, 1, 1, 1, 'Live'),
(3033, 98, 10.00, 236, 213, 0, 1, 1, 1, 'Live'),
(3034, 12, 10.00, 236, 213, 0, 1, 1, 1, 'Live'),
(3035, 250, 20.00, 236, 213, 0, 1, 1, 1, 'Live'),
(3036, 16, 60.00, 236, 213, 0, 1, 1, 1, 'Live'),
(3037, 218, 2.00, 236, 213, 0, 1, 1, 1, 'Live'),
(3038, 209, 15.00, 236, 213, 0, 1, 1, 1, 'Live'),
(3039, 301, 1.30, 236, 213, 0, 1, 1, 1, 'Live'),
(3040, 320, 0.40, 237, 214, 0, 85, 1, 1, 'Live'),
(3041, 326, 15.00, 237, 214, 0, 85, 1, 1, 'Live'),
(3042, 227, 25.00, 237, 214, 0, 85, 1, 1, 'Live'),
(3043, 100, 5.00, 237, 214, 0, 85, 1, 1, 'Live'),
(3044, 323, 50.00, 237, 214, 0, 85, 1, 1, 'Live'),
(3045, 212, 60.00, 237, 214, 0, 85, 1, 1, 'Live'),
(3046, 320, 0.40, 239, 216, 0, 85, 1, 1, 'Live'),
(3047, 326, 15.00, 239, 216, 0, 85, 1, 1, 'Live'),
(3048, 227, 25.00, 239, 216, 0, 85, 1, 1, 'Live'),
(3049, 100, 5.00, 239, 216, 0, 85, 1, 1, 'Live'),
(3050, 323, 50.00, 239, 216, 0, 85, 1, 1, 'Live'),
(3051, 212, 60.00, 239, 216, 0, 85, 1, 1, 'Live'),
(3052, 320, 0.40, 275, 252, 0, 85, 1, 1, 'Live'),
(3053, 326, 15.00, 275, 252, 0, 85, 1, 1, 'Live'),
(3054, 227, 25.00, 275, 252, 0, 85, 1, 1, 'Live'),
(3055, 100, 5.00, 275, 252, 0, 85, 1, 1, 'Live'),
(3056, 323, 50.00, 275, 252, 0, 85, 1, 1, 'Live'),
(3057, 212, 60.00, 275, 252, 0, 85, 1, 1, 'Live'),
(3058, 322, 10.00, 276, 253, 0, 84, 1, 1, 'Live'),
(3059, 320, 0.20, 276, 253, 0, 84, 1, 1, 'Live'),
(3060, 51, 20.00, 276, 253, 0, 84, 1, 1, 'Live'),
(3061, 326, 15.00, 276, 253, 0, 84, 1, 1, 'Live'),
(3062, 227, 25.00, 276, 253, 0, 84, 1, 1, 'Live'),
(3063, 53, 5.00, 276, 253, 0, 84, 1, 1, 'Live'),
(3064, 323, 20.00, 276, 253, 0, 84, 1, 1, 'Live'),
(3065, 321, 0.25, 276, 253, 0, 84, 1, 1, 'Live'),
(3066, 322, 10.00, 277, 254, 0, 84, 1, 1, 'Live'),
(3067, 320, 0.20, 277, 254, 0, 84, 1, 1, 'Live'),
(3068, 51, 20.00, 277, 254, 0, 84, 1, 1, 'Live'),
(3069, 326, 15.00, 277, 254, 0, 84, 1, 1, 'Live'),
(3070, 227, 25.00, 277, 254, 0, 84, 1, 1, 'Live'),
(3071, 53, 5.00, 277, 254, 0, 84, 1, 1, 'Live'),
(3072, 323, 20.00, 277, 254, 0, 84, 1, 1, 'Live'),
(3073, 321, 0.25, 277, 254, 0, 84, 1, 1, 'Live'),
(3074, 322, 10.00, 278, 255, 0, 84, 1, 1, 'Live'),
(3075, 320, 0.20, 278, 255, 0, 84, 1, 1, 'Live'),
(3076, 51, 20.00, 278, 255, 0, 84, 1, 1, 'Live'),
(3077, 326, 15.00, 278, 255, 0, 84, 1, 1, 'Live'),
(3078, 227, 25.00, 278, 255, 0, 84, 1, 1, 'Live'),
(3079, 53, 5.00, 278, 255, 0, 84, 1, 1, 'Live'),
(3080, 323, 20.00, 278, 255, 0, 84, 1, 1, 'Live'),
(3081, 321, 0.25, 278, 255, 0, 84, 1, 1, 'Live'),
(3082, 322, 10.00, 279, 256, 0, 84, 1, 1, 'Live'),
(3083, 320, 0.20, 279, 256, 0, 84, 1, 1, 'Live'),
(3084, 51, 20.00, 279, 256, 0, 84, 1, 1, 'Live'),
(3085, 326, 15.00, 279, 256, 0, 84, 1, 1, 'Live'),
(3086, 227, 25.00, 279, 256, 0, 84, 1, 1, 'Live'),
(3087, 53, 5.00, 279, 256, 0, 84, 1, 1, 'Live'),
(3088, 323, 20.00, 279, 256, 0, 84, 1, 1, 'Live'),
(3089, 321, 0.25, 279, 256, 0, 84, 1, 1, 'Live'),
(3090, 322, 10.00, 280, 257, 0, 84, 1, 1, 'Live'),
(3091, 320, 0.20, 280, 257, 0, 84, 1, 1, 'Live'),
(3092, 51, 20.00, 280, 257, 0, 84, 1, 1, 'Live'),
(3093, 326, 15.00, 280, 257, 0, 84, 1, 1, 'Live'),
(3094, 227, 25.00, 280, 257, 0, 84, 1, 1, 'Live'),
(3095, 53, 5.00, 280, 257, 0, 84, 1, 1, 'Live'),
(3096, 323, 20.00, 280, 257, 0, 84, 1, 1, 'Live'),
(3097, 321, 0.25, 280, 257, 0, 84, 1, 1, 'Live'),
(3098, 322, 10.00, 281, 258, 0, 84, 1, 1, 'Live'),
(3099, 320, 0.20, 281, 258, 0, 84, 1, 1, 'Live'),
(3100, 51, 20.00, 281, 258, 0, 84, 1, 1, 'Live'),
(3101, 326, 15.00, 281, 258, 0, 84, 1, 1, 'Live'),
(3102, 227, 25.00, 281, 258, 0, 84, 1, 1, 'Live'),
(3103, 53, 5.00, 281, 258, 0, 84, 1, 1, 'Live'),
(3104, 323, 20.00, 281, 258, 0, 84, 1, 1, 'Live'),
(3105, 321, 0.25, 281, 258, 0, 84, 1, 1, 'Live'),
(3106, 322, 10.00, 282, 259, 0, 84, 1, 1, 'Live'),
(3107, 320, 0.20, 282, 259, 0, 84, 1, 1, 'Live'),
(3108, 51, 20.00, 282, 259, 0, 84, 1, 1, 'Live'),
(3109, 326, 15.00, 282, 259, 0, 84, 1, 1, 'Live'),
(3110, 227, 25.00, 282, 259, 0, 84, 1, 1, 'Live'),
(3111, 53, 5.00, 282, 259, 0, 84, 1, 1, 'Live'),
(3112, 323, 20.00, 282, 259, 0, 84, 1, 1, 'Live'),
(3113, 321, 0.25, 282, 259, 0, 84, 1, 1, 'Live'),
(3114, 322, 10.00, 283, 260, 0, 84, 1, 1, 'Live'),
(3115, 320, 0.20, 283, 260, 0, 84, 1, 1, 'Live'),
(3116, 51, 20.00, 283, 260, 0, 84, 1, 1, 'Live'),
(3117, 326, 15.00, 283, 260, 0, 84, 1, 1, 'Live'),
(3118, 227, 25.00, 283, 260, 0, 84, 1, 1, 'Live'),
(3119, 53, 5.00, 283, 260, 0, 84, 1, 1, 'Live'),
(3120, 323, 20.00, 283, 260, 0, 84, 1, 1, 'Live'),
(3121, 321, 0.25, 283, 260, 0, 84, 1, 1, 'Live'),
(3122, 322, 10.00, 284, 261, 0, 84, 1, 1, 'Live'),
(3123, 320, 0.20, 284, 261, 0, 84, 1, 1, 'Live'),
(3124, 51, 20.00, 284, 261, 0, 84, 1, 1, 'Live'),
(3125, 326, 15.00, 284, 261, 0, 84, 1, 1, 'Live'),
(3126, 227, 25.00, 284, 261, 0, 84, 1, 1, 'Live'),
(3127, 53, 5.00, 284, 261, 0, 84, 1, 1, 'Live'),
(3128, 323, 20.00, 284, 261, 0, 84, 1, 1, 'Live'),
(3129, 321, 0.25, 284, 261, 0, 84, 1, 1, 'Live'),
(3130, 322, 10.00, 285, 262, 0, 84, 1, 1, 'Live'),
(3131, 320, 0.20, 285, 262, 0, 84, 1, 1, 'Live'),
(3132, 51, 20.00, 285, 262, 0, 84, 1, 1, 'Live'),
(3133, 326, 15.00, 285, 262, 0, 84, 1, 1, 'Live'),
(3134, 227, 25.00, 285, 262, 0, 84, 1, 1, 'Live'),
(3135, 53, 5.00, 285, 262, 0, 84, 1, 1, 'Live'),
(3136, 323, 20.00, 285, 262, 0, 84, 1, 1, 'Live'),
(3137, 321, 0.25, 285, 262, 0, 84, 1, 1, 'Live'),
(3138, 322, 10.00, 286, 263, 0, 84, 1, 1, 'Live'),
(3139, 320, 0.20, 286, 263, 0, 84, 1, 1, 'Live'),
(3140, 51, 20.00, 286, 263, 0, 84, 1, 1, 'Live'),
(3141, 326, 15.00, 286, 263, 0, 84, 1, 1, 'Live'),
(3142, 227, 25.00, 286, 263, 0, 84, 1, 1, 'Live'),
(3143, 53, 5.00, 286, 263, 0, 84, 1, 1, 'Live'),
(3144, 323, 20.00, 286, 263, 0, 84, 1, 1, 'Live'),
(3145, 321, 0.25, 286, 263, 0, 84, 1, 1, 'Live'),
(3146, 322, 10.00, 287, 264, 0, 84, 1, 1, 'Live'),
(3147, 320, 0.20, 287, 264, 0, 84, 1, 1, 'Live'),
(3148, 51, 20.00, 287, 264, 0, 84, 1, 1, 'Live'),
(3149, 326, 15.00, 287, 264, 0, 84, 1, 1, 'Live'),
(3150, 227, 25.00, 287, 264, 0, 84, 1, 1, 'Live'),
(3151, 53, 5.00, 287, 264, 0, 84, 1, 1, 'Live'),
(3152, 323, 20.00, 287, 264, 0, 84, 1, 1, 'Live'),
(3153, 321, 0.25, 287, 264, 0, 84, 1, 1, 'Live'),
(3154, 322, 10.00, 288, 265, 0, 84, 1, 1, 'Live'),
(3155, 320, 0.20, 288, 265, 0, 84, 1, 1, 'Live'),
(3156, 51, 20.00, 288, 265, 0, 84, 1, 1, 'Live'),
(3157, 326, 15.00, 288, 265, 0, 84, 1, 1, 'Live'),
(3158, 227, 25.00, 288, 265, 0, 84, 1, 1, 'Live'),
(3159, 53, 5.00, 288, 265, 0, 84, 1, 1, 'Live'),
(3160, 323, 20.00, 288, 265, 0, 84, 1, 1, 'Live'),
(3161, 321, 0.25, 288, 265, 0, 84, 1, 1, 'Live'),
(3162, 322, 10.00, 289, 266, 0, 84, 1, 1, 'Live'),
(3163, 320, 0.20, 289, 266, 0, 84, 1, 1, 'Live'),
(3164, 51, 20.00, 289, 266, 0, 84, 1, 1, 'Live'),
(3165, 326, 15.00, 289, 266, 0, 84, 1, 1, 'Live'),
(3166, 227, 25.00, 289, 266, 0, 84, 1, 1, 'Live'),
(3167, 53, 5.00, 289, 266, 0, 84, 1, 1, 'Live'),
(3168, 323, 20.00, 289, 266, 0, 84, 1, 1, 'Live'),
(3169, 321, 0.25, 289, 266, 0, 84, 1, 1, 'Live'),
(3170, 322, 10.00, 290, 267, 0, 84, 1, 1, 'Live'),
(3171, 320, 0.20, 290, 267, 0, 84, 1, 1, 'Live'),
(3172, 51, 20.00, 290, 267, 0, 84, 1, 1, 'Live'),
(3173, 326, 15.00, 290, 267, 0, 84, 1, 1, 'Live'),
(3174, 227, 25.00, 290, 267, 0, 84, 1, 1, 'Live'),
(3175, 53, 5.00, 290, 267, 0, 84, 1, 1, 'Live'),
(3176, 323, 20.00, 290, 267, 0, 84, 1, 1, 'Live'),
(3177, 321, 0.25, 290, 267, 0, 84, 1, 1, 'Live'),
(3178, 322, 10.00, 291, 268, 0, 84, 1, 1, 'Live'),
(3179, 320, 0.20, 291, 268, 0, 84, 1, 1, 'Live'),
(3180, 51, 20.00, 291, 268, 0, 84, 1, 1, 'Live'),
(3181, 326, 15.00, 291, 268, 0, 84, 1, 1, 'Live'),
(3182, 227, 25.00, 291, 268, 0, 84, 1, 1, 'Live'),
(3183, 53, 5.00, 291, 268, 0, 84, 1, 1, 'Live'),
(3184, 323, 20.00, 291, 268, 0, 84, 1, 1, 'Live'),
(3185, 321, 0.25, 291, 268, 0, 84, 1, 1, 'Live'),
(3186, 322, 10.00, 292, 269, 0, 84, 1, 1, 'Live'),
(3187, 320, 0.20, 292, 269, 0, 84, 1, 1, 'Live'),
(3188, 51, 20.00, 292, 269, 0, 84, 1, 1, 'Live'),
(3189, 326, 15.00, 292, 269, 0, 84, 1, 1, 'Live'),
(3190, 227, 25.00, 292, 269, 0, 84, 1, 1, 'Live'),
(3191, 53, 5.00, 292, 269, 0, 84, 1, 1, 'Live'),
(3192, 323, 20.00, 292, 269, 0, 84, 1, 1, 'Live'),
(3193, 321, 0.25, 292, 269, 0, 84, 1, 1, 'Live'),
(3194, 333, 10.00, 293, 204, 0, 2, 1, 1, 'Live'),
(3195, 267, 3.00, 293, 204, 0, 2, 1, 1, 'Live'),
(3196, 320, 0.25, 293, 204, 0, 2, 1, 1, 'Live'),
(3197, 12, 10.00, 293, 204, 0, 2, 1, 1, 'Live'),
(3198, 250, 10.00, 293, 204, 0, 2, 1, 1, 'Live'),
(3199, 17, 5.00, 293, 204, 0, 2, 1, 1, 'Live'),
(3200, 323, 20.00, 293, 204, 0, 2, 1, 1, 'Live'),
(3201, 16, 55.00, 293, 204, 0, 2, 1, 1, 'Live'),
(3202, 209, 10.00, 293, 204, 0, 2, 1, 1, 'Live'),
(3203, 301, 0.30, 293, 204, 0, 2, 1, 1, 'Live'),
(3204, 204, 83.50, 293, 204, 0, 2, 1, 1, 'Live'),
(3205, 190, 50.00, 293, 204, 0, 2, 1, 1, 'Live'),
(3206, 333, 15.00, 293, 204, 0, 1, 1, 1, 'Live'),
(3207, 267, 3.00, 293, 204, 0, 1, 1, 1, 'Live'),
(3208, 320, 0.50, 293, 204, 0, 1, 1, 1, 'Live'),
(3209, 98, 10.00, 293, 204, 0, 1, 1, 1, 'Live'),
(3210, 12, 10.00, 293, 204, 0, 1, 1, 1, 'Live'),
(3211, 250, 20.00, 293, 204, 0, 1, 1, 1, 'Live'),
(3212, 16, 60.00, 293, 204, 0, 1, 1, 1, 'Live'),
(3213, 218, 2.00, 293, 204, 0, 1, 1, 1, 'Live'),
(3214, 209, 15.00, 293, 204, 0, 1, 1, 1, 'Live'),
(3215, 301, 1.30, 293, 204, 0, 1, 1, 1, 'Live'),
(3216, 322, 10.00, 293, 204, 0, 84, 1, 1, 'Live'),
(3217, 320, 0.20, 293, 204, 0, 84, 1, 1, 'Live'),
(3218, 51, 20.00, 293, 204, 0, 84, 1, 1, 'Live'),
(3219, 326, 15.00, 293, 204, 0, 84, 1, 1, 'Live'),
(3220, 227, 25.00, 293, 204, 0, 84, 1, 1, 'Live'),
(3221, 53, 5.00, 293, 204, 0, 84, 1, 1, 'Live'),
(3222, 323, 20.00, 293, 204, 0, 84, 1, 1, 'Live'),
(3223, 321, 0.25, 293, 204, 0, 84, 1, 1, 'Live'),
(3224, 322, 10.00, 294, 270, 0, 84, 1, 1, 'Live'),
(3225, 320, 0.20, 294, 270, 0, 84, 1, 1, 'Live'),
(3226, 51, 20.00, 294, 270, 0, 84, 1, 1, 'Live'),
(3227, 326, 15.00, 294, 270, 0, 84, 1, 1, 'Live'),
(3228, 227, 25.00, 294, 270, 0, 84, 1, 1, 'Live'),
(3229, 53, 5.00, 294, 270, 0, 84, 1, 1, 'Live'),
(3230, 323, 20.00, 294, 270, 0, 84, 1, 1, 'Live'),
(3231, 321, 0.25, 294, 270, 0, 84, 1, 1, 'Live'),
(3232, 322, 10.00, 296, 272, 0, 84, 1, 1, 'Live'),
(3233, 320, 0.20, 296, 272, 0, 84, 1, 1, 'Live'),
(3234, 51, 20.00, 296, 272, 0, 84, 1, 1, 'Live'),
(3235, 326, 15.00, 296, 272, 0, 84, 1, 1, 'Live'),
(3236, 227, 25.00, 296, 272, 0, 84, 1, 1, 'Live'),
(3237, 53, 5.00, 296, 272, 0, 84, 1, 1, 'Live'),
(3238, 323, 20.00, 296, 272, 0, 84, 1, 1, 'Live'),
(3239, 321, 0.25, 296, 272, 0, 84, 1, 1, 'Live'),
(3240, 320, 0.40, 296, 272, 0, 85, 1, 1, 'Live'),
(3241, 326, 15.00, 296, 272, 0, 85, 1, 1, 'Live'),
(3242, 227, 25.00, 296, 272, 0, 85, 1, 1, 'Live'),
(3243, 100, 5.00, 296, 272, 0, 85, 1, 1, 'Live'),
(3244, 323, 50.00, 296, 272, 0, 85, 1, 1, 'Live'),
(3245, 212, 60.00, 296, 272, 0, 85, 1, 1, 'Live'),
(3246, 333, 15.00, 296, 272, 0, 1, 1, 1, 'Live'),
(3247, 267, 3.00, 296, 272, 0, 1, 1, 1, 'Live'),
(3248, 320, 0.50, 296, 272, 0, 1, 1, 1, 'Live'),
(3249, 98, 10.00, 296, 272, 0, 1, 1, 1, 'Live'),
(3250, 12, 10.00, 296, 272, 0, 1, 1, 1, 'Live'),
(3251, 250, 20.00, 296, 272, 0, 1, 1, 1, 'Live'),
(3252, 16, 60.00, 296, 272, 0, 1, 1, 1, 'Live'),
(3253, 218, 2.00, 296, 272, 0, 1, 1, 1, 'Live'),
(3254, 209, 15.00, 296, 272, 0, 1, 1, 1, 'Live'),
(3255, 301, 1.30, 296, 272, 0, 1, 1, 1, 'Live'),
(3256, 333, 10.00, 296, 272, 0, 2, 1, 1, 'Live'),
(3257, 267, 3.00, 296, 272, 0, 2, 1, 1, 'Live'),
(3258, 320, 0.25, 296, 272, 0, 2, 1, 1, 'Live'),
(3259, 12, 10.00, 296, 272, 0, 2, 1, 1, 'Live'),
(3260, 250, 10.00, 296, 272, 0, 2, 1, 1, 'Live'),
(3261, 17, 5.00, 296, 272, 0, 2, 1, 1, 'Live'),
(3262, 323, 20.00, 296, 272, 0, 2, 1, 1, 'Live'),
(3263, 16, 55.00, 296, 272, 0, 2, 1, 1, 'Live'),
(3264, 209, 10.00, 296, 272, 0, 2, 1, 1, 'Live'),
(3265, 301, 0.30, 296, 272, 0, 2, 1, 1, 'Live'),
(3266, 204, 83.50, 296, 272, 0, 2, 1, 1, 'Live'),
(3267, 190, 50.00, 296, 272, 0, 2, 1, 1, 'Live'),
(3268, 322, 10.00, 296, 272, 0, 83, 1, 1, 'Live'),
(3269, 320, 0.20, 296, 272, 0, 83, 1, 1, 'Live'),
(3270, 326, 15.00, 296, 272, 0, 83, 1, 1, 'Live'),
(3271, 100, 5.00, 296, 272, 0, 83, 1, 1, 'Live'),
(3272, 323, 20.00, 296, 272, 0, 83, 1, 1, 'Live'),
(3273, 315, 0.50, 296, 272, 0, 83, 1, 1, 'Live'),
(3274, 344, 600.00, 296, 272, 0, 145, 1, 1, 'Live'),
(3275, 59, 3.00, 296, 272, 0, 145, 1, 1, 'Live'),
(3276, 186, 30.00, 297, 273, 0, 4, 1, 1, 'Live'),
(3277, 246, 100.00, 297, 273, 0, 4, 1, 1, 'Live'),
(3278, 300, 30.00, 297, 273, 0, 4, 1, 1, 'Live'),
(3279, 344, 200.00, 298, 274, 0, 279, 1, 1, 'Live'),
(3280, 3, 20.00, 299, 275, 0, 280, 1, 1, 'Live'),
(3281, 322, 10.00, 300, 276, 0, 84, 1, 1, 'Live'),
(3282, 320, 0.20, 300, 276, 0, 84, 1, 1, 'Live'),
(3283, 51, 20.00, 300, 276, 0, 84, 1, 1, 'Live'),
(3284, 326, 15.00, 300, 276, 0, 84, 1, 1, 'Live'),
(3285, 227, 25.00, 300, 276, 0, 84, 1, 1, 'Live'),
(3286, 53, 5.00, 300, 276, 0, 84, 1, 1, 'Live'),
(3287, 323, 20.00, 300, 276, 0, 84, 1, 1, 'Live'),
(3288, 321, 0.25, 300, 276, 0, 84, 1, 1, 'Live'),
(3289, 322, 10.00, 301, 277, 0, 84, 1, 1, 'Live'),
(3290, 320, 0.20, 301, 277, 0, 84, 1, 1, 'Live'),
(3291, 51, 20.00, 301, 277, 0, 84, 1, 1, 'Live'),
(3292, 326, 15.00, 301, 277, 0, 84, 1, 1, 'Live'),
(3293, 227, 25.00, 301, 277, 0, 84, 1, 1, 'Live'),
(3294, 53, 5.00, 301, 277, 0, 84, 1, 1, 'Live'),
(3295, 323, 20.00, 301, 277, 0, 84, 1, 1, 'Live'),
(3296, 321, 0.25, 301, 277, 0, 84, 1, 1, 'Live'),
(3305, 2, 100.00, 304, 280, 0, 284, 1, 1, 'Live'),
(3306, 345, 10.00, 304, 280, 0, 284, 1, 1, 'Live'),
(3307, 4, 2.00, 304, 280, 0, 284, 1, 1, 'Live'),
(3308, 322, 10.00, 312, 288, 0, 84, 1, 1, 'Live'),
(3309, 320, 0.20, 312, 288, 0, 84, 1, 1, 'Live'),
(3310, 51, 20.00, 312, 288, 0, 84, 1, 1, 'Live'),
(3311, 326, 15.00, 312, 288, 0, 84, 1, 1, 'Live'),
(3312, 227, 25.00, 312, 288, 0, 84, 1, 1, 'Live'),
(3313, 53, 5.00, 312, 288, 0, 84, 1, 1, 'Live'),
(3314, 323, 20.00, 312, 288, 0, 84, 1, 1, 'Live'),
(3315, 321, 0.25, 312, 288, 0, 84, 1, 1, 'Live'),
(3316, 322, 10.00, 313, 289, 0, 84, 1, 1, 'Live'),
(3317, 320, 0.20, 313, 289, 0, 84, 1, 1, 'Live'),
(3318, 51, 20.00, 313, 289, 0, 84, 1, 1, 'Live'),
(3319, 326, 15.00, 313, 289, 0, 84, 1, 1, 'Live'),
(3320, 227, 25.00, 313, 289, 0, 84, 1, 1, 'Live'),
(3321, 53, 5.00, 313, 289, 0, 84, 1, 1, 'Live'),
(3322, 323, 20.00, 313, 289, 0, 84, 1, 1, 'Live'),
(3323, 321, 0.25, 313, 289, 0, 84, 1, 1, 'Live'),
(3324, 320, 0.40, 313, 289, 0, 85, 1, 1, 'Live'),
(3325, 326, 15.00, 313, 289, 0, 85, 1, 1, 'Live'),
(3326, 227, 25.00, 313, 289, 0, 85, 1, 1, 'Live');
INSERT INTO `tbl_sale_consumptions_of_menus` (`id`, `ingredient_id`, `consumption`, `sale_consumption_id`, `sales_id`, `order_status`, `food_menu_id`, `user_id`, `outlet_id`, `del_status`) VALUES
(3327, 100, 5.00, 313, 289, 0, 85, 1, 1, 'Live'),
(3328, 323, 50.00, 313, 289, 0, 85, 1, 1, 'Live'),
(3329, 212, 60.00, 313, 289, 0, 85, 1, 1, 'Live'),
(3330, 322, 10.00, 314, 290, 0, 84, 1, 1, 'Live'),
(3331, 320, 0.20, 314, 290, 0, 84, 1, 1, 'Live'),
(3332, 51, 20.00, 314, 290, 0, 84, 1, 1, 'Live'),
(3333, 326, 15.00, 314, 290, 0, 84, 1, 1, 'Live'),
(3334, 227, 25.00, 314, 290, 0, 84, 1, 1, 'Live'),
(3335, 53, 5.00, 314, 290, 0, 84, 1, 1, 'Live'),
(3336, 323, 20.00, 314, 290, 0, 84, 1, 1, 'Live'),
(3337, 321, 0.25, 314, 290, 0, 84, 1, 1, 'Live'),
(3338, 322, 10.00, 314, 290, 0, 84, 1, 1, 'Live'),
(3339, 320, 0.20, 314, 290, 0, 84, 1, 1, 'Live'),
(3340, 51, 20.00, 314, 290, 0, 84, 1, 1, 'Live'),
(3341, 326, 15.00, 314, 290, 0, 84, 1, 1, 'Live'),
(3342, 227, 25.00, 314, 290, 0, 84, 1, 1, 'Live'),
(3343, 53, 5.00, 314, 290, 0, 84, 1, 1, 'Live'),
(3344, 323, 20.00, 314, 290, 0, 84, 1, 1, 'Live'),
(3345, 321, 0.25, 314, 290, 0, 84, 1, 1, 'Live'),
(3346, 7, 1.00, 320, 296, 0, 288, 1, 1, 'Live'),
(3347, 320, 0.40, 321, 297, 0, 85, 1, 1, 'Live'),
(3348, 326, 15.00, 321, 297, 0, 85, 1, 1, 'Live'),
(3349, 227, 25.00, 321, 297, 0, 85, 1, 1, 'Live'),
(3350, 100, 5.00, 321, 297, 0, 85, 1, 1, 'Live'),
(3351, 323, 50.00, 321, 297, 0, 85, 1, 1, 'Live'),
(3352, 212, 60.00, 321, 297, 0, 85, 1, 1, 'Live'),
(3353, 333, 10.00, 326, 302, 0, 2, 1, 1, 'Live'),
(3354, 267, 3.00, 326, 302, 0, 2, 1, 1, 'Live'),
(3355, 320, 0.25, 326, 302, 0, 2, 1, 1, 'Live'),
(3356, 12, 10.00, 326, 302, 0, 2, 1, 1, 'Live'),
(3357, 250, 10.00, 326, 302, 0, 2, 1, 1, 'Live'),
(3358, 17, 5.00, 326, 302, 0, 2, 1, 1, 'Live'),
(3359, 323, 20.00, 326, 302, 0, 2, 1, 1, 'Live'),
(3360, 16, 55.00, 326, 302, 0, 2, 1, 1, 'Live'),
(3361, 209, 10.00, 326, 302, 0, 2, 1, 1, 'Live'),
(3362, 301, 0.30, 326, 302, 0, 2, 1, 1, 'Live'),
(3363, 204, 83.50, 326, 302, 0, 2, 1, 1, 'Live'),
(3364, 190, 50.00, 326, 302, 0, 2, 1, 1, 'Live'),
(3365, 322, 10.00, 327, 303, 0, 84, 1, 1, 'Live'),
(3366, 320, 0.20, 327, 303, 0, 84, 1, 1, 'Live'),
(3367, 51, 20.00, 327, 303, 0, 84, 1, 1, 'Live'),
(3368, 326, 15.00, 327, 303, 0, 84, 1, 1, 'Live'),
(3369, 227, 25.00, 327, 303, 0, 84, 1, 1, 'Live'),
(3370, 53, 5.00, 327, 303, 0, 84, 1, 1, 'Live'),
(3371, 323, 20.00, 327, 303, 0, 84, 1, 1, 'Live'),
(3372, 321, 0.25, 327, 303, 0, 84, 1, 1, 'Live'),
(3373, 320, 0.40, 327, 303, 0, 85, 1, 1, 'Live'),
(3374, 326, 15.00, 327, 303, 0, 85, 1, 1, 'Live'),
(3375, 227, 25.00, 327, 303, 0, 85, 1, 1, 'Live'),
(3376, 100, 5.00, 327, 303, 0, 85, 1, 1, 'Live'),
(3377, 323, 50.00, 327, 303, 0, 85, 1, 1, 'Live'),
(3378, 212, 60.00, 327, 303, 0, 85, 1, 1, 'Live'),
(3379, 322, 10.00, 328, 304, 0, 84, 1, 1, 'Live'),
(3380, 320, 0.20, 328, 304, 0, 84, 1, 1, 'Live'),
(3381, 51, 20.00, 328, 304, 0, 84, 1, 1, 'Live'),
(3382, 326, 15.00, 328, 304, 0, 84, 1, 1, 'Live'),
(3383, 227, 25.00, 328, 304, 0, 84, 1, 1, 'Live'),
(3384, 53, 5.00, 328, 304, 0, 84, 1, 1, 'Live'),
(3385, 323, 20.00, 328, 304, 0, 84, 1, 1, 'Live'),
(3386, 321, 0.25, 328, 304, 0, 84, 1, 1, 'Live'),
(3387, 320, 0.40, 328, 304, 0, 85, 1, 1, 'Live'),
(3388, 326, 15.00, 328, 304, 0, 85, 1, 1, 'Live'),
(3389, 227, 25.00, 328, 304, 0, 85, 1, 1, 'Live'),
(3390, 100, 5.00, 328, 304, 0, 85, 1, 1, 'Live'),
(3391, 323, 50.00, 328, 304, 0, 85, 1, 1, 'Live'),
(3392, 212, 60.00, 328, 304, 0, 85, 1, 1, 'Live'),
(3393, 333, 15.00, 328, 304, 0, 1, 1, 1, 'Live'),
(3394, 267, 3.00, 328, 304, 0, 1, 1, 1, 'Live'),
(3395, 320, 0.50, 328, 304, 0, 1, 1, 1, 'Live'),
(3396, 98, 10.00, 328, 304, 0, 1, 1, 1, 'Live'),
(3397, 12, 10.00, 328, 304, 0, 1, 1, 1, 'Live'),
(3398, 250, 20.00, 328, 304, 0, 1, 1, 1, 'Live'),
(3399, 16, 60.00, 328, 304, 0, 1, 1, 1, 'Live'),
(3400, 218, 2.00, 328, 304, 0, 1, 1, 1, 'Live'),
(3401, 209, 15.00, 328, 304, 0, 1, 1, 1, 'Live'),
(3402, 301, 1.30, 328, 304, 0, 1, 1, 1, 'Live'),
(3403, 333, 10.00, 328, 304, 0, 2, 1, 1, 'Live'),
(3404, 267, 3.00, 328, 304, 0, 2, 1, 1, 'Live'),
(3405, 320, 0.25, 328, 304, 0, 2, 1, 1, 'Live'),
(3406, 12, 10.00, 328, 304, 0, 2, 1, 1, 'Live'),
(3407, 250, 10.00, 328, 304, 0, 2, 1, 1, 'Live'),
(3408, 17, 5.00, 328, 304, 0, 2, 1, 1, 'Live'),
(3409, 323, 20.00, 328, 304, 0, 2, 1, 1, 'Live'),
(3410, 16, 55.00, 328, 304, 0, 2, 1, 1, 'Live'),
(3411, 209, 10.00, 328, 304, 0, 2, 1, 1, 'Live'),
(3412, 301, 0.30, 328, 304, 0, 2, 1, 1, 'Live'),
(3413, 204, 83.50, 328, 304, 0, 2, 1, 1, 'Live'),
(3414, 190, 50.00, 328, 304, 0, 2, 1, 1, 'Live'),
(3415, 322, 10.00, 329, 305, 0, 84, 1, 1, 'Live'),
(3416, 320, 0.20, 329, 305, 0, 84, 1, 1, 'Live'),
(3417, 51, 20.00, 329, 305, 0, 84, 1, 1, 'Live'),
(3418, 326, 15.00, 329, 305, 0, 84, 1, 1, 'Live'),
(3419, 227, 25.00, 329, 305, 0, 84, 1, 1, 'Live'),
(3420, 53, 5.00, 329, 305, 0, 84, 1, 1, 'Live'),
(3421, 323, 20.00, 329, 305, 0, 84, 1, 1, 'Live'),
(3422, 321, 0.25, 329, 305, 0, 84, 1, 1, 'Live'),
(3423, 320, 0.40, 329, 305, 0, 85, 1, 1, 'Live'),
(3424, 326, 15.00, 329, 305, 0, 85, 1, 1, 'Live'),
(3425, 227, 25.00, 329, 305, 0, 85, 1, 1, 'Live'),
(3426, 100, 5.00, 329, 305, 0, 85, 1, 1, 'Live'),
(3427, 323, 50.00, 329, 305, 0, 85, 1, 1, 'Live'),
(3428, 212, 60.00, 329, 305, 0, 85, 1, 1, 'Live'),
(3473, 344, 600.00, 331, 306, 0, 145, 1, 1, 'Live'),
(3474, 59, 3.00, 331, 306, 0, 145, 1, 1, 'Live'),
(3475, 322, 10.00, 331, 306, 0, 83, 1, 1, 'Live'),
(3476, 320, 0.20, 331, 306, 0, 83, 1, 1, 'Live'),
(3477, 326, 15.00, 331, 306, 0, 83, 1, 1, 'Live'),
(3478, 100, 5.00, 331, 306, 0, 83, 1, 1, 'Live'),
(3479, 323, 20.00, 331, 306, 0, 83, 1, 1, 'Live'),
(3480, 315, 0.50, 331, 306, 0, 83, 1, 1, 'Live'),
(3481, 333, 10.00, 331, 306, 0, 2, 1, 1, 'Live'),
(3482, 267, 3.00, 331, 306, 0, 2, 1, 1, 'Live'),
(3483, 320, 0.25, 331, 306, 0, 2, 1, 1, 'Live'),
(3484, 12, 10.00, 331, 306, 0, 2, 1, 1, 'Live'),
(3485, 250, 10.00, 331, 306, 0, 2, 1, 1, 'Live'),
(3486, 17, 5.00, 331, 306, 0, 2, 1, 1, 'Live'),
(3487, 323, 20.00, 331, 306, 0, 2, 1, 1, 'Live'),
(3488, 16, 55.00, 331, 306, 0, 2, 1, 1, 'Live'),
(3489, 209, 10.00, 331, 306, 0, 2, 1, 1, 'Live'),
(3490, 301, 0.30, 331, 306, 0, 2, 1, 1, 'Live'),
(3491, 204, 83.50, 331, 306, 0, 2, 1, 1, 'Live'),
(3492, 190, 50.00, 331, 306, 0, 2, 1, 1, 'Live'),
(3493, 333, 15.00, 331, 306, 0, 1, 1, 1, 'Live'),
(3494, 267, 3.00, 331, 306, 0, 1, 1, 1, 'Live'),
(3495, 320, 0.50, 331, 306, 0, 1, 1, 1, 'Live'),
(3496, 98, 10.00, 331, 306, 0, 1, 1, 1, 'Live'),
(3497, 12, 10.00, 331, 306, 0, 1, 1, 1, 'Live'),
(3498, 250, 20.00, 331, 306, 0, 1, 1, 1, 'Live'),
(3499, 16, 60.00, 331, 306, 0, 1, 1, 1, 'Live'),
(3500, 218, 2.00, 331, 306, 0, 1, 1, 1, 'Live'),
(3501, 209, 15.00, 331, 306, 0, 1, 1, 1, 'Live'),
(3502, 301, 1.30, 331, 306, 0, 1, 1, 1, 'Live'),
(3503, 320, 0.40, 331, 306, 0, 85, 1, 1, 'Live'),
(3504, 326, 15.00, 331, 306, 0, 85, 1, 1, 'Live'),
(3505, 227, 25.00, 331, 306, 0, 85, 1, 1, 'Live'),
(3506, 100, 5.00, 331, 306, 0, 85, 1, 1, 'Live'),
(3507, 323, 50.00, 331, 306, 0, 85, 1, 1, 'Live'),
(3508, 212, 60.00, 331, 306, 0, 85, 1, 1, 'Live'),
(3509, 322, 10.00, 331, 306, 0, 84, 1, 1, 'Live'),
(3510, 320, 0.20, 331, 306, 0, 84, 1, 1, 'Live'),
(3511, 51, 20.00, 331, 306, 0, 84, 1, 1, 'Live'),
(3512, 326, 15.00, 331, 306, 0, 84, 1, 1, 'Live'),
(3513, 227, 25.00, 331, 306, 0, 84, 1, 1, 'Live'),
(3514, 53, 5.00, 331, 306, 0, 84, 1, 1, 'Live'),
(3515, 323, 20.00, 331, 306, 0, 84, 1, 1, 'Live'),
(3516, 321, 0.25, 331, 306, 0, 84, 1, 1, 'Live'),
(3517, 322, 10.00, 332, 307, 0, 84, 1, 1, 'Live'),
(3518, 320, 0.20, 332, 307, 0, 84, 1, 1, 'Live'),
(3519, 51, 20.00, 332, 307, 0, 84, 1, 1, 'Live'),
(3520, 326, 15.00, 332, 307, 0, 84, 1, 1, 'Live'),
(3521, 227, 25.00, 332, 307, 0, 84, 1, 1, 'Live'),
(3522, 53, 5.00, 332, 307, 0, 84, 1, 1, 'Live'),
(3523, 323, 20.00, 332, 307, 0, 84, 1, 1, 'Live'),
(3524, 321, 0.25, 332, 307, 0, 84, 1, 1, 'Live'),
(3525, 320, 0.40, 332, 307, 0, 85, 1, 1, 'Live'),
(3526, 326, 15.00, 332, 307, 0, 85, 1, 1, 'Live'),
(3527, 227, 25.00, 332, 307, 0, 85, 1, 1, 'Live'),
(3528, 100, 5.00, 332, 307, 0, 85, 1, 1, 'Live'),
(3529, 323, 50.00, 332, 307, 0, 85, 1, 1, 'Live'),
(3530, 212, 60.00, 332, 307, 0, 85, 1, 1, 'Live'),
(3531, 333, 15.00, 332, 307, 0, 1, 1, 1, 'Live'),
(3532, 267, 3.00, 332, 307, 0, 1, 1, 1, 'Live'),
(3533, 320, 0.50, 332, 307, 0, 1, 1, 1, 'Live'),
(3534, 98, 10.00, 332, 307, 0, 1, 1, 1, 'Live'),
(3535, 12, 10.00, 332, 307, 0, 1, 1, 1, 'Live'),
(3536, 250, 20.00, 332, 307, 0, 1, 1, 1, 'Live'),
(3537, 16, 60.00, 332, 307, 0, 1, 1, 1, 'Live'),
(3538, 218, 2.00, 332, 307, 0, 1, 1, 1, 'Live'),
(3539, 209, 15.00, 332, 307, 0, 1, 1, 1, 'Live'),
(3540, 301, 1.30, 332, 307, 0, 1, 1, 1, 'Live'),
(3541, 333, 10.00, 332, 307, 0, 2, 1, 1, 'Live'),
(3542, 267, 3.00, 332, 307, 0, 2, 1, 1, 'Live'),
(3543, 320, 0.25, 332, 307, 0, 2, 1, 1, 'Live'),
(3544, 12, 10.00, 332, 307, 0, 2, 1, 1, 'Live'),
(3545, 250, 10.00, 332, 307, 0, 2, 1, 1, 'Live'),
(3546, 17, 5.00, 332, 307, 0, 2, 1, 1, 'Live'),
(3547, 323, 20.00, 332, 307, 0, 2, 1, 1, 'Live'),
(3548, 16, 55.00, 332, 307, 0, 2, 1, 1, 'Live'),
(3549, 209, 10.00, 332, 307, 0, 2, 1, 1, 'Live'),
(3550, 301, 0.30, 332, 307, 0, 2, 1, 1, 'Live'),
(3551, 204, 83.50, 332, 307, 0, 2, 1, 1, 'Live'),
(3552, 190, 50.00, 332, 307, 0, 2, 1, 1, 'Live'),
(3553, 322, 10.00, 333, 308, 0, 84, 1, 1, 'Live'),
(3554, 320, 0.20, 333, 308, 0, 84, 1, 1, 'Live'),
(3555, 51, 20.00, 333, 308, 0, 84, 1, 1, 'Live'),
(3556, 326, 15.00, 333, 308, 0, 84, 1, 1, 'Live'),
(3557, 227, 25.00, 333, 308, 0, 84, 1, 1, 'Live'),
(3558, 53, 5.00, 333, 308, 0, 84, 1, 1, 'Live'),
(3559, 323, 20.00, 333, 308, 0, 84, 1, 1, 'Live'),
(3560, 321, 0.25, 333, 308, 0, 84, 1, 1, 'Live'),
(3561, 320, 0.40, 333, 308, 0, 85, 1, 1, 'Live'),
(3562, 326, 15.00, 333, 308, 0, 85, 1, 1, 'Live'),
(3563, 227, 25.00, 333, 308, 0, 85, 1, 1, 'Live'),
(3564, 100, 5.00, 333, 308, 0, 85, 1, 1, 'Live'),
(3565, 323, 50.00, 333, 308, 0, 85, 1, 1, 'Live'),
(3566, 212, 60.00, 333, 308, 0, 85, 1, 1, 'Live'),
(3567, 333, 15.00, 333, 308, 0, 1, 1, 1, 'Live'),
(3568, 267, 3.00, 333, 308, 0, 1, 1, 1, 'Live'),
(3569, 320, 0.50, 333, 308, 0, 1, 1, 1, 'Live'),
(3570, 98, 10.00, 333, 308, 0, 1, 1, 1, 'Live'),
(3571, 12, 10.00, 333, 308, 0, 1, 1, 1, 'Live'),
(3572, 250, 20.00, 333, 308, 0, 1, 1, 1, 'Live'),
(3573, 16, 60.00, 333, 308, 0, 1, 1, 1, 'Live'),
(3574, 218, 2.00, 333, 308, 0, 1, 1, 1, 'Live'),
(3575, 209, 15.00, 333, 308, 0, 1, 1, 1, 'Live'),
(3576, 301, 1.30, 333, 308, 0, 1, 1, 1, 'Live'),
(3577, 333, 10.00, 333, 308, 0, 2, 1, 1, 'Live'),
(3578, 267, 3.00, 333, 308, 0, 2, 1, 1, 'Live'),
(3579, 320, 0.25, 333, 308, 0, 2, 1, 1, 'Live'),
(3580, 12, 10.00, 333, 308, 0, 2, 1, 1, 'Live'),
(3581, 250, 10.00, 333, 308, 0, 2, 1, 1, 'Live'),
(3582, 17, 5.00, 333, 308, 0, 2, 1, 1, 'Live'),
(3583, 323, 20.00, 333, 308, 0, 2, 1, 1, 'Live'),
(3584, 16, 55.00, 333, 308, 0, 2, 1, 1, 'Live'),
(3585, 209, 10.00, 333, 308, 0, 2, 1, 1, 'Live'),
(3586, 301, 0.30, 333, 308, 0, 2, 1, 1, 'Live'),
(3587, 204, 83.50, 333, 308, 0, 2, 1, 1, 'Live'),
(3588, 190, 50.00, 333, 308, 0, 2, 1, 1, 'Live'),
(3589, 322, 10.00, 334, 309, 0, 84, 1, 1, 'Live'),
(3590, 320, 0.20, 334, 309, 0, 84, 1, 1, 'Live'),
(3591, 51, 20.00, 334, 309, 0, 84, 1, 1, 'Live'),
(3592, 326, 15.00, 334, 309, 0, 84, 1, 1, 'Live'),
(3593, 227, 25.00, 334, 309, 0, 84, 1, 1, 'Live'),
(3594, 53, 5.00, 334, 309, 0, 84, 1, 1, 'Live'),
(3595, 323, 20.00, 334, 309, 0, 84, 1, 1, 'Live'),
(3596, 321, 0.25, 334, 309, 0, 84, 1, 1, 'Live'),
(3597, 320, 0.40, 334, 309, 0, 85, 1, 1, 'Live'),
(3598, 326, 15.00, 334, 309, 0, 85, 1, 1, 'Live'),
(3599, 227, 25.00, 334, 309, 0, 85, 1, 1, 'Live'),
(3600, 100, 5.00, 334, 309, 0, 85, 1, 1, 'Live'),
(3601, 323, 50.00, 334, 309, 0, 85, 1, 1, 'Live'),
(3602, 212, 60.00, 334, 309, 0, 85, 1, 1, 'Live'),
(3603, 333, 15.00, 334, 309, 0, 1, 1, 1, 'Live'),
(3604, 267, 3.00, 334, 309, 0, 1, 1, 1, 'Live'),
(3605, 320, 0.50, 334, 309, 0, 1, 1, 1, 'Live'),
(3606, 98, 10.00, 334, 309, 0, 1, 1, 1, 'Live'),
(3607, 12, 10.00, 334, 309, 0, 1, 1, 1, 'Live'),
(3608, 250, 20.00, 334, 309, 0, 1, 1, 1, 'Live'),
(3609, 16, 60.00, 334, 309, 0, 1, 1, 1, 'Live'),
(3610, 218, 2.00, 334, 309, 0, 1, 1, 1, 'Live'),
(3611, 209, 15.00, 334, 309, 0, 1, 1, 1, 'Live'),
(3612, 301, 1.30, 334, 309, 0, 1, 1, 1, 'Live'),
(3613, 333, 10.00, 334, 309, 0, 2, 1, 1, 'Live'),
(3614, 267, 3.00, 334, 309, 0, 2, 1, 1, 'Live'),
(3615, 320, 0.25, 334, 309, 0, 2, 1, 1, 'Live'),
(3616, 12, 10.00, 334, 309, 0, 2, 1, 1, 'Live'),
(3617, 250, 10.00, 334, 309, 0, 2, 1, 1, 'Live'),
(3618, 17, 5.00, 334, 309, 0, 2, 1, 1, 'Live'),
(3619, 323, 20.00, 334, 309, 0, 2, 1, 1, 'Live'),
(3620, 16, 55.00, 334, 309, 0, 2, 1, 1, 'Live'),
(3621, 209, 10.00, 334, 309, 0, 2, 1, 1, 'Live'),
(3622, 301, 0.30, 334, 309, 0, 2, 1, 1, 'Live'),
(3623, 204, 83.50, 334, 309, 0, 2, 1, 1, 'Live'),
(3624, 190, 50.00, 334, 309, 0, 2, 1, 1, 'Live'),
(3625, 322, 10.00, 335, 310, 0, 84, 1, 1, 'Live'),
(3626, 320, 0.20, 335, 310, 0, 84, 1, 1, 'Live'),
(3627, 51, 20.00, 335, 310, 0, 84, 1, 1, 'Live'),
(3628, 326, 15.00, 335, 310, 0, 84, 1, 1, 'Live'),
(3629, 227, 25.00, 335, 310, 0, 84, 1, 1, 'Live'),
(3630, 53, 5.00, 335, 310, 0, 84, 1, 1, 'Live'),
(3631, 323, 20.00, 335, 310, 0, 84, 1, 1, 'Live'),
(3632, 321, 0.25, 335, 310, 0, 84, 1, 1, 'Live'),
(3633, 320, 0.40, 335, 310, 0, 85, 1, 1, 'Live'),
(3634, 326, 15.00, 335, 310, 0, 85, 1, 1, 'Live'),
(3635, 227, 25.00, 335, 310, 0, 85, 1, 1, 'Live'),
(3636, 100, 5.00, 335, 310, 0, 85, 1, 1, 'Live'),
(3637, 323, 50.00, 335, 310, 0, 85, 1, 1, 'Live'),
(3638, 212, 60.00, 335, 310, 0, 85, 1, 1, 'Live'),
(3639, 333, 15.00, 335, 310, 0, 1, 1, 1, 'Live'),
(3640, 267, 3.00, 335, 310, 0, 1, 1, 1, 'Live'),
(3641, 320, 0.50, 335, 310, 0, 1, 1, 1, 'Live'),
(3642, 98, 10.00, 335, 310, 0, 1, 1, 1, 'Live'),
(3643, 12, 10.00, 335, 310, 0, 1, 1, 1, 'Live'),
(3644, 250, 20.00, 335, 310, 0, 1, 1, 1, 'Live'),
(3645, 16, 60.00, 335, 310, 0, 1, 1, 1, 'Live'),
(3646, 218, 2.00, 335, 310, 0, 1, 1, 1, 'Live'),
(3647, 209, 15.00, 335, 310, 0, 1, 1, 1, 'Live'),
(3648, 301, 1.30, 335, 310, 0, 1, 1, 1, 'Live'),
(3649, 333, 10.00, 335, 310, 0, 2, 1, 1, 'Live'),
(3650, 267, 3.00, 335, 310, 0, 2, 1, 1, 'Live'),
(3651, 320, 0.25, 335, 310, 0, 2, 1, 1, 'Live'),
(3652, 12, 10.00, 335, 310, 0, 2, 1, 1, 'Live'),
(3653, 250, 10.00, 335, 310, 0, 2, 1, 1, 'Live'),
(3654, 17, 5.00, 335, 310, 0, 2, 1, 1, 'Live'),
(3655, 323, 20.00, 335, 310, 0, 2, 1, 1, 'Live'),
(3656, 16, 55.00, 335, 310, 0, 2, 1, 1, 'Live'),
(3657, 209, 10.00, 335, 310, 0, 2, 1, 1, 'Live'),
(3658, 301, 0.30, 335, 310, 0, 2, 1, 1, 'Live'),
(3659, 204, 83.50, 335, 310, 0, 2, 1, 1, 'Live'),
(3660, 190, 50.00, 335, 310, 0, 2, 1, 1, 'Live'),
(3661, 322, 10.00, 336, 311, 0, 84, 1, 1, 'Live'),
(3662, 320, 0.20, 336, 311, 0, 84, 1, 1, 'Live'),
(3663, 51, 20.00, 336, 311, 0, 84, 1, 1, 'Live'),
(3664, 326, 15.00, 336, 311, 0, 84, 1, 1, 'Live'),
(3665, 227, 25.00, 336, 311, 0, 84, 1, 1, 'Live'),
(3666, 53, 5.00, 336, 311, 0, 84, 1, 1, 'Live'),
(3667, 323, 20.00, 336, 311, 0, 84, 1, 1, 'Live'),
(3668, 321, 0.25, 336, 311, 0, 84, 1, 1, 'Live'),
(3669, 320, 0.40, 336, 311, 0, 85, 1, 1, 'Live'),
(3670, 326, 15.00, 336, 311, 0, 85, 1, 1, 'Live'),
(3671, 227, 25.00, 336, 311, 0, 85, 1, 1, 'Live'),
(3672, 100, 5.00, 336, 311, 0, 85, 1, 1, 'Live'),
(3673, 323, 50.00, 336, 311, 0, 85, 1, 1, 'Live'),
(3674, 212, 60.00, 336, 311, 0, 85, 1, 1, 'Live'),
(3675, 333, 15.00, 336, 311, 0, 1, 1, 1, 'Live'),
(3676, 267, 3.00, 336, 311, 0, 1, 1, 1, 'Live'),
(3677, 320, 0.50, 336, 311, 0, 1, 1, 1, 'Live'),
(3678, 98, 10.00, 336, 311, 0, 1, 1, 1, 'Live'),
(3679, 12, 10.00, 336, 311, 0, 1, 1, 1, 'Live'),
(3680, 250, 20.00, 336, 311, 0, 1, 1, 1, 'Live'),
(3681, 16, 60.00, 336, 311, 0, 1, 1, 1, 'Live'),
(3682, 218, 2.00, 336, 311, 0, 1, 1, 1, 'Live'),
(3683, 209, 15.00, 336, 311, 0, 1, 1, 1, 'Live'),
(3684, 301, 1.30, 336, 311, 0, 1, 1, 1, 'Live'),
(3685, 333, 10.00, 336, 311, 0, 2, 1, 1, 'Live'),
(3686, 267, 3.00, 336, 311, 0, 2, 1, 1, 'Live'),
(3687, 320, 0.25, 336, 311, 0, 2, 1, 1, 'Live'),
(3688, 12, 10.00, 336, 311, 0, 2, 1, 1, 'Live'),
(3689, 250, 10.00, 336, 311, 0, 2, 1, 1, 'Live'),
(3690, 17, 5.00, 336, 311, 0, 2, 1, 1, 'Live'),
(3691, 323, 20.00, 336, 311, 0, 2, 1, 1, 'Live'),
(3692, 16, 55.00, 336, 311, 0, 2, 1, 1, 'Live'),
(3693, 209, 10.00, 336, 311, 0, 2, 1, 1, 'Live'),
(3694, 301, 0.30, 336, 311, 0, 2, 1, 1, 'Live'),
(3695, 204, 83.50, 336, 311, 0, 2, 1, 1, 'Live'),
(3696, 190, 50.00, 336, 311, 0, 2, 1, 1, 'Live'),
(3697, 322, 10.00, 337, 312, 0, 84, 1, 1, 'Live'),
(3698, 320, 0.20, 337, 312, 0, 84, 1, 1, 'Live'),
(3699, 51, 20.00, 337, 312, 0, 84, 1, 1, 'Live'),
(3700, 326, 15.00, 337, 312, 0, 84, 1, 1, 'Live'),
(3701, 227, 25.00, 337, 312, 0, 84, 1, 1, 'Live'),
(3702, 53, 5.00, 337, 312, 0, 84, 1, 1, 'Live'),
(3703, 323, 20.00, 337, 312, 0, 84, 1, 1, 'Live'),
(3704, 321, 0.25, 337, 312, 0, 84, 1, 1, 'Live'),
(3705, 322, 10.00, 338, 313, 0, 84, 1, 1, 'Live'),
(3706, 320, 0.20, 338, 313, 0, 84, 1, 1, 'Live'),
(3707, 51, 20.00, 338, 313, 0, 84, 1, 1, 'Live'),
(3708, 326, 15.00, 338, 313, 0, 84, 1, 1, 'Live'),
(3709, 227, 25.00, 338, 313, 0, 84, 1, 1, 'Live'),
(3710, 53, 5.00, 338, 313, 0, 84, 1, 1, 'Live'),
(3711, 323, 20.00, 338, 313, 0, 84, 1, 1, 'Live'),
(3712, 321, 0.25, 338, 313, 0, 84, 1, 1, 'Live'),
(3713, 320, 0.40, 338, 313, 0, 85, 1, 1, 'Live'),
(3714, 326, 15.00, 338, 313, 0, 85, 1, 1, 'Live'),
(3715, 227, 25.00, 338, 313, 0, 85, 1, 1, 'Live'),
(3716, 100, 5.00, 338, 313, 0, 85, 1, 1, 'Live'),
(3717, 323, 50.00, 338, 313, 0, 85, 1, 1, 'Live'),
(3718, 212, 60.00, 338, 313, 0, 85, 1, 1, 'Live'),
(3719, 322, 10.00, 339, 314, 0, 84, 1, 1, 'Live'),
(3720, 320, 0.20, 339, 314, 0, 84, 1, 1, 'Live'),
(3721, 51, 20.00, 339, 314, 0, 84, 1, 1, 'Live'),
(3722, 326, 15.00, 339, 314, 0, 84, 1, 1, 'Live'),
(3723, 227, 25.00, 339, 314, 0, 84, 1, 1, 'Live'),
(3724, 53, 5.00, 339, 314, 0, 84, 1, 1, 'Live'),
(3725, 323, 20.00, 339, 314, 0, 84, 1, 1, 'Live'),
(3726, 321, 0.25, 339, 314, 0, 84, 1, 1, 'Live'),
(3727, 320, 0.40, 339, 314, 0, 85, 1, 1, 'Live'),
(3728, 326, 15.00, 339, 314, 0, 85, 1, 1, 'Live'),
(3729, 227, 25.00, 339, 314, 0, 85, 1, 1, 'Live'),
(3730, 100, 5.00, 339, 314, 0, 85, 1, 1, 'Live'),
(3731, 323, 50.00, 339, 314, 0, 85, 1, 1, 'Live'),
(3732, 212, 60.00, 339, 314, 0, 85, 1, 1, 'Live'),
(3733, 333, 15.00, 339, 314, 0, 1, 1, 1, 'Live'),
(3734, 267, 3.00, 339, 314, 0, 1, 1, 1, 'Live'),
(3735, 320, 0.50, 339, 314, 0, 1, 1, 1, 'Live'),
(3736, 98, 10.00, 339, 314, 0, 1, 1, 1, 'Live'),
(3737, 12, 10.00, 339, 314, 0, 1, 1, 1, 'Live'),
(3738, 250, 20.00, 339, 314, 0, 1, 1, 1, 'Live'),
(3739, 16, 60.00, 339, 314, 0, 1, 1, 1, 'Live'),
(3740, 218, 2.00, 339, 314, 0, 1, 1, 1, 'Live'),
(3741, 209, 15.00, 339, 314, 0, 1, 1, 1, 'Live'),
(3742, 301, 1.30, 339, 314, 0, 1, 1, 1, 'Live'),
(3743, 333, 10.00, 339, 314, 0, 2, 1, 1, 'Live'),
(3744, 267, 3.00, 339, 314, 0, 2, 1, 1, 'Live'),
(3745, 320, 0.25, 339, 314, 0, 2, 1, 1, 'Live'),
(3746, 12, 10.00, 339, 314, 0, 2, 1, 1, 'Live'),
(3747, 250, 10.00, 339, 314, 0, 2, 1, 1, 'Live'),
(3748, 17, 5.00, 339, 314, 0, 2, 1, 1, 'Live'),
(3749, 323, 20.00, 339, 314, 0, 2, 1, 1, 'Live'),
(3750, 16, 55.00, 339, 314, 0, 2, 1, 1, 'Live'),
(3751, 209, 10.00, 339, 314, 0, 2, 1, 1, 'Live'),
(3752, 301, 0.30, 339, 314, 0, 2, 1, 1, 'Live'),
(3753, 204, 83.50, 339, 314, 0, 2, 1, 1, 'Live'),
(3754, 190, 50.00, 339, 314, 0, 2, 1, 1, 'Live'),
(3755, 322, 10.00, 340, 315, 0, 84, 1, 1, 'Live'),
(3756, 320, 0.20, 340, 315, 0, 84, 1, 1, 'Live'),
(3757, 51, 20.00, 340, 315, 0, 84, 1, 1, 'Live'),
(3758, 326, 15.00, 340, 315, 0, 84, 1, 1, 'Live'),
(3759, 227, 25.00, 340, 315, 0, 84, 1, 1, 'Live'),
(3760, 53, 5.00, 340, 315, 0, 84, 1, 1, 'Live'),
(3761, 323, 20.00, 340, 315, 0, 84, 1, 1, 'Live'),
(3762, 321, 0.25, 340, 315, 0, 84, 1, 1, 'Live'),
(3763, 320, 0.40, 340, 315, 0, 85, 1, 1, 'Live'),
(3764, 326, 15.00, 340, 315, 0, 85, 1, 1, 'Live'),
(3765, 227, 25.00, 340, 315, 0, 85, 1, 1, 'Live'),
(3766, 100, 5.00, 340, 315, 0, 85, 1, 1, 'Live'),
(3767, 323, 50.00, 340, 315, 0, 85, 1, 1, 'Live'),
(3768, 212, 60.00, 340, 315, 0, 85, 1, 1, 'Live'),
(3769, 333, 15.00, 340, 315, 0, 1, 1, 1, 'Live'),
(3770, 267, 3.00, 340, 315, 0, 1, 1, 1, 'Live'),
(3771, 320, 0.50, 340, 315, 0, 1, 1, 1, 'Live'),
(3772, 98, 10.00, 340, 315, 0, 1, 1, 1, 'Live'),
(3773, 12, 10.00, 340, 315, 0, 1, 1, 1, 'Live'),
(3774, 250, 20.00, 340, 315, 0, 1, 1, 1, 'Live'),
(3775, 16, 60.00, 340, 315, 0, 1, 1, 1, 'Live'),
(3776, 218, 2.00, 340, 315, 0, 1, 1, 1, 'Live'),
(3777, 209, 15.00, 340, 315, 0, 1, 1, 1, 'Live'),
(3778, 301, 1.30, 340, 315, 0, 1, 1, 1, 'Live'),
(3779, 333, 10.00, 340, 315, 0, 2, 1, 1, 'Live'),
(3780, 267, 3.00, 340, 315, 0, 2, 1, 1, 'Live'),
(3781, 320, 0.25, 340, 315, 0, 2, 1, 1, 'Live'),
(3782, 12, 10.00, 340, 315, 0, 2, 1, 1, 'Live'),
(3783, 250, 10.00, 340, 315, 0, 2, 1, 1, 'Live'),
(3784, 17, 5.00, 340, 315, 0, 2, 1, 1, 'Live'),
(3785, 323, 20.00, 340, 315, 0, 2, 1, 1, 'Live'),
(3786, 16, 55.00, 340, 315, 0, 2, 1, 1, 'Live'),
(3787, 209, 10.00, 340, 315, 0, 2, 1, 1, 'Live'),
(3788, 301, 0.30, 340, 315, 0, 2, 1, 1, 'Live'),
(3789, 204, 83.50, 340, 315, 0, 2, 1, 1, 'Live'),
(3790, 190, 50.00, 340, 315, 0, 2, 1, 1, 'Live'),
(3791, 322, 10.00, 341, 316, 0, 84, 1, 1, 'Live'),
(3792, 320, 0.20, 341, 316, 0, 84, 1, 1, 'Live'),
(3793, 51, 20.00, 341, 316, 0, 84, 1, 1, 'Live'),
(3794, 326, 15.00, 341, 316, 0, 84, 1, 1, 'Live'),
(3795, 227, 25.00, 341, 316, 0, 84, 1, 1, 'Live'),
(3796, 53, 5.00, 341, 316, 0, 84, 1, 1, 'Live'),
(3797, 323, 20.00, 341, 316, 0, 84, 1, 1, 'Live'),
(3798, 321, 0.25, 341, 316, 0, 84, 1, 1, 'Live'),
(3799, 320, 0.40, 341, 316, 0, 85, 1, 1, 'Live'),
(3800, 326, 15.00, 341, 316, 0, 85, 1, 1, 'Live'),
(3801, 227, 25.00, 341, 316, 0, 85, 1, 1, 'Live'),
(3802, 100, 5.00, 341, 316, 0, 85, 1, 1, 'Live'),
(3803, 323, 50.00, 341, 316, 0, 85, 1, 1, 'Live'),
(3804, 212, 60.00, 341, 316, 0, 85, 1, 1, 'Live'),
(3805, 322, 10.00, 342, 317, 0, 84, 1, 1, 'Live'),
(3806, 320, 0.20, 342, 317, 0, 84, 1, 1, 'Live'),
(3807, 51, 20.00, 342, 317, 0, 84, 1, 1, 'Live'),
(3808, 326, 15.00, 342, 317, 0, 84, 1, 1, 'Live'),
(3809, 227, 25.00, 342, 317, 0, 84, 1, 1, 'Live'),
(3810, 53, 5.00, 342, 317, 0, 84, 1, 1, 'Live'),
(3811, 323, 20.00, 342, 317, 0, 84, 1, 1, 'Live'),
(3812, 321, 0.25, 342, 317, 0, 84, 1, 1, 'Live'),
(3813, 320, 0.40, 342, 317, 0, 85, 1, 1, 'Live'),
(3814, 326, 15.00, 342, 317, 0, 85, 1, 1, 'Live'),
(3815, 227, 25.00, 342, 317, 0, 85, 1, 1, 'Live'),
(3816, 100, 5.00, 342, 317, 0, 85, 1, 1, 'Live'),
(3817, 323, 50.00, 342, 317, 0, 85, 1, 1, 'Live'),
(3818, 212, 60.00, 342, 317, 0, 85, 1, 1, 'Live'),
(3819, 333, 15.00, 342, 317, 0, 1, 1, 1, 'Live'),
(3820, 267, 3.00, 342, 317, 0, 1, 1, 1, 'Live'),
(3821, 320, 0.50, 342, 317, 0, 1, 1, 1, 'Live'),
(3822, 98, 10.00, 342, 317, 0, 1, 1, 1, 'Live'),
(3823, 12, 10.00, 342, 317, 0, 1, 1, 1, 'Live'),
(3824, 250, 20.00, 342, 317, 0, 1, 1, 1, 'Live'),
(3825, 16, 60.00, 342, 317, 0, 1, 1, 1, 'Live'),
(3826, 218, 2.00, 342, 317, 0, 1, 1, 1, 'Live'),
(3827, 209, 15.00, 342, 317, 0, 1, 1, 1, 'Live'),
(3828, 301, 1.30, 342, 317, 0, 1, 1, 1, 'Live'),
(3829, 333, 10.00, 342, 317, 0, 2, 1, 1, 'Live'),
(3830, 267, 3.00, 342, 317, 0, 2, 1, 1, 'Live'),
(3831, 320, 0.25, 342, 317, 0, 2, 1, 1, 'Live'),
(3832, 12, 10.00, 342, 317, 0, 2, 1, 1, 'Live'),
(3833, 250, 10.00, 342, 317, 0, 2, 1, 1, 'Live'),
(3834, 17, 5.00, 342, 317, 0, 2, 1, 1, 'Live'),
(3835, 323, 20.00, 342, 317, 0, 2, 1, 1, 'Live'),
(3836, 16, 55.00, 342, 317, 0, 2, 1, 1, 'Live'),
(3837, 209, 10.00, 342, 317, 0, 2, 1, 1, 'Live'),
(3838, 301, 0.30, 342, 317, 0, 2, 1, 1, 'Live'),
(3839, 204, 83.50, 342, 317, 0, 2, 1, 1, 'Live'),
(3840, 190, 50.00, 342, 317, 0, 2, 1, 1, 'Live'),
(3841, 322, 10.00, 342, 317, 0, 83, 1, 1, 'Live'),
(3842, 320, 0.20, 342, 317, 0, 83, 1, 1, 'Live'),
(3843, 326, 15.00, 342, 317, 0, 83, 1, 1, 'Live'),
(3844, 100, 5.00, 342, 317, 0, 83, 1, 1, 'Live'),
(3845, 323, 20.00, 342, 317, 0, 83, 1, 1, 'Live'),
(3846, 315, 0.50, 342, 317, 0, 83, 1, 1, 'Live'),
(3847, 344, 600.00, 342, 317, 0, 145, 1, 1, 'Live'),
(3848, 59, 3.00, 342, 317, 0, 145, 1, 1, 'Live'),
(3885, 333, 10.00, 344, 318, 0, 2, 1, 1, 'Live'),
(3886, 267, 3.00, 344, 318, 0, 2, 1, 1, 'Live'),
(3887, 320, 0.25, 344, 318, 0, 2, 1, 1, 'Live'),
(3888, 12, 10.00, 344, 318, 0, 2, 1, 1, 'Live'),
(3889, 250, 10.00, 344, 318, 0, 2, 1, 1, 'Live'),
(3890, 17, 5.00, 344, 318, 0, 2, 1, 1, 'Live'),
(3891, 323, 20.00, 344, 318, 0, 2, 1, 1, 'Live'),
(3892, 16, 55.00, 344, 318, 0, 2, 1, 1, 'Live'),
(3893, 209, 10.00, 344, 318, 0, 2, 1, 1, 'Live'),
(3894, 301, 0.30, 344, 318, 0, 2, 1, 1, 'Live'),
(3895, 204, 83.50, 344, 318, 0, 2, 1, 1, 'Live'),
(3896, 190, 50.00, 344, 318, 0, 2, 1, 1, 'Live'),
(3897, 333, 15.00, 344, 318, 0, 1, 1, 1, 'Live'),
(3898, 267, 3.00, 344, 318, 0, 1, 1, 1, 'Live'),
(3899, 320, 0.50, 344, 318, 0, 1, 1, 1, 'Live'),
(3900, 98, 10.00, 344, 318, 0, 1, 1, 1, 'Live'),
(3901, 12, 10.00, 344, 318, 0, 1, 1, 1, 'Live'),
(3902, 250, 20.00, 344, 318, 0, 1, 1, 1, 'Live'),
(3903, 16, 60.00, 344, 318, 0, 1, 1, 1, 'Live'),
(3904, 218, 2.00, 344, 318, 0, 1, 1, 1, 'Live'),
(3905, 209, 15.00, 344, 318, 0, 1, 1, 1, 'Live'),
(3906, 301, 1.30, 344, 318, 0, 1, 1, 1, 'Live'),
(3907, 320, 0.40, 344, 318, 0, 85, 1, 1, 'Live'),
(3908, 326, 15.00, 344, 318, 0, 85, 1, 1, 'Live'),
(3909, 227, 25.00, 344, 318, 0, 85, 1, 1, 'Live'),
(3910, 100, 5.00, 344, 318, 0, 85, 1, 1, 'Live'),
(3911, 323, 50.00, 344, 318, 0, 85, 1, 1, 'Live'),
(3912, 212, 60.00, 344, 318, 0, 85, 1, 1, 'Live'),
(3913, 322, 20.00, 344, 318, 0, 84, 1, 1, 'Live'),
(3914, 320, 0.40, 344, 318, 0, 84, 1, 1, 'Live'),
(3915, 51, 40.00, 344, 318, 0, 84, 1, 1, 'Live'),
(3916, 326, 30.00, 344, 318, 0, 84, 1, 1, 'Live'),
(3917, 227, 50.00, 344, 318, 0, 84, 1, 1, 'Live'),
(3918, 53, 10.00, 344, 318, 0, 84, 1, 1, 'Live'),
(3919, 323, 40.00, 344, 318, 0, 84, 1, 1, 'Live'),
(3920, 321, 0.50, 344, 318, 0, 84, 1, 1, 'Live'),
(3921, 322, 10.00, 345, 319, 0, 84, 1, 1, 'Live'),
(3922, 320, 0.20, 345, 319, 0, 84, 1, 1, 'Live'),
(3923, 51, 20.00, 345, 319, 0, 84, 1, 1, 'Live'),
(3924, 326, 15.00, 345, 319, 0, 84, 1, 1, 'Live'),
(3925, 227, 25.00, 345, 319, 0, 84, 1, 1, 'Live'),
(3926, 53, 5.00, 345, 319, 0, 84, 1, 1, 'Live'),
(3927, 323, 20.00, 345, 319, 0, 84, 1, 1, 'Live'),
(3928, 321, 0.25, 345, 319, 0, 84, 1, 1, 'Live'),
(3929, 320, 0.40, 345, 319, 0, 85, 1, 1, 'Live'),
(3930, 326, 15.00, 345, 319, 0, 85, 1, 1, 'Live'),
(3931, 227, 25.00, 345, 319, 0, 85, 1, 1, 'Live'),
(3932, 100, 5.00, 345, 319, 0, 85, 1, 1, 'Live'),
(3933, 323, 50.00, 345, 319, 0, 85, 1, 1, 'Live'),
(3934, 212, 60.00, 345, 319, 0, 85, 1, 1, 'Live'),
(3935, 333, 15.00, 345, 319, 0, 1, 1, 1, 'Live'),
(3936, 267, 3.00, 345, 319, 0, 1, 1, 1, 'Live'),
(3937, 320, 0.50, 345, 319, 0, 1, 1, 1, 'Live'),
(3938, 98, 10.00, 345, 319, 0, 1, 1, 1, 'Live'),
(3939, 12, 10.00, 345, 319, 0, 1, 1, 1, 'Live'),
(3940, 250, 20.00, 345, 319, 0, 1, 1, 1, 'Live'),
(3941, 16, 60.00, 345, 319, 0, 1, 1, 1, 'Live'),
(3942, 218, 2.00, 345, 319, 0, 1, 1, 1, 'Live'),
(3943, 209, 15.00, 345, 319, 0, 1, 1, 1, 'Live'),
(3944, 301, 1.30, 345, 319, 0, 1, 1, 1, 'Live'),
(3945, 333, 10.00, 345, 319, 0, 2, 1, 1, 'Live'),
(3946, 267, 3.00, 345, 319, 0, 2, 1, 1, 'Live'),
(3947, 320, 0.25, 345, 319, 0, 2, 1, 1, 'Live'),
(3948, 12, 10.00, 345, 319, 0, 2, 1, 1, 'Live'),
(3949, 250, 10.00, 345, 319, 0, 2, 1, 1, 'Live'),
(3950, 17, 5.00, 345, 319, 0, 2, 1, 1, 'Live'),
(3951, 323, 20.00, 345, 319, 0, 2, 1, 1, 'Live'),
(3952, 16, 55.00, 345, 319, 0, 2, 1, 1, 'Live'),
(3953, 209, 10.00, 345, 319, 0, 2, 1, 1, 'Live'),
(3954, 301, 0.30, 345, 319, 0, 2, 1, 1, 'Live'),
(3955, 204, 83.50, 345, 319, 0, 2, 1, 1, 'Live'),
(3956, 190, 50.00, 345, 319, 0, 2, 1, 1, 'Live'),
(3957, 322, 10.00, 346, 320, 0, 84, 1, 1, 'Live'),
(3958, 320, 0.20, 346, 320, 0, 84, 1, 1, 'Live'),
(3959, 51, 20.00, 346, 320, 0, 84, 1, 1, 'Live'),
(3960, 326, 15.00, 346, 320, 0, 84, 1, 1, 'Live'),
(3961, 227, 25.00, 346, 320, 0, 84, 1, 1, 'Live'),
(3962, 53, 5.00, 346, 320, 0, 84, 1, 1, 'Live'),
(3963, 323, 20.00, 346, 320, 0, 84, 1, 1, 'Live'),
(3964, 321, 0.25, 346, 320, 0, 84, 1, 1, 'Live'),
(3965, 320, 0.40, 346, 320, 0, 85, 1, 1, 'Live'),
(3966, 326, 15.00, 346, 320, 0, 85, 1, 1, 'Live'),
(3967, 227, 25.00, 346, 320, 0, 85, 1, 1, 'Live'),
(3968, 100, 5.00, 346, 320, 0, 85, 1, 1, 'Live'),
(3969, 323, 50.00, 346, 320, 0, 85, 1, 1, 'Live'),
(3970, 212, 60.00, 346, 320, 0, 85, 1, 1, 'Live'),
(3971, 322, 10.00, 347, 321, 0, 84, 1, 1, 'Live'),
(3972, 320, 0.20, 347, 321, 0, 84, 1, 1, 'Live'),
(3973, 51, 20.00, 347, 321, 0, 84, 1, 1, 'Live'),
(3974, 326, 15.00, 347, 321, 0, 84, 1, 1, 'Live'),
(3975, 227, 25.00, 347, 321, 0, 84, 1, 1, 'Live'),
(3976, 53, 5.00, 347, 321, 0, 84, 1, 1, 'Live'),
(3977, 323, 20.00, 347, 321, 0, 84, 1, 1, 'Live'),
(3978, 321, 0.25, 347, 321, 0, 84, 1, 1, 'Live'),
(3979, 320, 0.40, 347, 321, 0, 85, 1, 1, 'Live'),
(3980, 326, 15.00, 347, 321, 0, 85, 1, 1, 'Live'),
(3981, 227, 25.00, 347, 321, 0, 85, 1, 1, 'Live'),
(3982, 100, 5.00, 347, 321, 0, 85, 1, 1, 'Live'),
(3983, 323, 50.00, 347, 321, 0, 85, 1, 1, 'Live'),
(3984, 212, 60.00, 347, 321, 0, 85, 1, 1, 'Live'),
(3985, 333, 15.00, 347, 321, 0, 1, 1, 1, 'Live'),
(3986, 267, 3.00, 347, 321, 0, 1, 1, 1, 'Live'),
(3987, 320, 0.50, 347, 321, 0, 1, 1, 1, 'Live'),
(3988, 98, 10.00, 347, 321, 0, 1, 1, 1, 'Live'),
(3989, 12, 10.00, 347, 321, 0, 1, 1, 1, 'Live'),
(3990, 250, 20.00, 347, 321, 0, 1, 1, 1, 'Live'),
(3991, 16, 60.00, 347, 321, 0, 1, 1, 1, 'Live'),
(3992, 218, 2.00, 347, 321, 0, 1, 1, 1, 'Live'),
(3993, 209, 15.00, 347, 321, 0, 1, 1, 1, 'Live'),
(3994, 301, 1.30, 347, 321, 0, 1, 1, 1, 'Live'),
(3995, 333, 10.00, 347, 321, 0, 2, 1, 1, 'Live'),
(3996, 267, 3.00, 347, 321, 0, 2, 1, 1, 'Live'),
(3997, 320, 0.25, 347, 321, 0, 2, 1, 1, 'Live'),
(3998, 12, 10.00, 347, 321, 0, 2, 1, 1, 'Live'),
(3999, 250, 10.00, 347, 321, 0, 2, 1, 1, 'Live'),
(4000, 17, 5.00, 347, 321, 0, 2, 1, 1, 'Live'),
(4001, 323, 20.00, 347, 321, 0, 2, 1, 1, 'Live'),
(4002, 16, 55.00, 347, 321, 0, 2, 1, 1, 'Live'),
(4003, 209, 10.00, 347, 321, 0, 2, 1, 1, 'Live'),
(4004, 301, 0.30, 347, 321, 0, 2, 1, 1, 'Live'),
(4005, 204, 83.50, 347, 321, 0, 2, 1, 1, 'Live'),
(4006, 190, 50.00, 347, 321, 0, 2, 1, 1, 'Live'),
(4007, 322, 10.00, 348, 322, 0, 84, 1, 1, 'Live'),
(4008, 320, 0.20, 348, 322, 0, 84, 1, 1, 'Live'),
(4009, 51, 20.00, 348, 322, 0, 84, 1, 1, 'Live'),
(4010, 326, 15.00, 348, 322, 0, 84, 1, 1, 'Live'),
(4011, 227, 25.00, 348, 322, 0, 84, 1, 1, 'Live'),
(4012, 53, 5.00, 348, 322, 0, 84, 1, 1, 'Live'),
(4013, 323, 20.00, 348, 322, 0, 84, 1, 1, 'Live'),
(4014, 321, 0.25, 348, 322, 0, 84, 1, 1, 'Live'),
(4015, 320, 0.40, 348, 322, 0, 85, 1, 1, 'Live'),
(4016, 326, 15.00, 348, 322, 0, 85, 1, 1, 'Live'),
(4017, 227, 25.00, 348, 322, 0, 85, 1, 1, 'Live'),
(4018, 100, 5.00, 348, 322, 0, 85, 1, 1, 'Live'),
(4019, 323, 50.00, 348, 322, 0, 85, 1, 1, 'Live'),
(4020, 212, 60.00, 348, 322, 0, 85, 1, 1, 'Live'),
(4021, 333, 15.00, 348, 322, 0, 1, 1, 1, 'Live'),
(4022, 267, 3.00, 348, 322, 0, 1, 1, 1, 'Live'),
(4023, 320, 0.50, 348, 322, 0, 1, 1, 1, 'Live'),
(4024, 98, 10.00, 348, 322, 0, 1, 1, 1, 'Live'),
(4025, 12, 10.00, 348, 322, 0, 1, 1, 1, 'Live'),
(4026, 250, 20.00, 348, 322, 0, 1, 1, 1, 'Live'),
(4027, 16, 60.00, 348, 322, 0, 1, 1, 1, 'Live'),
(4028, 218, 2.00, 348, 322, 0, 1, 1, 1, 'Live'),
(4029, 209, 15.00, 348, 322, 0, 1, 1, 1, 'Live'),
(4030, 301, 1.30, 348, 322, 0, 1, 1, 1, 'Live'),
(4031, 333, 10.00, 348, 322, 0, 2, 1, 1, 'Live'),
(4032, 267, 3.00, 348, 322, 0, 2, 1, 1, 'Live'),
(4033, 320, 0.25, 348, 322, 0, 2, 1, 1, 'Live'),
(4034, 12, 10.00, 348, 322, 0, 2, 1, 1, 'Live'),
(4035, 250, 10.00, 348, 322, 0, 2, 1, 1, 'Live'),
(4036, 17, 5.00, 348, 322, 0, 2, 1, 1, 'Live'),
(4037, 323, 20.00, 348, 322, 0, 2, 1, 1, 'Live'),
(4038, 16, 55.00, 348, 322, 0, 2, 1, 1, 'Live'),
(4039, 209, 10.00, 348, 322, 0, 2, 1, 1, 'Live'),
(4040, 301, 0.30, 348, 322, 0, 2, 1, 1, 'Live'),
(4041, 204, 83.50, 348, 322, 0, 2, 1, 1, 'Live'),
(4042, 190, 50.00, 348, 322, 0, 2, 1, 1, 'Live'),
(4043, 322, 10.00, 349, 323, 0, 84, 1, 1, 'Live'),
(4044, 320, 0.20, 349, 323, 0, 84, 1, 1, 'Live'),
(4045, 51, 20.00, 349, 323, 0, 84, 1, 1, 'Live'),
(4046, 326, 15.00, 349, 323, 0, 84, 1, 1, 'Live'),
(4047, 227, 25.00, 349, 323, 0, 84, 1, 1, 'Live'),
(4048, 53, 5.00, 349, 323, 0, 84, 1, 1, 'Live'),
(4049, 323, 20.00, 349, 323, 0, 84, 1, 1, 'Live'),
(4050, 321, 0.25, 349, 323, 0, 84, 1, 1, 'Live'),
(4051, 320, 0.40, 349, 323, 0, 85, 1, 1, 'Live'),
(4052, 326, 15.00, 349, 323, 0, 85, 1, 1, 'Live'),
(4053, 227, 25.00, 349, 323, 0, 85, 1, 1, 'Live'),
(4054, 100, 5.00, 349, 323, 0, 85, 1, 1, 'Live'),
(4055, 323, 50.00, 349, 323, 0, 85, 1, 1, 'Live'),
(4056, 212, 60.00, 349, 323, 0, 85, 1, 1, 'Live'),
(4057, 322, 10.00, 350, 324, 0, 84, 1, 1, 'Live'),
(4058, 320, 0.20, 350, 324, 0, 84, 1, 1, 'Live'),
(4059, 51, 20.00, 350, 324, 0, 84, 1, 1, 'Live'),
(4060, 326, 15.00, 350, 324, 0, 84, 1, 1, 'Live'),
(4061, 227, 25.00, 350, 324, 0, 84, 1, 1, 'Live'),
(4062, 53, 5.00, 350, 324, 0, 84, 1, 1, 'Live'),
(4063, 323, 20.00, 350, 324, 0, 84, 1, 1, 'Live'),
(4064, 321, 0.25, 350, 324, 0, 84, 1, 1, 'Live'),
(4065, 322, 10.00, 351, 325, 0, 84, 1, 1, 'Live'),
(4066, 320, 0.20, 351, 325, 0, 84, 1, 1, 'Live'),
(4067, 51, 20.00, 351, 325, 0, 84, 1, 1, 'Live'),
(4068, 326, 15.00, 351, 325, 0, 84, 1, 1, 'Live'),
(4069, 227, 25.00, 351, 325, 0, 84, 1, 1, 'Live'),
(4070, 53, 5.00, 351, 325, 0, 84, 1, 1, 'Live'),
(4071, 323, 20.00, 351, 325, 0, 84, 1, 1, 'Live'),
(4072, 321, 0.25, 351, 325, 0, 84, 1, 1, 'Live'),
(4073, 322, 10.00, 352, 326, 0, 84, 1, 1, 'Live'),
(4074, 320, 0.20, 352, 326, 0, 84, 1, 1, 'Live'),
(4075, 51, 20.00, 352, 326, 0, 84, 1, 1, 'Live'),
(4076, 326, 15.00, 352, 326, 0, 84, 1, 1, 'Live'),
(4077, 227, 25.00, 352, 326, 0, 84, 1, 1, 'Live'),
(4078, 53, 5.00, 352, 326, 0, 84, 1, 1, 'Live'),
(4079, 323, 20.00, 352, 326, 0, 84, 1, 1, 'Live'),
(4080, 321, 0.25, 352, 326, 0, 84, 1, 1, 'Live'),
(4081, 322, 10.00, 353, 327, 0, 84, 1, 1, 'Live'),
(4082, 320, 0.20, 353, 327, 0, 84, 1, 1, 'Live'),
(4083, 51, 20.00, 353, 327, 0, 84, 1, 1, 'Live'),
(4084, 326, 15.00, 353, 327, 0, 84, 1, 1, 'Live'),
(4085, 227, 25.00, 353, 327, 0, 84, 1, 1, 'Live'),
(4086, 53, 5.00, 353, 327, 0, 84, 1, 1, 'Live'),
(4087, 323, 20.00, 353, 327, 0, 84, 1, 1, 'Live'),
(4088, 321, 0.25, 353, 327, 0, 84, 1, 1, 'Live'),
(4089, 322, 10.00, 354, 328, 0, 84, 1, 1, 'Live'),
(4090, 320, 0.20, 354, 328, 0, 84, 1, 1, 'Live'),
(4091, 51, 20.00, 354, 328, 0, 84, 1, 1, 'Live'),
(4092, 326, 15.00, 354, 328, 0, 84, 1, 1, 'Live'),
(4093, 227, 25.00, 354, 328, 0, 84, 1, 1, 'Live'),
(4094, 53, 5.00, 354, 328, 0, 84, 1, 1, 'Live'),
(4095, 323, 20.00, 354, 328, 0, 84, 1, 1, 'Live'),
(4096, 321, 0.25, 354, 328, 0, 84, 1, 1, 'Live'),
(4097, 322, 10.00, 355, 329, 0, 84, 1, 1, 'Live'),
(4098, 320, 0.20, 355, 329, 0, 84, 1, 1, 'Live'),
(4099, 51, 20.00, 355, 329, 0, 84, 1, 1, 'Live'),
(4100, 326, 15.00, 355, 329, 0, 84, 1, 1, 'Live'),
(4101, 227, 25.00, 355, 329, 0, 84, 1, 1, 'Live'),
(4102, 53, 5.00, 355, 329, 0, 84, 1, 1, 'Live'),
(4103, 323, 20.00, 355, 329, 0, 84, 1, 1, 'Live'),
(4104, 321, 0.25, 355, 329, 0, 84, 1, 1, 'Live'),
(4105, 322, 10.00, 356, 330, 0, 84, 1, 1, 'Live'),
(4106, 320, 0.20, 356, 330, 0, 84, 1, 1, 'Live'),
(4107, 51, 20.00, 356, 330, 0, 84, 1, 1, 'Live'),
(4108, 326, 15.00, 356, 330, 0, 84, 1, 1, 'Live'),
(4109, 227, 25.00, 356, 330, 0, 84, 1, 1, 'Live'),
(4110, 53, 5.00, 356, 330, 0, 84, 1, 1, 'Live'),
(4111, 323, 20.00, 356, 330, 0, 84, 1, 1, 'Live'),
(4112, 321, 0.25, 356, 330, 0, 84, 1, 1, 'Live'),
(4113, 322, 10.00, 357, 331, 0, 84, 1, 1, 'Live'),
(4114, 320, 0.20, 357, 331, 0, 84, 1, 1, 'Live'),
(4115, 51, 20.00, 357, 331, 0, 84, 1, 1, 'Live'),
(4116, 326, 15.00, 357, 331, 0, 84, 1, 1, 'Live'),
(4117, 227, 25.00, 357, 331, 0, 84, 1, 1, 'Live'),
(4118, 53, 5.00, 357, 331, 0, 84, 1, 1, 'Live'),
(4119, 323, 20.00, 357, 331, 0, 84, 1, 1, 'Live'),
(4120, 321, 0.25, 357, 331, 0, 84, 1, 1, 'Live'),
(4121, 322, 10.00, 358, 332, 0, 84, 1, 1, 'Live'),
(4122, 320, 0.20, 358, 332, 0, 84, 1, 1, 'Live'),
(4123, 51, 20.00, 358, 332, 0, 84, 1, 1, 'Live'),
(4124, 326, 15.00, 358, 332, 0, 84, 1, 1, 'Live'),
(4125, 227, 25.00, 358, 332, 0, 84, 1, 1, 'Live'),
(4126, 53, 5.00, 358, 332, 0, 84, 1, 1, 'Live'),
(4127, 323, 20.00, 358, 332, 0, 84, 1, 1, 'Live'),
(4128, 321, 0.25, 358, 332, 0, 84, 1, 1, 'Live'),
(4129, 322, 10.00, 359, 333, 0, 84, 1, 1, 'Live'),
(4130, 320, 0.20, 359, 333, 0, 84, 1, 1, 'Live'),
(4131, 51, 20.00, 359, 333, 0, 84, 1, 1, 'Live'),
(4132, 326, 15.00, 359, 333, 0, 84, 1, 1, 'Live'),
(4133, 227, 25.00, 359, 333, 0, 84, 1, 1, 'Live'),
(4134, 53, 5.00, 359, 333, 0, 84, 1, 1, 'Live'),
(4135, 323, 20.00, 359, 333, 0, 84, 1, 1, 'Live'),
(4136, 321, 0.25, 359, 333, 0, 84, 1, 1, 'Live'),
(4137, 322, 10.00, 360, 334, 0, 84, 1, 1, 'Live'),
(4138, 320, 0.20, 360, 334, 0, 84, 1, 1, 'Live'),
(4139, 51, 20.00, 360, 334, 0, 84, 1, 1, 'Live'),
(4140, 326, 15.00, 360, 334, 0, 84, 1, 1, 'Live'),
(4141, 227, 25.00, 360, 334, 0, 84, 1, 1, 'Live'),
(4142, 53, 5.00, 360, 334, 0, 84, 1, 1, 'Live'),
(4143, 323, 20.00, 360, 334, 0, 84, 1, 1, 'Live'),
(4144, 321, 0.25, 360, 334, 0, 84, 1, 1, 'Live'),
(4145, 322, 10.00, 361, 335, 0, 84, 1, 1, 'Live'),
(4146, 320, 0.20, 361, 335, 0, 84, 1, 1, 'Live'),
(4147, 51, 20.00, 361, 335, 0, 84, 1, 1, 'Live'),
(4148, 326, 15.00, 361, 335, 0, 84, 1, 1, 'Live'),
(4149, 227, 25.00, 361, 335, 0, 84, 1, 1, 'Live'),
(4150, 53, 5.00, 361, 335, 0, 84, 1, 1, 'Live'),
(4151, 323, 20.00, 361, 335, 0, 84, 1, 1, 'Live'),
(4152, 321, 0.25, 361, 335, 0, 84, 1, 1, 'Live'),
(4153, 322, 10.00, 362, 336, 0, 84, 1, 1, 'Live'),
(4154, 320, 0.20, 362, 336, 0, 84, 1, 1, 'Live'),
(4155, 51, 20.00, 362, 336, 0, 84, 1, 1, 'Live'),
(4156, 326, 15.00, 362, 336, 0, 84, 1, 1, 'Live'),
(4157, 227, 25.00, 362, 336, 0, 84, 1, 1, 'Live'),
(4158, 53, 5.00, 362, 336, 0, 84, 1, 1, 'Live'),
(4159, 323, 20.00, 362, 336, 0, 84, 1, 1, 'Live'),
(4160, 321, 0.25, 362, 336, 0, 84, 1, 1, 'Live'),
(4161, 322, 10.00, 363, 337, 0, 84, 1, 1, 'Live'),
(4162, 320, 0.20, 363, 337, 0, 84, 1, 1, 'Live'),
(4163, 51, 20.00, 363, 337, 0, 84, 1, 1, 'Live'),
(4164, 326, 15.00, 363, 337, 0, 84, 1, 1, 'Live'),
(4165, 227, 25.00, 363, 337, 0, 84, 1, 1, 'Live'),
(4166, 53, 5.00, 363, 337, 0, 84, 1, 1, 'Live'),
(4167, 323, 20.00, 363, 337, 0, 84, 1, 1, 'Live'),
(4168, 321, 0.25, 363, 337, 0, 84, 1, 1, 'Live'),
(4169, 322, 10.00, 364, 338, 0, 84, 1, 1, 'Live'),
(4170, 320, 0.20, 364, 338, 0, 84, 1, 1, 'Live'),
(4171, 51, 20.00, 364, 338, 0, 84, 1, 1, 'Live'),
(4172, 326, 15.00, 364, 338, 0, 84, 1, 1, 'Live'),
(4173, 227, 25.00, 364, 338, 0, 84, 1, 1, 'Live'),
(4174, 53, 5.00, 364, 338, 0, 84, 1, 1, 'Live'),
(4175, 323, 20.00, 364, 338, 0, 84, 1, 1, 'Live'),
(4176, 321, 0.25, 364, 338, 0, 84, 1, 1, 'Live'),
(4177, 320, 0.40, 364, 338, 0, 85, 1, 1, 'Live'),
(4178, 326, 15.00, 364, 338, 0, 85, 1, 1, 'Live'),
(4179, 227, 25.00, 364, 338, 0, 85, 1, 1, 'Live'),
(4180, 100, 5.00, 364, 338, 0, 85, 1, 1, 'Live'),
(4181, 323, 50.00, 364, 338, 0, 85, 1, 1, 'Live'),
(4182, 212, 60.00, 364, 338, 0, 85, 1, 1, 'Live'),
(4183, 322, 10.00, 365, 339, 0, 84, 1, 1, 'Live'),
(4184, 320, 0.20, 365, 339, 0, 84, 1, 1, 'Live'),
(4185, 51, 20.00, 365, 339, 0, 84, 1, 1, 'Live'),
(4186, 326, 15.00, 365, 339, 0, 84, 1, 1, 'Live'),
(4187, 227, 25.00, 365, 339, 0, 84, 1, 1, 'Live'),
(4188, 53, 5.00, 365, 339, 0, 84, 1, 1, 'Live'),
(4189, 323, 20.00, 365, 339, 0, 84, 1, 1, 'Live'),
(4190, 321, 0.25, 365, 339, 0, 84, 1, 1, 'Live'),
(4191, 320, 0.40, 365, 339, 0, 85, 1, 1, 'Live'),
(4192, 326, 15.00, 365, 339, 0, 85, 1, 1, 'Live'),
(4193, 227, 25.00, 365, 339, 0, 85, 1, 1, 'Live'),
(4194, 100, 5.00, 365, 339, 0, 85, 1, 1, 'Live'),
(4195, 323, 50.00, 365, 339, 0, 85, 1, 1, 'Live'),
(4196, 212, 60.00, 365, 339, 0, 85, 1, 1, 'Live'),
(4197, 333, 15.00, 365, 339, 0, 1, 1, 1, 'Live'),
(4198, 267, 3.00, 365, 339, 0, 1, 1, 1, 'Live'),
(4199, 320, 0.50, 365, 339, 0, 1, 1, 1, 'Live'),
(4200, 98, 10.00, 365, 339, 0, 1, 1, 1, 'Live'),
(4201, 12, 10.00, 365, 339, 0, 1, 1, 1, 'Live'),
(4202, 250, 20.00, 365, 339, 0, 1, 1, 1, 'Live'),
(4203, 16, 60.00, 365, 339, 0, 1, 1, 1, 'Live'),
(4204, 218, 2.00, 365, 339, 0, 1, 1, 1, 'Live'),
(4205, 209, 15.00, 365, 339, 0, 1, 1, 1, 'Live'),
(4206, 301, 1.30, 365, 339, 0, 1, 1, 1, 'Live'),
(4207, 333, 10.00, 365, 339, 0, 2, 1, 1, 'Live'),
(4208, 267, 3.00, 365, 339, 0, 2, 1, 1, 'Live'),
(4209, 320, 0.25, 365, 339, 0, 2, 1, 1, 'Live'),
(4210, 12, 10.00, 365, 339, 0, 2, 1, 1, 'Live'),
(4211, 250, 10.00, 365, 339, 0, 2, 1, 1, 'Live'),
(4212, 17, 5.00, 365, 339, 0, 2, 1, 1, 'Live'),
(4213, 323, 20.00, 365, 339, 0, 2, 1, 1, 'Live'),
(4214, 16, 55.00, 365, 339, 0, 2, 1, 1, 'Live'),
(4215, 209, 10.00, 365, 339, 0, 2, 1, 1, 'Live'),
(4216, 301, 0.30, 365, 339, 0, 2, 1, 1, 'Live'),
(4217, 204, 83.50, 365, 339, 0, 2, 1, 1, 'Live'),
(4218, 190, 50.00, 365, 339, 0, 2, 1, 1, 'Live'),
(4219, 322, 10.00, 366, 340, 0, 84, 1, 1, 'Live'),
(4220, 320, 0.20, 366, 340, 0, 84, 1, 1, 'Live'),
(4221, 51, 20.00, 366, 340, 0, 84, 1, 1, 'Live'),
(4222, 326, 15.00, 366, 340, 0, 84, 1, 1, 'Live'),
(4223, 227, 25.00, 366, 340, 0, 84, 1, 1, 'Live'),
(4224, 53, 5.00, 366, 340, 0, 84, 1, 1, 'Live'),
(4225, 323, 20.00, 366, 340, 0, 84, 1, 1, 'Live'),
(4226, 321, 0.25, 366, 340, 0, 84, 1, 1, 'Live'),
(4227, 320, 0.40, 366, 340, 0, 85, 1, 1, 'Live'),
(4228, 326, 15.00, 366, 340, 0, 85, 1, 1, 'Live'),
(4229, 227, 25.00, 366, 340, 0, 85, 1, 1, 'Live'),
(4230, 100, 5.00, 366, 340, 0, 85, 1, 1, 'Live'),
(4231, 323, 50.00, 366, 340, 0, 85, 1, 1, 'Live'),
(4232, 212, 60.00, 366, 340, 0, 85, 1, 1, 'Live'),
(4233, 333, 15.00, 366, 340, 0, 1, 1, 1, 'Live'),
(4234, 267, 3.00, 366, 340, 0, 1, 1, 1, 'Live'),
(4235, 320, 0.50, 366, 340, 0, 1, 1, 1, 'Live'),
(4236, 98, 10.00, 366, 340, 0, 1, 1, 1, 'Live'),
(4237, 12, 10.00, 366, 340, 0, 1, 1, 1, 'Live'),
(4238, 250, 20.00, 366, 340, 0, 1, 1, 1, 'Live'),
(4239, 16, 60.00, 366, 340, 0, 1, 1, 1, 'Live'),
(4240, 218, 2.00, 366, 340, 0, 1, 1, 1, 'Live'),
(4241, 209, 15.00, 366, 340, 0, 1, 1, 1, 'Live'),
(4242, 301, 1.30, 366, 340, 0, 1, 1, 1, 'Live'),
(4243, 333, 10.00, 366, 340, 0, 2, 1, 1, 'Live'),
(4244, 267, 3.00, 366, 340, 0, 2, 1, 1, 'Live'),
(4245, 320, 0.25, 366, 340, 0, 2, 1, 1, 'Live'),
(4246, 12, 10.00, 366, 340, 0, 2, 1, 1, 'Live'),
(4247, 250, 10.00, 366, 340, 0, 2, 1, 1, 'Live'),
(4248, 17, 5.00, 366, 340, 0, 2, 1, 1, 'Live'),
(4249, 323, 20.00, 366, 340, 0, 2, 1, 1, 'Live'),
(4250, 16, 55.00, 366, 340, 0, 2, 1, 1, 'Live'),
(4251, 209, 10.00, 366, 340, 0, 2, 1, 1, 'Live'),
(4252, 301, 0.30, 366, 340, 0, 2, 1, 1, 'Live'),
(4253, 204, 83.50, 366, 340, 0, 2, 1, 1, 'Live'),
(4254, 190, 50.00, 366, 340, 0, 2, 1, 1, 'Live'),
(4311, 322, 10.00, 371, 343, 0, 84, 1, 1, 'Live'),
(4312, 320, 0.20, 371, 343, 0, 84, 1, 1, 'Live'),
(4313, 51, 20.00, 371, 343, 0, 84, 1, 1, 'Live'),
(4314, 326, 15.00, 371, 343, 0, 84, 1, 1, 'Live'),
(4315, 227, 25.00, 371, 343, 0, 84, 1, 1, 'Live'),
(4316, 53, 5.00, 371, 343, 0, 84, 1, 1, 'Live'),
(4317, 323, 20.00, 371, 343, 0, 84, 1, 1, 'Live'),
(4318, 321, 0.25, 371, 343, 0, 84, 1, 1, 'Live'),
(4319, 320, 0.40, 371, 343, 0, 85, 1, 1, 'Live'),
(4320, 326, 15.00, 371, 343, 0, 85, 1, 1, 'Live'),
(4321, 227, 25.00, 371, 343, 0, 85, 1, 1, 'Live'),
(4322, 100, 5.00, 371, 343, 0, 85, 1, 1, 'Live'),
(4323, 323, 50.00, 371, 343, 0, 85, 1, 1, 'Live'),
(4324, 212, 60.00, 371, 343, 0, 85, 1, 1, 'Live'),
(4325, 333, 15.00, 371, 343, 0, 1, 1, 1, 'Live'),
(4326, 267, 3.00, 371, 343, 0, 1, 1, 1, 'Live'),
(4327, 320, 0.50, 371, 343, 0, 1, 1, 1, 'Live'),
(4328, 98, 10.00, 371, 343, 0, 1, 1, 1, 'Live'),
(4329, 12, 10.00, 371, 343, 0, 1, 1, 1, 'Live'),
(4330, 250, 20.00, 371, 343, 0, 1, 1, 1, 'Live'),
(4331, 16, 60.00, 371, 343, 0, 1, 1, 1, 'Live'),
(4332, 218, 2.00, 371, 343, 0, 1, 1, 1, 'Live'),
(4333, 209, 15.00, 371, 343, 0, 1, 1, 1, 'Live'),
(4334, 301, 1.30, 371, 343, 0, 1, 1, 1, 'Live'),
(4335, 333, 10.00, 371, 343, 0, 2, 1, 1, 'Live'),
(4336, 267, 3.00, 371, 343, 0, 2, 1, 1, 'Live'),
(4337, 320, 0.25, 371, 343, 0, 2, 1, 1, 'Live'),
(4338, 12, 10.00, 371, 343, 0, 2, 1, 1, 'Live'),
(4339, 250, 10.00, 371, 343, 0, 2, 1, 1, 'Live'),
(4340, 17, 5.00, 371, 343, 0, 2, 1, 1, 'Live'),
(4341, 323, 20.00, 371, 343, 0, 2, 1, 1, 'Live'),
(4342, 16, 55.00, 371, 343, 0, 2, 1, 1, 'Live'),
(4343, 209, 10.00, 371, 343, 0, 2, 1, 1, 'Live'),
(4344, 301, 0.30, 371, 343, 0, 2, 1, 1, 'Live'),
(4345, 204, 83.50, 371, 343, 0, 2, 1, 1, 'Live'),
(4346, 190, 50.00, 371, 343, 0, 2, 1, 1, 'Live'),
(4347, 322, 10.00, 371, 343, 0, 83, 1, 1, 'Live'),
(4348, 320, 0.20, 371, 343, 0, 83, 1, 1, 'Live'),
(4349, 326, 15.00, 371, 343, 0, 83, 1, 1, 'Live'),
(4350, 100, 5.00, 371, 343, 0, 83, 1, 1, 'Live'),
(4351, 323, 20.00, 371, 343, 0, 83, 1, 1, 'Live'),
(4352, 315, 0.50, 371, 343, 0, 83, 1, 1, 'Live'),
(4353, 344, 600.00, 371, 343, 0, 145, 1, 1, 'Live'),
(4354, 59, 3.00, 371, 343, 0, 145, 1, 1, 'Live'),
(4355, 322, 10.00, 372, 344, 0, 84, 1, 1, 'Live'),
(4356, 320, 0.20, 372, 344, 0, 84, 1, 1, 'Live'),
(4357, 51, 20.00, 372, 344, 0, 84, 1, 1, 'Live'),
(4358, 326, 15.00, 372, 344, 0, 84, 1, 1, 'Live'),
(4359, 227, 25.00, 372, 344, 0, 84, 1, 1, 'Live'),
(4360, 53, 5.00, 372, 344, 0, 84, 1, 1, 'Live'),
(4361, 323, 20.00, 372, 344, 0, 84, 1, 1, 'Live'),
(4362, 321, 0.25, 372, 344, 0, 84, 1, 1, 'Live'),
(4363, 320, 0.40, 372, 344, 0, 85, 1, 1, 'Live'),
(4364, 326, 15.00, 372, 344, 0, 85, 1, 1, 'Live'),
(4365, 227, 25.00, 372, 344, 0, 85, 1, 1, 'Live'),
(4366, 100, 5.00, 372, 344, 0, 85, 1, 1, 'Live'),
(4367, 323, 50.00, 372, 344, 0, 85, 1, 1, 'Live'),
(4368, 212, 60.00, 372, 344, 0, 85, 1, 1, 'Live'),
(4369, 333, 15.00, 372, 344, 0, 1, 1, 1, 'Live'),
(4370, 267, 3.00, 372, 344, 0, 1, 1, 1, 'Live'),
(4371, 320, 0.50, 372, 344, 0, 1, 1, 1, 'Live'),
(4372, 98, 10.00, 372, 344, 0, 1, 1, 1, 'Live'),
(4373, 12, 10.00, 372, 344, 0, 1, 1, 1, 'Live'),
(4374, 250, 20.00, 372, 344, 0, 1, 1, 1, 'Live'),
(4375, 16, 60.00, 372, 344, 0, 1, 1, 1, 'Live'),
(4376, 218, 2.00, 372, 344, 0, 1, 1, 1, 'Live'),
(4377, 209, 15.00, 372, 344, 0, 1, 1, 1, 'Live'),
(4378, 301, 1.30, 372, 344, 0, 1, 1, 1, 'Live'),
(4379, 333, 10.00, 372, 344, 0, 2, 1, 1, 'Live'),
(4380, 267, 3.00, 372, 344, 0, 2, 1, 1, 'Live'),
(4381, 320, 0.25, 372, 344, 0, 2, 1, 1, 'Live'),
(4382, 12, 10.00, 372, 344, 0, 2, 1, 1, 'Live'),
(4383, 250, 10.00, 372, 344, 0, 2, 1, 1, 'Live'),
(4384, 17, 5.00, 372, 344, 0, 2, 1, 1, 'Live'),
(4385, 323, 20.00, 372, 344, 0, 2, 1, 1, 'Live'),
(4386, 16, 55.00, 372, 344, 0, 2, 1, 1, 'Live'),
(4387, 209, 10.00, 372, 344, 0, 2, 1, 1, 'Live'),
(4388, 301, 0.30, 372, 344, 0, 2, 1, 1, 'Live'),
(4389, 204, 83.50, 372, 344, 0, 2, 1, 1, 'Live'),
(4390, 190, 50.00, 372, 344, 0, 2, 1, 1, 'Live'),
(4391, 322, 10.00, 373, 345, 0, 84, 1, 1, 'Live'),
(4392, 320, 0.20, 373, 345, 0, 84, 1, 1, 'Live'),
(4393, 51, 20.00, 373, 345, 0, 84, 1, 1, 'Live'),
(4394, 326, 15.00, 373, 345, 0, 84, 1, 1, 'Live'),
(4395, 227, 25.00, 373, 345, 0, 84, 1, 1, 'Live'),
(4396, 53, 5.00, 373, 345, 0, 84, 1, 1, 'Live'),
(4397, 323, 20.00, 373, 345, 0, 84, 1, 1, 'Live'),
(4398, 321, 0.25, 373, 345, 0, 84, 1, 1, 'Live'),
(4399, 320, 0.40, 373, 345, 0, 85, 1, 1, 'Live'),
(4400, 326, 15.00, 373, 345, 0, 85, 1, 1, 'Live'),
(4401, 227, 25.00, 373, 345, 0, 85, 1, 1, 'Live'),
(4402, 100, 5.00, 373, 345, 0, 85, 1, 1, 'Live'),
(4403, 323, 50.00, 373, 345, 0, 85, 1, 1, 'Live'),
(4404, 212, 60.00, 373, 345, 0, 85, 1, 1, 'Live'),
(4405, 333, 15.00, 373, 345, 0, 1, 1, 1, 'Live'),
(4406, 267, 3.00, 373, 345, 0, 1, 1, 1, 'Live'),
(4407, 320, 0.50, 373, 345, 0, 1, 1, 1, 'Live'),
(4408, 98, 10.00, 373, 345, 0, 1, 1, 1, 'Live'),
(4409, 12, 10.00, 373, 345, 0, 1, 1, 1, 'Live'),
(4410, 250, 20.00, 373, 345, 0, 1, 1, 1, 'Live'),
(4411, 16, 60.00, 373, 345, 0, 1, 1, 1, 'Live'),
(4412, 218, 2.00, 373, 345, 0, 1, 1, 1, 'Live'),
(4413, 209, 15.00, 373, 345, 0, 1, 1, 1, 'Live'),
(4414, 301, 1.30, 373, 345, 0, 1, 1, 1, 'Live'),
(4415, 333, 10.00, 373, 345, 0, 2, 1, 1, 'Live'),
(4416, 267, 3.00, 373, 345, 0, 2, 1, 1, 'Live'),
(4417, 320, 0.25, 373, 345, 0, 2, 1, 1, 'Live'),
(4418, 12, 10.00, 373, 345, 0, 2, 1, 1, 'Live'),
(4419, 250, 10.00, 373, 345, 0, 2, 1, 1, 'Live'),
(4420, 17, 5.00, 373, 345, 0, 2, 1, 1, 'Live'),
(4421, 323, 20.00, 373, 345, 0, 2, 1, 1, 'Live'),
(4422, 16, 55.00, 373, 345, 0, 2, 1, 1, 'Live'),
(4423, 209, 10.00, 373, 345, 0, 2, 1, 1, 'Live'),
(4424, 301, 0.30, 373, 345, 0, 2, 1, 1, 'Live'),
(4425, 204, 83.50, 373, 345, 0, 2, 1, 1, 'Live'),
(4426, 190, 50.00, 373, 345, 0, 2, 1, 1, 'Live'),
(4427, 322, 10.00, 373, 345, 0, 83, 1, 1, 'Live'),
(4428, 320, 0.20, 373, 345, 0, 83, 1, 1, 'Live'),
(4429, 326, 15.00, 373, 345, 0, 83, 1, 1, 'Live'),
(4430, 100, 5.00, 373, 345, 0, 83, 1, 1, 'Live'),
(4431, 323, 20.00, 373, 345, 0, 83, 1, 1, 'Live'),
(4432, 315, 0.50, 373, 345, 0, 83, 1, 1, 'Live'),
(4433, 322, 10.00, 374, 346, 0, 84, 1, 1, 'Live'),
(4434, 320, 0.20, 374, 346, 0, 84, 1, 1, 'Live'),
(4435, 51, 20.00, 374, 346, 0, 84, 1, 1, 'Live'),
(4436, 326, 15.00, 374, 346, 0, 84, 1, 1, 'Live'),
(4437, 227, 25.00, 374, 346, 0, 84, 1, 1, 'Live'),
(4438, 53, 5.00, 374, 346, 0, 84, 1, 1, 'Live'),
(4439, 323, 20.00, 374, 346, 0, 84, 1, 1, 'Live'),
(4440, 321, 0.25, 374, 346, 0, 84, 1, 1, 'Live'),
(4441, 322, 10.00, 375, 347, 0, 84, 1, 1, 'Live'),
(4442, 320, 0.20, 375, 347, 0, 84, 1, 1, 'Live'),
(4443, 51, 20.00, 375, 347, 0, 84, 1, 1, 'Live'),
(4444, 326, 15.00, 375, 347, 0, 84, 1, 1, 'Live'),
(4445, 227, 25.00, 375, 347, 0, 84, 1, 1, 'Live'),
(4446, 53, 5.00, 375, 347, 0, 84, 1, 1, 'Live'),
(4447, 323, 20.00, 375, 347, 0, 84, 1, 1, 'Live'),
(4448, 321, 0.25, 375, 347, 0, 84, 1, 1, 'Live'),
(4449, 322, 10.00, 376, 348, 0, 84, 1, 1, 'Live'),
(4450, 320, 0.20, 376, 348, 0, 84, 1, 1, 'Live'),
(4451, 51, 20.00, 376, 348, 0, 84, 1, 1, 'Live'),
(4452, 326, 15.00, 376, 348, 0, 84, 1, 1, 'Live'),
(4453, 227, 25.00, 376, 348, 0, 84, 1, 1, 'Live'),
(4454, 53, 5.00, 376, 348, 0, 84, 1, 1, 'Live'),
(4455, 323, 20.00, 376, 348, 0, 84, 1, 1, 'Live'),
(4456, 321, 0.25, 376, 348, 0, 84, 1, 1, 'Live');

-- --------------------------------------------------------

--
-- Table structure for table `tbl_sale_consumptions_of_modifiers_of_menus`
--

CREATE TABLE `tbl_sale_consumptions_of_modifiers_of_menus` (
  `id` bigint(50) NOT NULL,
  `ingredient_id` int(10) DEFAULT NULL,
  `consumption` float(10,2) DEFAULT NULL,
  `sale_consumption_id` int(10) DEFAULT NULL,
  `sales_id` int(10) NOT NULL,
  `order_status` tinyint(1) NOT NULL COMMENT '1=new order,2=invoiced order, 3=closed order',
  `food_menu_id` int(10) NOT NULL,
  `user_id` int(10) DEFAULT NULL,
  `outlet_id` int(10) DEFAULT NULL,
  `del_status` varchar(50) DEFAULT 'Live'
) ENGINE=InnoDB DEFAULT CHARSET=utf8 ROW_FORMAT=COMPACT;

--
-- Dumping data for table `tbl_sale_consumptions_of_modifiers_of_menus`
--

INSERT INTO `tbl_sale_consumptions_of_modifiers_of_menus` (`id`, `ingredient_id`, `consumption`, `sale_consumption_id`, `sales_id`, `order_status`, `food_menu_id`, `user_id`, `outlet_id`, `del_status`) VALUES
(5, 254, 35.00, 77, 57, 0, 85, 1, 1, 'Live'),
(6, 17, 17.00, 77, 57, 0, 85, 1, 1, 'Live'),
(7, 16, 84.00, 77, 57, 0, 85, 1, 1, 'Live'),
(8, 285, 1.00, 77, 57, 0, 85, 1, 1, 'Live'),
(9, 254, 35.00, 101, 81, 0, 84, 1, 1, 'Live'),
(14, 254, 35.00, 126, 105, 0, 84, 1, 1, 'Live'),
(19, 221, 50.00, 135, 104, 0, 84, 1, 1, 'Live'),
(20, 254, 35.00, 135, 104, 0, 84, 1, 1, 'Live'),
(21, 17, 17.00, 135, 104, 0, 84, 1, 1, 'Live'),
(22, 16, 84.00, 135, 104, 0, 84, 1, 1, 'Live'),
(23, 17, 85.00, 136, 113, 0, 85, 1, 1, 'Live'),
(24, 16, 420.00, 136, 113, 0, 85, 1, 1, 'Live'),
(25, 283, 1.00, 136, 113, 0, 85, 1, 1, 'Live'),
(26, 219, 10.00, 136, 113, 0, 85, 1, 1, 'Live'),
(27, 221, 50.00, 237, 214, 0, 85, 1, 1, 'Live'),
(28, 254, 35.00, 237, 214, 0, 85, 1, 1, 'Live'),
(29, 17, 17.00, 237, 214, 0, 85, 1, 1, 'Live'),
(30, 16, 84.00, 237, 214, 0, 85, 1, 1, 'Live'),
(31, 285, 1.00, 237, 214, 0, 85, 1, 1, 'Live'),
(32, 283, 1.00, 237, 214, 0, 85, 1, 1, 'Live'),
(33, 219, 10.00, 237, 214, 0, 85, 1, 1, 'Live'),
(34, 221, 50.00, 314, 290, 0, 84, 1, 1, 'Live'),
(35, 254, 35.00, 314, 290, 0, 84, 1, 1, 'Live'),
(36, 17, 17.00, 314, 290, 0, 84, 1, 1, 'Live'),
(37, 16, 84.00, 314, 290, 0, 84, 1, 1, 'Live'),
(38, 285, 1.00, 314, 290, 0, 84, 1, 1, 'Live'),
(39, 283, 1.00, 314, 290, 0, 84, 1, 1, 'Live'),
(40, 219, 10.00, 314, 290, 0, 84, 1, 1, 'Live'),
(41, 221, 50.00, 314, 290, 0, 84, 1, 1, 'Live'),
(42, 254, 35.00, 314, 290, 0, 84, 1, 1, 'Live'),
(43, 17, 17.00, 314, 290, 0, 84, 1, 1, 'Live'),
(44, 16, 84.00, 314, 290, 0, 84, 1, 1, 'Live'),
(45, 285, 1.00, 314, 290, 0, 84, 1, 1, 'Live'),
(46, 283, 1.00, 314, 290, 0, 84, 1, 1, 'Live'),
(47, 219, 10.00, 314, 290, 0, 84, 1, 1, 'Live'),
(48, 221, 50.00, 331, 306, 0, 83, 1, 1, 'Live'),
(49, 221, 50.00, 333, 308, 0, 85, 1, 1, 'Live'),
(50, 254, 35.00, 333, 308, 0, 85, 1, 1, 'Live'),
(51, 186, 30.00, 344, 318, 0, 2, 1, 1, 'Live'),
(52, 246, 100.00, 344, 318, 0, 2, 1, 1, 'Live'),
(53, 186, 30.00, 344, 318, 0, 2, 1, 1, 'Live'),
(54, 246, 100.00, 344, 318, 0, 2, 1, 1, 'Live'),
(55, 299, 20.00, 344, 318, 0, 2, 1, 1, 'Live'),
(56, 186, 30.00, 344, 318, 0, 2, 1, 1, 'Live'),
(57, 246, 100.00, 344, 318, 0, 2, 1, 1, 'Live'),
(58, 22, 20.00, 344, 318, 0, 2, 1, 1, 'Live'),
(59, 186, 30.00, 344, 318, 0, 2, 1, 1, 'Live'),
(60, 246, 100.00, 344, 318, 0, 2, 1, 1, 'Live'),
(61, 300, 30.00, 344, 318, 0, 2, 1, 1, 'Live'),
(62, 221, 50.00, 346, 320, 0, 84, 1, 1, 'Live'),
(63, 254, 35.00, 346, 320, 0, 84, 1, 1, 'Live'),
(64, 17, 17.00, 346, 320, 0, 84, 1, 1, 'Live'),
(65, 16, 84.00, 346, 320, 0, 84, 1, 1, 'Live'),
(66, 221, 50.00, 355, 329, 0, 84, 1, 1, 'Live'),
(67, 254, 35.00, 355, 329, 0, 84, 1, 1, 'Live'),
(68, 17, 17.00, 355, 329, 0, 84, 1, 1, 'Live'),
(69, 16, 84.00, 355, 329, 0, 84, 1, 1, 'Live'),
(70, 285, 1.00, 355, 329, 0, 84, 1, 1, 'Live'),
(71, 283, 1.00, 355, 329, 0, 84, 1, 1, 'Live'),
(72, 219, 10.00, 355, 329, 0, 84, 1, 1, 'Live'),
(73, 221, 50.00, 356, 330, 0, 84, 1, 1, 'Live'),
(74, 254, 35.00, 356, 330, 0, 84, 1, 1, 'Live'),
(75, 17, 17.00, 356, 330, 0, 84, 1, 1, 'Live'),
(76, 16, 84.00, 356, 330, 0, 84, 1, 1, 'Live'),
(77, 285, 1.00, 356, 330, 0, 84, 1, 1, 'Live'),
(78, 283, 1.00, 356, 330, 0, 84, 1, 1, 'Live'),
(79, 219, 10.00, 356, 330, 0, 84, 1, 1, 'Live'),
(80, 221, 50.00, 357, 331, 0, 84, 1, 1, 'Live'),
(81, 254, 35.00, 357, 331, 0, 84, 1, 1, 'Live'),
(82, 17, 17.00, 357, 331, 0, 84, 1, 1, 'Live'),
(83, 16, 84.00, 357, 331, 0, 84, 1, 1, 'Live'),
(84, 285, 1.00, 357, 331, 0, 84, 1, 1, 'Live'),
(85, 283, 1.00, 357, 331, 0, 84, 1, 1, 'Live'),
(86, 219, 10.00, 357, 331, 0, 84, 1, 1, 'Live'),
(87, 221, 50.00, 358, 332, 0, 84, 1, 1, 'Live'),
(88, 254, 35.00, 358, 332, 0, 84, 1, 1, 'Live'),
(89, 17, 17.00, 358, 332, 0, 84, 1, 1, 'Live'),
(90, 16, 84.00, 358, 332, 0, 84, 1, 1, 'Live'),
(91, 285, 1.00, 358, 332, 0, 84, 1, 1, 'Live'),
(92, 283, 1.00, 358, 332, 0, 84, 1, 1, 'Live'),
(93, 219, 10.00, 358, 332, 0, 84, 1, 1, 'Live');

-- --------------------------------------------------------

--
-- Table structure for table `tbl_settings`
--

CREATE TABLE `tbl_settings` (
  `id` int(11) NOT NULL,
  `date_format` varchar(20) DEFAULT NULL,
  `time_zone` varchar(50) DEFAULT NULL,
  `currency` varchar(50) DEFAULT NULL,
  `company_id` int(11) DEFAULT NULL,
  `del_status` varchar(10) NOT NULL DEFAULT 'Live'
) ENGINE=InnoDB DEFAULT CHARSET=utf32;

--
-- Dumping data for table `tbl_settings`
--

INSERT INTO `tbl_settings` (`id`, `date_format`, `time_zone`, `currency`, `company_id`, `del_status`) VALUES
(4, 'd/m/Y', 'Asia/Jakarta', 'Rp.', 1, 'Live');

-- --------------------------------------------------------

--
-- Table structure for table `tbl_sms_settings`
--

CREATE TABLE `tbl_sms_settings` (
  `id` int(11) NOT NULL,
  `email_address` varchar(200) COLLATE utf8_unicode_ci DEFAULT NULL,
  `password` varchar(50) COLLATE utf8_unicode_ci DEFAULT NULL,
  `company_id` int(11) DEFAULT NULL,
  `del_status` varchar(10) COLLATE utf8_unicode_ci NOT NULL DEFAULT 'Live'
) ENGINE=MyISAM DEFAULT CHARSET=utf8 COLLATE=utf8_unicode_ci;

--
-- Dumping data for table `tbl_sms_settings`
--

INSERT INTO `tbl_sms_settings` (`id`, `email_address`, `password`, `company_id`, `del_status`) VALUES
(1, '', '', 1, 'Live');

-- --------------------------------------------------------

--
-- Table structure for table `tbl_suppliers`
--

CREATE TABLE `tbl_suppliers` (
  `id` int(10) NOT NULL,
  `name` varchar(50) DEFAULT NULL,
  `contact_person` varchar(50) DEFAULT NULL,
  `phone` varchar(50) DEFAULT NULL,
  `email` varchar(100) DEFAULT NULL,
  `address` varchar(300) DEFAULT NULL,
  `description` varchar(500) DEFAULT NULL,
  `user_id` int(11) DEFAULT NULL,
  `company_id` int(11) DEFAULT NULL,
  `del_status` varchar(10) DEFAULT 'Live'
) ENGINE=InnoDB DEFAULT CHARSET=utf8;

--
-- Dumping data for table `tbl_suppliers`
--

INSERT INTO `tbl_suppliers` (`id`, `name`, `contact_person`, `phone`, `email`, `address`, `description`, `user_id`, `company_id`, `del_status`) VALUES
(1, 'ilah', '08111111', '0111111', '', '', '', 1, 1, 'Live'),
(2, 'Hariansyah', '09090909 validate work?', '09090909alidate work?', 'testing validation', 'Address undefined', 'Description OK', 1, 1, 'Live');

-- --------------------------------------------------------

--
-- Table structure for table `tbl_supplier_payments`
--

CREATE TABLE `tbl_supplier_payments` (
  `id` int(10) NOT NULL,
  `date` date DEFAULT NULL,
  `supplier_id` int(11) DEFAULT NULL,
  `amount` float(10,2) DEFAULT NULL,
  `note` varchar(200) DEFAULT NULL,
  `user_id` int(10) DEFAULT NULL,
  `outlet_id` int(10) DEFAULT NULL,
  `del_status` varchar(50) DEFAULT 'Live'
) ENGINE=InnoDB DEFAULT CHARSET=utf8;

--
-- Dumping data for table `tbl_supplier_payments`
--

INSERT INTO `tbl_supplier_payments` (`id`, `date`, `supplier_id`, `amount`, `note`, `user_id`, `outlet_id`, `del_status`) VALUES
(1, '2020-02-18', 1, 10000.00, '', 1, 1, 'Live');

-- --------------------------------------------------------

--
-- Table structure for table `tbl_tables`
--

CREATE TABLE `tbl_tables` (
  `id` int(10) NOT NULL,
  `name` varchar(50) DEFAULT NULL,
  `sit_capacity` varchar(50) DEFAULT NULL,
  `position` varchar(50) DEFAULT NULL,
  `description` varchar(100) DEFAULT NULL,
  `user_id` int(10) DEFAULT NULL,
  `outlet_id` int(10) DEFAULT NULL,
  `company_id` int(10) DEFAULT NULL,
  `del_status` varchar(50) DEFAULT 'Live'
) ENGINE=InnoDB DEFAULT CHARSET=utf8;

--
-- Dumping data for table `tbl_tables`
--

INSERT INTO `tbl_tables` (`id`, `name`, `sit_capacity`, `position`, `description`, `user_id`, `outlet_id`, `company_id`, `del_status`) VALUES
(1, 'Meja 1', '5', 'bawah', '', 1, 1, 1, 'Live'),
(2, 'Meja 2', '4', 'atas', '', 1, 1, 1, 'Live'),
(3, 'Meja 3', '5', 'bawah', '', 1, 1, 1, 'Live');

-- --------------------------------------------------------

--
-- Table structure for table `tbl_temp_kot`
--

CREATE TABLE `tbl_temp_kot` (
  `id` int(10) NOT NULL,
  `temp_kot_info` text NOT NULL
) ENGINE=InnoDB DEFAULT CHARSET=utf8;

--
-- Dumping data for table `tbl_temp_kot`
--

INSERT INTO `tbl_temp_kot` (`id`, `temp_kot_info`) VALUES
(4, '{\"order_number\":\"A 000013\",\"order_date\":\"2019-12-08 13:22:23\",\"customer_name\":\"edi\",\"table_name\":\"Meja 1, Meja 1\",\"waiter_name\":\"Nazmul\",\"order_type\":\"Dine In\",\"items\":[{\"kot_item_name\":\"Fried Rice with sausage (601)\", \"kot_item_qty\":\"1\",\"modifiers\":\"\"},{\"kot_item_name\":\"Fish Set (602)\", \"kot_item_qty\":\"1\",\"modifiers\":\"\"}]}'),
(13, '{\"order_number\":\"B 000298\",\"order_date\":\"2020-02-24 18:23:45\",\"customer_name\":\"edi\",\"table_name\":\"None\",\"waiter_name\":\"None\",\"order_type\":\"Take Away\",\"items\":[{\"kot_item_name\":\"Kulit Crispy Telur Asin (727)\", \"kot_item_qty\":\"1\",\"modifiers\":\"\"}]}'),
(14, '{\"order_number\":\"B 000298\",\"order_date\":\"2020-02-24 18:23:45\",\"customer_name\":\"edi\",\"table_name\":\"None\",\"waiter_name\":\"None\",\"order_type\":\"Take Away\",\"items\":[{\"kot_item_name\":\"Kulit Crispy Telur Asin (727)\", \"kot_item_qty\":\"1\",\"modifiers\":\"\"}]}'),
(15, '{\"order_number\":\"B 000298\",\"order_date\":\"2020-02-24 18:23:45\",\"customer_name\":\"edi\",\"table_name\":\"None\",\"waiter_name\":\"None\",\"order_type\":\"Take Away\",\"items\":[{\"kot_item_name\":\"Kulit Crispy Telur Asin (727)\", \"kot_item_qty\":\"1\",\"modifiers\":\"\"}]}'),
(21, '{\"order_number\":\"B 000317\",\"order_date\":\"2020-02-27 19:05:43\",\"customer_name\":\"Walk-in Customer\",\"table_name\":\"None\",\"waiter_name\":\"None\",\"order_type\":\"Take Away\",\"items\":[{\"kot_item_name\":\"Sencha - Japanese Green Tea (1301)\", \"kot_item_qty\":\"1\",\"modifiers\":\"\"},{\"kot_item_name\":\"Tahu Crispy (0720)\", \"kot_item_qty\":\"1\",\"modifiers\":\"\"},{\"kot_item_name\":\"Kulit Crispy (723)\", \"kot_item_qty\":\"1\",\"modifiers\":\"\"},{\"kot_item_name\":\"Pete 1 Papan (724)\", \"kot_item_qty\":\"1\",\"modifiers\":\"\"},{\"kot_item_name\":\"Fish Set (0602)\", \"kot_item_qty\":\"1\",\"modifiers\":\"\"},{\"kot_item_name\":\"Fried Rice with sausage (0601)\", \"kot_item_qty\":\"1\",\"modifiers\":\"\"},{\"kot_item_name\":\"Kulit Crispy Telur Asin (727)\", \"kot_item_qty\":\"1\",\"modifiers\":\"\"},{\"kot_item_name\":\"Jamur Crispy (0725)\", \"kot_item_qty\":\"1\",\"modifiers\":\"\"},{\"kot_item_name\":\"Tempe Crispy (0721)\", \"kot_item_qty\":\"1\",\"modifiers\":\"\"}]}'),
(22, '{\"order_number\":\"B 000317\",\"order_date\":\"2020-02-27 19:05:43\",\"customer_name\":\"Walk-in Customer\",\"table_name\":\"None\",\"waiter_name\":\"None\",\"order_type\":\"Take Away\",\"items\":[{\"kot_item_name\":\"Sencha - Japanese Green Tea (1301)\", \"kot_item_qty\":\"1\",\"modifiers\":\"\"},{\"kot_item_name\":\"Tahu Crispy (0720)\", \"kot_item_qty\":\"1\",\"modifiers\":\"\"},{\"kot_item_name\":\"Kulit Crispy (723)\", \"kot_item_qty\":\"1\",\"modifiers\":\"\"},{\"kot_item_name\":\"Pete 1 Papan (724)\", \"kot_item_qty\":\"1\",\"modifiers\":\"\"},{\"kot_item_name\":\"Fish Set (0602)\", \"kot_item_qty\":\"1\",\"modifiers\":\"\"},{\"kot_item_name\":\"Fried Rice with sausage (0601)\", \"kot_item_qty\":\"1\",\"modifiers\":\"\"},{\"kot_item_name\":\"Kulit Crispy Telur Asin (727)\", \"kot_item_qty\":\"1\",\"modifiers\":\"\"},{\"kot_item_name\":\"Jamur Crispy (0725)\", \"kot_item_qty\":\"1\",\"modifiers\":\"\"},{\"kot_item_name\":\"Tempe Crispy (0721)\", \"kot_item_qty\":\"1\",\"modifiers\":\"\"}]}');

-- --------------------------------------------------------

--
-- Table structure for table `tbl_time_zone`
--

CREATE TABLE `tbl_time_zone` (
  `id` int(10) NOT NULL,
  `country_code` varchar(2) DEFAULT NULL,
  `zone_name` varchar(35) DEFAULT NULL,
  `del_status` varchar(10) DEFAULT 'Live'
) ENGINE=InnoDB DEFAULT CHARSET=utf32;

--
-- Dumping data for table `tbl_time_zone`
--

INSERT INTO `tbl_time_zone` (`id`, `country_code`, `zone_name`, `del_status`) VALUES
(1, 'AD', 'Europe/Andorra', 'Live'),
(2, 'AE', 'Asia/Dubai', 'Live'),
(3, 'AF', 'Asia/Kabul', 'Live'),
(4, 'AG', 'America/Antigua', 'Live'),
(5, 'AI', 'America/Anguilla', 'Live'),
(6, 'AL', 'Europe/Tirane', 'Live'),
(7, 'AM', 'Asia/Yerevan', 'Live'),
(8, 'AO', 'Africa/Luanda', 'Live'),
(9, 'AQ', 'Antarctica/McMurdo', 'Live'),
(10, 'AQ', 'Antarctica/Casey', 'Live'),
(11, 'AQ', 'Antarctica/Davis', 'Live'),
(12, 'AQ', 'Antarctica/DumontDUrville', 'Live'),
(13, 'AQ', 'Antarctica/Mawson', 'Live'),
(14, 'AQ', 'Antarctica/Palmer', 'Live'),
(15, 'AQ', 'Antarctica/Rothera', 'Live'),
(16, 'AQ', 'Antarctica/Syowa', 'Live'),
(17, 'AQ', 'Antarctica/Troll', 'Live'),
(18, 'AQ', 'Antarctica/Vostok', 'Live'),
(19, 'AR', 'America/Argentina/Buenos_Aires', 'Live'),
(20, 'AR', 'America/Argentina/Cordoba', 'Live'),
(21, 'AR', 'America/Argentina/Salta', 'Live'),
(22, 'AR', 'America/Argentina/Jujuy', 'Live'),
(23, 'AR', 'America/Argentina/Tucuman', 'Live'),
(24, 'AR', 'America/Argentina/Catamarca', 'Live'),
(25, 'AR', 'America/Argentina/La_Rioja', 'Live'),
(26, 'AR', 'America/Argentina/San_Juan', 'Live'),
(27, 'AR', 'America/Argentina/Mendoza', 'Live'),
(28, 'AR', 'America/Argentina/San_Luis', 'Live'),
(29, 'AR', 'America/Argentina/Rio_Gallegos', 'Live'),
(30, 'AR', 'America/Argentina/Ushuaia', 'Live'),
(31, 'AS', 'Pacific/Pago_Pago', 'Live'),
(32, 'AT', 'Europe/Vienna', 'Live'),
(33, 'AU', 'Australia/Lord_Howe', 'Live'),
(34, 'AU', 'Antarctica/Macquarie', 'Live'),
(35, 'AU', 'Australia/Hobart', 'Live'),
(36, 'AU', 'Australia/Currie', 'Live'),
(37, 'AU', 'Australia/Melbourne', 'Live'),
(38, 'AU', 'Australia/Sydney', 'Live'),
(39, 'AU', 'Australia/Broken_Hill', 'Live'),
(40, 'AU', 'Australia/Brisbane', 'Live'),
(41, 'AU', 'Australia/Lindeman', 'Live'),
(42, 'AU', 'Australia/Adelaide', 'Live'),
(43, 'AU', 'Australia/Darwin', 'Live'),
(44, 'AU', 'Australia/Perth', 'Live'),
(45, 'AU', 'Australia/Eucla', 'Live'),
(46, 'AW', 'America/Aruba', 'Live'),
(47, 'AX', 'Europe/Mariehamn', 'Live'),
(48, 'AZ', 'Asia/Baku', 'Live'),
(49, 'BA', 'Europe/Sarajevo', 'Live'),
(50, 'BB', 'America/Barbados', 'Live'),
(51, 'BD', 'Asia/Dhaka', 'Live'),
(52, 'BE', 'Europe/Brussels', 'Live'),
(53, 'BF', 'Africa/Ouagadougou', 'Live'),
(54, 'BG', 'Europe/Sofia', 'Live'),
(55, 'BH', 'Asia/Bahrain', 'Live'),
(56, 'BI', 'Africa/Bujumbura', 'Live'),
(57, 'BJ', 'Africa/Porto-Novo', 'Live'),
(58, 'BL', 'America/St_Barthelemy', 'Live'),
(59, 'BM', 'Atlantic/Bermuda', 'Live'),
(60, 'BN', 'Asia/Brunei', 'Live'),
(61, 'BO', 'America/La_Paz', 'Live'),
(62, 'BQ', 'America/Kralendijk', 'Live'),
(63, 'BR', 'America/Noronha', 'Live'),
(64, 'BR', 'America/Belem', 'Live'),
(65, 'BR', 'America/Fortaleza', 'Live'),
(66, 'BR', 'America/Recife', 'Live'),
(67, 'BR', 'America/Araguaina', 'Live'),
(68, 'BR', 'America/Maceio', 'Live'),
(69, 'BR', 'America/Bahia', 'Live'),
(70, 'BR', 'America/Sao_Paulo', 'Live'),
(71, 'BR', 'America/Campo_Grande', 'Live'),
(72, 'BR', 'America/Cuiaba', 'Live'),
(73, 'BR', 'America/Santarem', 'Live'),
(74, 'BR', 'America/Porto_Velho', 'Live'),
(75, 'BR', 'America/Boa_Vista', 'Live'),
(76, 'BR', 'America/Manaus', 'Live'),
(77, 'BR', 'America/Eirunepe', 'Live'),
(78, 'BR', 'America/Rio_Branco', 'Live'),
(79, 'BS', 'America/Nassau', 'Live'),
(80, 'BT', 'Asia/Thimphu', 'Live'),
(81, 'BW', 'Africa/Gaborone', 'Live'),
(82, 'BY', 'Europe/Minsk', 'Live'),
(83, 'BZ', 'America/Belize', 'Live'),
(84, 'CA', 'America/St_Johns', 'Live'),
(85, 'CA', 'America/Halifax', 'Live'),
(86, 'CA', 'America/Glace_Bay', 'Live'),
(87, 'CA', 'America/Moncton', 'Live'),
(88, 'CA', 'America/Goose_Bay', 'Live'),
(89, 'CA', 'America/Blanc-Sablon', 'Live'),
(90, 'CA', 'America/Toronto', 'Live'),
(91, 'CA', 'America/Nipigon', 'Live'),
(92, 'CA', 'America/Thunder_Bay', 'Live'),
(93, 'CA', 'America/Iqaluit', 'Live'),
(94, 'CA', 'America/Pangnirtung', 'Live'),
(95, 'CA', 'America/Atikokan', 'Live'),
(96, 'CA', 'America/Winnipeg', 'Live'),
(97, 'CA', 'America/Rainy_River', 'Live'),
(98, 'CA', 'America/Resolute', 'Live'),
(99, 'CA', 'America/Rankin_Inlet', 'Live'),
(100, 'CA', 'America/Regina', 'Live'),
(101, 'CA', 'America/Swift_Current', 'Live'),
(102, 'CA', 'America/Edmonton', 'Live'),
(103, 'CA', 'America/Cambridge_Bay', 'Live'),
(104, 'CA', 'America/Yellowknife', 'Live'),
(105, 'CA', 'America/Inuvik', 'Live'),
(106, 'CA', 'America/Creston', 'Live'),
(107, 'CA', 'America/Dawson_Creek', 'Live'),
(108, 'CA', 'America/Fort_Nelson', 'Live'),
(109, 'CA', 'America/Vancouver', 'Live'),
(110, 'CA', 'America/Whitehorse', 'Live'),
(111, 'CA', 'America/Dawson', 'Live'),
(112, 'CC', 'Indian/Cocos', 'Live'),
(113, 'CD', 'Africa/Kinshasa', 'Live'),
(114, 'CD', 'Africa/Lubumbashi', 'Live'),
(115, 'CF', 'Africa/Bangui', 'Live'),
(116, 'CG', 'Africa/Brazzaville', 'Live'),
(117, 'CH', 'Europe/Zurich', 'Live'),
(118, 'CI', 'Africa/Abidjan', 'Live'),
(119, 'CK', 'Pacific/Rarotonga', 'Live'),
(120, 'CL', 'America/Santiago', 'Live'),
(121, 'CL', 'America/Punta_Arenas', 'Live'),
(122, 'CL', 'Pacific/Easter', 'Live'),
(123, 'CM', 'Africa/Douala', 'Live'),
(124, 'CN', 'Asia/Shanghai', 'Live'),
(125, 'CN', 'Asia/Urumqi', 'Live'),
(126, 'CO', 'America/Bogota', 'Live'),
(127, 'CR', 'America/Costa_Rica', 'Live'),
(128, 'CU', 'America/Havana', 'Live'),
(129, 'CV', 'Atlantic/Cape_Verde', 'Live'),
(130, 'CW', 'America/Curacao', 'Live'),
(131, 'CX', 'Indian/Christmas', 'Live'),
(132, 'CY', 'Asia/Nicosia', 'Live'),
(133, 'CY', 'Asia/Famagusta', 'Live'),
(134, 'CZ', 'Europe/Prague', 'Live'),
(135, 'DE', 'Europe/Berlin', 'Live'),
(136, 'DE', 'Europe/Busingen', 'Live'),
(137, 'DJ', 'Africa/Djibouti', 'Live'),
(138, 'DK', 'Europe/Copenhagen', 'Live'),
(139, 'DM', 'America/Dominica', 'Live'),
(140, 'DO', 'America/Santo_Domingo', 'Live'),
(141, 'DZ', 'Africa/Algiers', 'Live'),
(142, 'EC', 'America/Guayaquil', 'Live'),
(143, 'EC', 'Pacific/Galapagos', 'Live'),
(144, 'EE', 'Europe/Tallinn', 'Live'),
(145, 'EG', 'Africa/Cairo', 'Live'),
(146, 'EH', 'Africa/El_Aaiun', 'Live'),
(147, 'ER', 'Africa/Asmara', 'Live'),
(148, 'ES', 'Europe/Madrid', 'Live'),
(149, 'ES', 'Africa/Ceuta', 'Live'),
(150, 'ES', 'Atlantic/Canary', 'Live'),
(151, 'ET', 'Africa/Addis_Ababa', 'Live'),
(152, 'FI', 'Europe/Helsinki', 'Live'),
(153, 'FJ', 'Pacific/Fiji', 'Live'),
(154, 'FK', 'Atlantic/Stanley', 'Live'),
(155, 'FM', 'Pacific/Chuuk', 'Live'),
(156, 'FM', 'Pacific/Pohnpei', 'Live'),
(157, 'FM', 'Pacific/Kosrae', 'Live'),
(158, 'FO', 'Atlantic/Faroe', 'Live'),
(159, 'FR', 'Europe/Paris', 'Live'),
(160, 'GA', 'Africa/Libreville', 'Live'),
(161, 'GB', 'Europe/London', 'Live'),
(162, 'GD', 'America/Grenada', 'Live'),
(163, 'GE', 'Asia/Tbilisi', 'Live'),
(164, 'GF', 'America/Cayenne', 'Live'),
(165, 'GG', 'Europe/Guernsey', 'Live'),
(166, 'GH', 'Africa/Accra', 'Live'),
(167, 'GI', 'Europe/Gibraltar', 'Live'),
(168, 'GL', 'America/Godthab', 'Live'),
(169, 'GL', 'America/Danmarkshavn', 'Live'),
(170, 'GL', 'America/Scoresbysund', 'Live'),
(171, 'GL', 'America/Thule', 'Live'),
(172, 'GM', 'Africa/Banjul', 'Live'),
(173, 'GN', 'Africa/Conakry', 'Live'),
(174, 'GP', 'America/Guadeloupe', 'Live'),
(175, 'GQ', 'Africa/Malabo', 'Live'),
(176, 'GR', 'Europe/Athens', 'Live'),
(177, 'GS', 'Atlantic/South_Georgia', 'Live'),
(178, 'GT', 'America/Guatemala', 'Live'),
(179, 'GU', 'Pacific/Guam', 'Live'),
(180, 'GW', 'Africa/Bissau', 'Live'),
(181, 'GY', 'America/Guyana', 'Live'),
(182, 'HK', 'Asia/Hong_Kong', 'Live'),
(183, 'HN', 'America/Tegucigalpa', 'Live'),
(184, 'HR', 'Europe/Zagreb', 'Live'),
(185, 'HT', 'America/Port-au-Prince', 'Live'),
(186, 'HU', 'Europe/Budapest', 'Live'),
(187, 'ID', 'Asia/Jakarta', 'Live'),
(188, 'ID', 'Asia/Pontianak', 'Live'),
(189, 'ID', 'Asia/Makassar', 'Live'),
(190, 'ID', 'Asia/Jayapura', 'Live'),
(191, 'IE', 'Europe/Dublin', 'Live'),
(192, 'IL', 'Asia/Jerusalem', 'Live'),
(193, 'IM', 'Europe/Isle_of_Man', 'Live'),
(194, 'IN', 'Asia/Kolkata', 'Live'),
(195, 'IO', 'Indian/Chagos', 'Live'),
(196, 'IQ', 'Asia/Baghdad', 'Live'),
(197, 'IR', 'Asia/Tehran', 'Live'),
(198, 'IS', 'Atlantic/Reykjavik', 'Live'),
(199, 'IT', 'Europe/Rome', 'Live'),
(200, 'JE', 'Europe/Jersey', 'Live'),
(201, 'JM', 'America/Jamaica', 'Live'),
(202, 'JO', 'Asia/Amman', 'Live'),
(203, 'JP', 'Asia/Tokyo', 'Live'),
(204, 'KE', 'Africa/Nairobi', 'Live'),
(205, 'KG', 'Asia/Bishkek', 'Live'),
(206, 'KH', 'Asia/Phnom_Penh', 'Live'),
(207, 'KI', 'Pacific/Tarawa', 'Live'),
(208, 'KI', 'Pacific/Enderbury', 'Live'),
(209, 'KI', 'Pacific/Kiritimati', 'Live'),
(210, 'KM', 'Indian/Comoro', 'Live'),
(211, 'KN', 'America/St_Kitts', 'Live'),
(212, 'KP', 'Asia/Pyongyang', 'Live'),
(213, 'KR', 'Asia/Seoul', 'Live'),
(214, 'KW', 'Asia/Kuwait', 'Live'),
(215, 'KY', 'America/Cayman', 'Live'),
(216, 'KZ', 'Asia/Almaty', 'Live'),
(217, 'KZ', 'Asia/Qyzylorda', 'Live'),
(218, 'KZ', 'Asia/Aqtobe', 'Live'),
(219, 'KZ', 'Asia/Aqtau', 'Live'),
(220, 'KZ', 'Asia/Atyrau', 'Live'),
(221, 'KZ', 'Asia/Oral', 'Live'),
(222, 'LA', 'Asia/Vientiane', 'Live'),
(223, 'LB', 'Asia/Beirut', 'Live'),
(224, 'LC', 'America/St_Lucia', 'Live'),
(225, 'LI', 'Europe/Vaduz', 'Live'),
(226, 'LK', 'Asia/Colombo', 'Live'),
(227, 'LR', 'Africa/Monrovia', 'Live'),
(228, 'LS', 'Africa/Maseru', 'Live'),
(229, 'LT', 'Europe/Vilnius', 'Live'),
(230, 'LU', 'Europe/Luxembourg', 'Live'),
(231, 'LV', 'Europe/Riga', 'Live'),
(232, 'LY', 'Africa/Tripoli', 'Live'),
(233, 'MA', 'Africa/Casablanca', 'Live'),
(234, 'MC', 'Europe/Monaco', 'Live'),
(235, 'MD', 'Europe/Chisinau', 'Live'),
(236, 'ME', 'Europe/Podgorica', 'Live'),
(237, 'MF', 'America/Marigot', 'Live'),
(238, 'MG', 'Indian/Antananarivo', 'Live'),
(239, 'MH', 'Pacific/Majuro', 'Live'),
(240, 'MH', 'Pacific/Kwajalein', 'Live'),
(241, 'MK', 'Europe/Skopje', 'Live'),
(242, 'ML', 'Africa/Bamako', 'Live'),
(243, 'MM', 'Asia/Yangon', 'Live'),
(244, 'MN', 'Asia/Ulaanbaatar', 'Live'),
(245, 'MN', 'Asia/Hovd', 'Live'),
(246, 'MN', 'Asia/Choibalsan', 'Live'),
(247, 'MO', 'Asia/Macau', 'Live'),
(248, 'MP', 'Pacific/Saipan', 'Live'),
(249, 'MQ', 'America/Martinique', 'Live'),
(250, 'MR', 'Africa/Nouakchott', 'Live'),
(251, 'MS', 'America/Montserrat', 'Live'),
(252, 'MT', 'Europe/Malta', 'Live'),
(253, 'MU', 'Indian/Mauritius', 'Live'),
(254, 'MV', 'Indian/Maldives', 'Live'),
(255, 'MW', 'Africa/Blantyre', 'Live'),
(256, 'MX', 'America/Mexico_City', 'Live'),
(257, 'MX', 'America/Cancun', 'Live'),
(258, 'MX', 'America/Merida', 'Live'),
(259, 'MX', 'America/Monterrey', 'Live'),
(260, 'MX', 'America/Matamoros', 'Live'),
(261, 'MX', 'America/Mazatlan', 'Live'),
(262, 'MX', 'America/Chihuahua', 'Live'),
(263, 'MX', 'America/Ojinaga', 'Live'),
(264, 'MX', 'America/Hermosillo', 'Live'),
(265, 'MX', 'America/Tijuana', 'Live'),
(266, 'MX', 'America/Bahia_Banderas', 'Live'),
(267, 'MY', 'Asia/Kuala_Lumpur', 'Live'),
(268, 'MY', 'Asia/Kuching', 'Live'),
(269, 'MZ', 'Africa/Maputo', 'Live'),
(270, 'NA', 'Africa/Windhoek', 'Live'),
(271, 'NC', 'Pacific/Noumea', 'Live'),
(272, 'NE', 'Africa/Niamey', 'Live'),
(273, 'NF', 'Pacific/Norfolk', 'Live'),
(274, 'NG', 'Africa/Lagos', 'Live'),
(275, 'NI', 'America/Managua', 'Live'),
(276, 'NL', 'Europe/Amsterdam', 'Live'),
(277, 'NO', 'Europe/Oslo', 'Live'),
(278, 'NP', 'Asia/Kathmandu', 'Live'),
(279, 'NR', 'Pacific/Nauru', 'Live'),
(280, 'NU', 'Pacific/Niue', 'Live'),
(281, 'NZ', 'Pacific/Auckland', 'Live'),
(282, 'NZ', 'Pacific/Chatham', 'Live'),
(283, 'OM', 'Asia/Muscat', 'Live'),
(284, 'PA', 'America/Panama', 'Live'),
(285, 'PE', 'America/Lima', 'Live'),
(286, 'PF', 'Pacific/Tahiti', 'Live'),
(287, 'PF', 'Pacific/Marquesas', 'Live'),
(288, 'PF', 'Pacific/Gambier', 'Live'),
(289, 'PG', 'Pacific/Port_Moresby', 'Live'),
(290, 'PG', 'Pacific/Bougainville', 'Live'),
(291, 'PH', 'Asia/Manila', 'Live'),
(292, 'PK', 'Asia/Karachi', 'Live'),
(293, 'PL', 'Europe/Warsaw', 'Live'),
(294, 'PM', 'America/Miquelon', 'Live'),
(295, 'PN', 'Pacific/Pitcairn', 'Live'),
(296, 'PR', 'America/Puerto_Rico', 'Live'),
(297, 'PS', 'Asia/Gaza', 'Live'),
(298, 'PS', 'Asia/Hebron', 'Live'),
(299, 'PT', 'Europe/Lisbon', 'Live'),
(300, 'PT', 'Atlantic/Madeira', 'Live'),
(301, 'PT', 'Atlantic/Azores', 'Live'),
(302, 'PW', 'Pacific/Palau', 'Live'),
(303, 'PY', 'America/Asuncion', 'Live'),
(304, 'QA', 'Asia/Qatar', 'Live'),
(305, 'RE', 'Indian/Reunion', 'Live'),
(306, 'RO', 'Europe/Bucharest', 'Live'),
(307, 'RS', 'Europe/Belgrade', 'Live'),
(308, 'RU', 'Europe/Kaliningrad', 'Live'),
(309, 'RU', 'Europe/Moscow', 'Live'),
(310, 'RU', 'Europe/Simferopol', 'Live'),
(311, 'RU', 'Europe/Volgograd', 'Live'),
(312, 'RU', 'Europe/Kirov', 'Live'),
(313, 'RU', 'Europe/Astrakhan', 'Live'),
(314, 'RU', 'Europe/Saratov', 'Live'),
(315, 'RU', 'Europe/Ulyanovsk', 'Live'),
(316, 'RU', 'Europe/Samara', 'Live'),
(317, 'RU', 'Asia/Yekaterinburg', 'Live'),
(318, 'RU', 'Asia/Omsk', 'Live'),
(319, 'RU', 'Asia/Novosibirsk', 'Live'),
(320, 'RU', 'Asia/Barnaul', 'Live'),
(321, 'RU', 'Asia/Tomsk', 'Live'),
(322, 'RU', 'Asia/Novokuznetsk', 'Live'),
(323, 'RU', 'Asia/Krasnoyarsk', 'Live'),
(324, 'RU', 'Asia/Irkutsk', 'Live'),
(325, 'RU', 'Asia/Chita', 'Live'),
(326, 'RU', 'Asia/Yakutsk', 'Live'),
(327, 'RU', 'Asia/Khandyga', 'Live'),
(328, 'RU', 'Asia/Vladivostok', 'Live'),
(329, 'RU', 'Asia/Ust-Nera', 'Live'),
(330, 'RU', 'Asia/Magadan', 'Live'),
(331, 'RU', 'Asia/Sakhalin', 'Live'),
(332, 'RU', 'Asia/Srednekolymsk', 'Live'),
(333, 'RU', 'Asia/Kamchatka', 'Live'),
(334, 'RU', 'Asia/Anadyr', 'Live'),
(335, 'RW', 'Africa/Kigali', 'Live'),
(336, 'SA', 'Asia/Riyadh', 'Live'),
(337, 'SB', 'Pacific/Guadalcanal', 'Live'),
(338, 'SC', 'Indian/Mahe', 'Live'),
(339, 'SD', 'Africa/Khartoum', 'Live'),
(340, 'SE', 'Europe/Stockholm', 'Live'),
(341, 'SG', 'Asia/Singapore', 'Live'),
(342, 'SH', 'Atlantic/St_Helena', 'Live'),
(343, 'SI', 'Europe/Ljubljana', 'Live'),
(344, 'SJ', 'Arctic/Longyearbyen', 'Live'),
(345, 'SK', 'Europe/Bratislava', 'Live'),
(346, 'SL', 'Africa/Freetown', 'Live'),
(347, 'SM', 'Europe/San_Marino', 'Live'),
(348, 'SN', 'Africa/Dakar', 'Live'),
(349, 'SO', 'Africa/Mogadishu', 'Live'),
(350, 'SR', 'America/Paramaribo', 'Live'),
(351, 'SS', 'Africa/Juba', 'Live'),
(352, 'ST', 'Africa/Sao_Tome', 'Live'),
(353, 'SV', 'America/El_Salvador', 'Live'),
(354, 'SX', 'America/Lower_Princes', 'Live'),
(355, 'SY', 'Asia/Damascus', 'Live'),
(356, 'SZ', 'Africa/Mbabane', 'Live'),
(357, 'TC', 'America/Grand_Turk', 'Live'),
(358, 'TD', 'Africa/Ndjamena', 'Live'),
(359, 'TF', 'Indian/Kerguelen', 'Live'),
(360, 'TG', 'Africa/Lome', 'Live'),
(361, 'TH', 'Asia/Bangkok', 'Live'),
(362, 'TJ', 'Asia/Dushanbe', 'Live'),
(363, 'TK', 'Pacific/Fakaofo', 'Live'),
(364, 'TL', 'Asia/Dili', 'Live'),
(365, 'TM', 'Asia/Ashgabat', 'Live'),
(366, 'TN', 'Africa/Tunis', 'Live'),
(367, 'TO', 'Pacific/Tongatapu', 'Live'),
(368, 'TR', 'Europe/Istanbul', 'Live'),
(369, 'TT', 'America/Port_of_Spain', 'Live'),
(370, 'TV', 'Pacific/Funafuti', 'Live'),
(371, 'TW', 'Asia/Taipei', 'Live'),
(372, 'TZ', 'Africa/Dar_es_Salaam', 'Live'),
(373, 'UA', 'Europe/Kiev', 'Live'),
(374, 'UA', 'Europe/Uzhgorod', 'Live'),
(375, 'UA', 'Europe/Zaporozhye', 'Live'),
(376, 'UG', 'Africa/Kampala', 'Live'),
(377, 'UM', 'Pacific/Midway', 'Live'),
(378, 'UM', 'Pacific/Wake', 'Live'),
(379, 'US', 'America/New_York', 'Live'),
(380, 'US', 'America/Detroit', 'Live'),
(381, 'US', 'America/Kentucky/Louisville', 'Live'),
(382, 'US', 'America/Kentucky/Monticello', 'Live'),
(383, 'US', 'America/Indiana/Indianapolis', 'Live'),
(384, 'US', 'America/Indiana/Vincennes', 'Live'),
(385, 'US', 'America/Indiana/Winamac', 'Live'),
(386, 'US', 'America/Indiana/Marengo', 'Live'),
(387, 'US', 'America/Indiana/Petersburg', 'Live'),
(388, 'US', 'America/Indiana/Vevay', 'Live'),
(389, 'US', 'America/Chicago', 'Live'),
(390, 'US', 'America/Indiana/Tell_City', 'Live'),
(391, 'US', 'America/Indiana/Knox', 'Live'),
(392, 'US', 'America/Menominee', 'Live'),
(393, 'US', 'America/North_Dakota/Center', 'Live'),
(394, 'US', 'America/North_Dakota/New_Salem', 'Live'),
(395, 'US', 'America/North_Dakota/Beulah', 'Live'),
(396, 'US', 'America/Denver', 'Live'),
(397, 'US', 'America/Boise', 'Live'),
(398, 'US', 'America/Phoenix', 'Live'),
(399, 'US', 'America/Los_Angeles', 'Live'),
(400, 'US', 'America/Anchorage', 'Live'),
(401, 'US', 'America/Juneau', 'Live'),
(402, 'US', 'America/Sitka', 'Live'),
(403, 'US', 'America/Metlakatla', 'Live'),
(404, 'US', 'America/Yakutat', 'Live'),
(405, 'US', 'America/Nome', 'Live'),
(406, 'US', 'America/Adak', 'Live'),
(407, 'US', 'Pacific/Honolulu', 'Live'),
(408, 'UY', 'America/Montevideo', 'Live'),
(409, 'UZ', 'Asia/Samarkand', 'Live'),
(410, 'UZ', 'Asia/Tashkent', 'Live'),
(411, 'VA', 'Europe/Vatican', 'Live'),
(412, 'VC', 'America/St_Vincent', 'Live'),
(413, 'VE', 'America/Caracas', 'Live'),
(414, 'VG', 'America/Tortola', 'Live'),
(415, 'VI', 'America/St_Thomas', 'Live'),
(416, 'VN', 'Asia/Ho_Chi_Minh', 'Live'),
(417, 'VU', 'Pacific/Efate', 'Live'),
(418, 'WF', 'Pacific/Wallis', 'Live'),
(419, 'WS', 'Pacific/Apia', 'Live'),
(420, 'YE', 'Asia/Aden', 'Live'),
(421, 'YT', 'Indian/Mayotte', 'Live'),
(422, 'ZA', 'Africa/Johannesburg', 'Live'),
(423, 'ZM', 'Africa/Lusaka', 'Live'),
(424, 'ZW', 'Africa/Harare', 'Live');

-- --------------------------------------------------------

--
-- Table structure for table `tbl_units`
--

CREATE TABLE `tbl_units` (
  `id` int(10) NOT NULL,
  `unit_name` varchar(10) DEFAULT NULL,
  `description` varchar(50) DEFAULT NULL,
  `company_id` int(1) DEFAULT NULL,
  `del_status` varchar(10) DEFAULT 'Live'
) ENGINE=InnoDB DEFAULT CHARSET=utf8 ROW_FORMAT=COMPACT;

--
-- Dumping data for table `tbl_units`
--

INSERT INTO `tbl_units` (`id`, `unit_name`, `description`, `company_id`, `del_status`) VALUES
(1, 'kg', 'Kilogram', 1, 'Live'),
(2, 'gr', 'Gram', 1, 'Live'),
(3, 'ons', 'Ons', 1, 'Live'),
(4, 'ml', 'Mililiter', 1, 'Live'),
(5, 'l', 'Liter', 1, 'Live'),
(6, 'pcs', 'Piece', 1, 'Live'),
(7, 'box', 'Box', 1, 'Live'),
(8, 'pack', 'Pack', 1, 'Live'),
(9, 'btl', 'Botol', 1, 'Live'),
(10, 'millilitre', NULL, 1, 'Live'),
(11, 'pieces (pc', NULL, 1, 'Live'),
(12, 'pieces (pc', NULL, 1, 'Live'),
(13, 'portion (p', NULL, 1, 'Live'),
(14, 'portion (p', NULL, 1, 'Live'),
(15, 'botol (btl', NULL, 1, 'Live'),
(16, 'pieces (pc', NULL, 1, 'Live'),
(17, 'cup (c)', NULL, 1, 'Live'),
(18, 'gram (g)', NULL, 1, 'Live'),
(19, 'millilitre', NULL, 1, 'Live'),
(20, 'millilitre', NULL, 1, 'Live'),
(21, 'pieces (pc', NULL, 1, 'Live'),
(22, 'pieces (pc', NULL, 1, 'Live'),
(23, 'pieces (pc', NULL, 1, 'Live'),
(24, 'lembar (lb', NULL, 1, 'Live'),
(25, 'portion (p', NULL, 1, 'Live'),
(26, 'portion (p', NULL, 1, 'Live'),
(27, 'portion (p', NULL, 1, 'Live'),
(28, 'portion (p', NULL, 1, 'Live'),
(29, 'portion (p', NULL, 1, 'Live'),
(30, 'portion (p', NULL, 1, 'Live'),
(31, 'portion (p', NULL, 1, 'Live'),
(32, 'portion (p', NULL, 1, 'Live'),
(33, 'portion (p', NULL, 1, 'Live'),
(34, 'millilitre', NULL, 1, 'Live'),
(35, 'ikat (ikt)', NULL, 1, 'Live'),
(36, 'portion (p', NULL, 1, 'Live'),
(37, 'pieces (pc', NULL, 1, 'Live'),
(38, 'portion (p', NULL, 1, 'Live'),
(39, 'pieces (pc', NULL, 1, 'Live'),
(40, 'pack (pck)', NULL, 1, 'Live'),
(41, 'bungkus (b', NULL, 1, 'Live'),
(42, 'millilitre', NULL, 1, 'Live'),
(43, 'millilitre', NULL, 1, 'Live'),
(44, 'pieces (pc', NULL, 1, 'Live'),
(45, 'pieces (pc', NULL, 1, 'Live'),
(46, 'pieces (pc', NULL, 1, 'Live'),
(47, 'ekor (ekr)', NULL, 1, 'Live'),
(48, 'pieces (pc', NULL, 1, 'Live'),
(49, 'millilitre', NULL, 1, 'Live'),
(50, 'millilitre', NULL, 1, 'Live'),
(51, 'pieces (pc', NULL, 1, 'Live'),
(52, 'pieces (pc', NULL, 1, 'Live'),
(53, 'portion (p', NULL, 1, 'Live'),
(54, 'millilitre', NULL, 1, 'Live'),
(55, 'portion (p', NULL, 1, 'Live'),
(56, 'pieces (pc', NULL, 1, 'Live'),
(57, 'portion (p', NULL, 1, 'Live'),
(58, 'pieces (pc', NULL, 1, 'Live'),
(59, 'bungkus (b', NULL, 1, 'Live'),
(60, 'millilitre', NULL, 1, 'Live'),
(61, 'millilitre', NULL, 1, 'Live'),
(62, 'pieces (pc', NULL, 1, 'Live'),
(63, 'pieces (pc', NULL, 1, 'Live'),
(64, 'pieces (pc', NULL, 1, 'Live'),
(65, 'pieces (pc', NULL, 1, 'Live'),
(66, 'millilitre', NULL, 1, 'Live'),
(67, 'millilitre', NULL, 1, 'Live'),
(68, 'pieces (pc', NULL, 1, 'Live'),
(69, 'pieces (pc', NULL, 1, 'Live'),
(70, 'portion (p', NULL, 1, 'Live'),
(71, 'portion (p', NULL, 1, 'Live'),
(72, 'millilitre', NULL, 1, 'Live'),
(73, 'pieces (pc', NULL, 1, 'Live'),
(74, 'pieces (pc', NULL, 1, 'Live'),
(75, 'millilitre', NULL, 1, 'Live'),
(76, 'pieces (pc', NULL, 1, 'Live'),
(77, 'millilitre', NULL, 1, 'Live'),
(78, 'portion (p', NULL, 1, 'Live'),
(79, 'pieces (pc', NULL, 1, 'Live'),
(80, 'portion (p', NULL, 1, 'Live'),
(81, 'pieces (pc', NULL, 1, 'Live'),
(82, 'pieces (pc', NULL, 1, 'Live'),
(83, 'pieces (pc', NULL, 1, 'Live'),
(84, 'pieces (pc', NULL, 1, 'Live'),
(85, 'millilitre', NULL, 1, 'Live'),
(86, 'pieces (pc', NULL, 1, 'Live'),
(87, 'millilitre', NULL, 1, 'Live'),
(88, 'millilitre', NULL, 1, 'Live'),
(89, 'pieces (pc', NULL, 1, 'Live'),
(90, 'botol (btl', NULL, 1, 'Live'),
(91, 'pieces (pc', NULL, 1, 'Live'),
(92, 'botol (btl', NULL, 1, 'Live'),
(93, 'pieces (pc', NULL, 1, 'Live'),
(94, 'portion (p', NULL, 1, 'Live'),
(95, 'millilitre', NULL, 1, 'Live'),
(96, 'portion (p', NULL, 1, 'Live'),
(97, 'portion (p', NULL, 1, 'Live'),
(98, 'pieces (pc', NULL, 1, 'Live'),
(99, 'pieces (pc', NULL, 1, 'Live'),
(100, 'portion (p', NULL, 1, 'Live'),
(101, 'millilitre', NULL, 1, 'Live'),
(102, 'millilitre', NULL, 1, 'Live'),
(103, 'bungkus (b', NULL, 1, 'Live'),
(104, 'bungkus (b', NULL, 1, 'Live'),
(105, 'bungkus (b', NULL, 1, 'Live'),
(106, 'pieces (pc', NULL, 1, 'Live'),
(107, 'portion (p', NULL, 1, 'Live'),
(108, 'millilitre', NULL, 1, 'Live'),
(109, 'millilitre', NULL, 1, 'Live'),
(110, 'pieces (pc', NULL, 1, 'Live'),
(111, 'pieces (pc', NULL, 1, 'Live'),
(112, 'portion (p', NULL, 1, 'Live'),
(113, 'portion (p', NULL, 1, 'Live'),
(114, 'pieces (pc', NULL, 1, 'Live'),
(115, 'pieces (pc', NULL, 1, 'Live'),
(116, 'portion (p', NULL, 1, 'Live'),
(117, 'millilitre', NULL, 1, 'Live'),
(118, 'millilitre', NULL, 1, 'Live'),
(119, 'millilitre', NULL, 1, 'Live'),
(120, 'millilitre', NULL, 1, 'Live'),
(121, 'millilitre', NULL, 1, 'Live'),
(122, 'millilitre', NULL, 1, 'Live'),
(123, 'pieces (pc', NULL, 1, 'Live'),
(124, 'millilitre', NULL, 1, 'Live'),
(125, 'millilitre', NULL, 1, 'Live'),
(126, 'portion (p', NULL, 1, 'Live'),
(127, 'portion (p', NULL, 1, 'Live'),
(128, 'pieces (pc', NULL, 1, 'Live'),
(129, 'pieces (pc', NULL, 1, 'Live'),
(130, 'millilitre', NULL, 1, 'Live'),
(131, 'millilitre', NULL, 1, 'Live'),
(132, 'pieces (pc', NULL, 1, 'Live'),
(133, 'pieces (pc', NULL, 1, 'Live'),
(134, 'pieces (pc', NULL, 1, 'Live'),
(135, 'pieces (pc', NULL, 1, 'Live'),
(136, 'pieces (pc', NULL, 1, 'Live'),
(137, 'pieces (pc', NULL, 1, 'Live'),
(138, 'millilitre', NULL, 1, 'Live'),
(139, 'pieces (pc', NULL, 1, 'Live'),
(140, 'pieces (pc', NULL, 1, 'Live'),
(141, 'pieces (pc', NULL, 1, 'Live'),
(142, 'lembar (lb', NULL, 1, 'Live'),
(143, 'lembar (lb', NULL, 1, 'Live'),
(144, 'millilitre', NULL, 1, 'Live'),
(145, 'pieces (pc', NULL, 1, 'Live'),
(146, 'millilitre', NULL, 1, 'Live'),
(147, 'portion (p', NULL, 1, 'Live'),
(148, 'portion (p', NULL, 1, 'Live'),
(149, 'pieces (pc', NULL, 1, 'Live'),
(150, 'millilitre', NULL, 1, 'Live'),
(151, 'pieces (pc', NULL, 1, 'Live'),
(152, 'pieces (pc', NULL, 1, 'Live'),
(153, 'portion (p', NULL, 1, 'Live'),
(154, 'pieces (pc', NULL, 1, 'Live'),
(155, 'pieces (pc', NULL, 1, 'Live'),
(156, 'portion (p', NULL, 1, 'Live'),
(157, 'millilitre', NULL, 1, 'Live'),
(158, 'millilitre', NULL, 1, 'Live'),
(159, 'pieces (pc', NULL, 1, 'Live'),
(160, 'portion (p', NULL, 1, 'Live'),
(161, 'millilitre', NULL, 1, 'Live'),
(162, 'pieces (pc', NULL, 1, 'Live'),
(163, 'millilitre', NULL, 1, 'Live'),
(164, 'portion (p', NULL, 1, 'Live'),
(165, 'portion (p', NULL, 1, 'Live'),
(166, 'pieces (pc', NULL, 1, 'Live'),
(167, 'bungkus (b', NULL, 1, 'Live'),
(168, 'millilitre', NULL, 1, 'Live'),
(169, 'millilitre', NULL, 1, 'Live'),
(170, 'pieces (pc', NULL, 1, 'Live'),
(171, 'pieces (pc', NULL, 1, 'Live'),
(172, 'pieces (pc', NULL, 1, 'Live'),
(173, 'butir (btr', NULL, 1, 'Live'),
(174, 'butir (btr', NULL, 1, 'Live'),
(175, 'pieces (pc', NULL, 1, 'Live'),
(176, 'pieces (pc', NULL, 1, 'Live'),
(177, 'portion (p', NULL, 1, 'Live'),
(178, 'batang (bt', NULL, 1, 'Live'),
(179, 'batang (bt', NULL, 1, 'Live'),
(180, 'batang (bt', NULL, 1, 'Live'),
(181, 'millilitre', NULL, 1, 'Live');

-- --------------------------------------------------------

--
-- Table structure for table `tbl_users`
--

CREATE TABLE `tbl_users` (
  `id` int(10) NOT NULL,
  `full_name` varchar(25) NOT NULL,
  `phone` varchar(50) NOT NULL,
  `email_address` varchar(50) NOT NULL,
  `password` varchar(50) NOT NULL,
  `designation` varchar(100) DEFAULT NULL,
  `will_login` varchar(20) NOT NULL DEFAULT 'No',
  `role` varchar(25) NOT NULL,
  `outlet_id` int(10) NOT NULL,
  `company_id` int(10) NOT NULL,
  `account_creation_date` datetime NOT NULL,
  `language` varchar(100) NOT NULL DEFAULT 'english',
  `last_login` datetime NOT NULL,
  `active_status` varchar(25) NOT NULL DEFAULT 'Active',
  `del_status` varchar(10) NOT NULL DEFAULT 'Live'
) ENGINE=InnoDB DEFAULT CHARSET=utf8;

--
-- Dumping data for table `tbl_users`
--

INSERT INTO `tbl_users` (`id`, `full_name`, `phone`, `email_address`, `password`, `designation`, `will_login`, `role`, `outlet_id`, `company_id`, `account_creation_date`, `language`, `last_login`, `active_status`, `del_status`) VALUES
(1, 'Admin', '081222260232', 'admin@warungkukuruyuk.com', 'adminwarung2019', NULL, 'No', 'Admin', 1, 1, '2018-02-17 07:28:32', 'english', '0000-00-00 00:00:00', 'Active', 'Live'),
(2, 'Monir', '01785774645', 'monir@gmail.com', '123456', NULL, 'No', 'User', 1, 1, '0000-00-00 00:00:00', 'english', '0000-00-00 00:00:00', 'Active', 'Live'),
(3, 'RASHED', '01825201709', 'rashedul15-6564@diu.edu.bd', '737499', 'Waiter', 'Yes', 'User', 1, 1, '0000-00-00 00:00:00', 'english', '0000-00-00 00:00:00', 'Active', 'Live'),
(4, 'Nazmul', '01713827749', 'prnt.multisys@gmail.com', '333333', 'Waiter', 'Yes', 'User', 1, 1, '0000-00-00 00:00:00', 'english', '0000-00-00 00:00:00', 'Active', 'Live'),
(5, 'Rafi', '01825201707', 'rashedislam659@gmail.com', '402965', 'Manager', 'No', 'User', 1, 1, '0000-00-00 00:00:00', 'english', '0000-00-00 00:00:00', 'Active', 'Live'),
(6, 'Ayat', '01539849384', 'ayat@yahoo.com', 'ayat123', NULL, 'No', 'Kitchen User', 1, 1, '0000-00-00 00:00:00', 'english', '0000-00-00 00:00:00', 'Active', 'Deleted'),
(7, 'Rafi', '01754345678', 'rafi@gmail.com', '1234567', 'Accountant', 'No', 'User', 1, 1, '0000-00-00 00:00:00', 'english', '0000-00-00 00:00:00', 'Active', 'Live'),
(8, 'Dany', '34234234345', 'janis@yahoo.com', '123456', 'Superintendent', 'No', 'POS User', 1, 1, '0000-00-00 00:00:00', 'english', '0000-00-00 00:00:00', 'Active', 'Live'),
(9, 'kasir', '081222260232', 'kasir@warung.com', '12345678', 'Cashier fix', 'Yes', 'User', 1, 1, '0000-00-00 00:00:00', 'english', '0000-00-00 00:00:00', 'Active', 'Live'),
(10, 'Gifar', '088213626576', 'gifarz061@gmail.com', 'waiterwarung2020', 'Waiter', 'Yes', 'User', 1, 1, '0000-00-00 00:00:00', 'english', '0000-00-00 00:00:00', 'Active', 'Live'),
(11, 'gifarz', '081323228292', 'gifarz@gmail.com', 'gifarz', 'Waiter', 'Yes', 'User', 1, 1, '0000-00-00 00:00:00', 'english', '0000-00-00 00:00:00', 'Active', 'Live'),
(12, 'Nanda', '088888888888', 'emgezet@gmail.com', 'nandaa', 'Cashier', 'Yes', 'User', 1, 1, '0000-00-00 00:00:00', 'english', '0000-00-00 00:00:00', 'Active', 'Live');

-- --------------------------------------------------------

--
-- Table structure for table `tbl_user_menu_access`
--

CREATE TABLE `tbl_user_menu_access` (
  `id` int(10) NOT NULL,
  `menu_id` int(10) DEFAULT 0,
  `user_id` int(10) DEFAULT 0
) ENGINE=InnoDB DEFAULT CHARSET=utf8;

--
-- Dumping data for table `tbl_user_menu_access`
--

INSERT INTO `tbl_user_menu_access` (`id`, `menu_id`, `user_id`) VALUES
(1, 1, 1),
(2, 2, 1),
(3, 3, 1),
(4, 4, 1),
(6, 6, 1),
(7, 7, 1),
(8, 8, 1),
(9, 9, 1),
(10, 10, 1),
(11, 9, 1),
(12, 11, 1),
(46, 13, 1),
(103, 14, 1),
(104, 15, 1),
(118, 16, 1),
(133, 5, 1),
(134, 10, 1),
(135, 12, 1),
(140, 17, 1),
(141, 18, 1),
(142, 19, 1),
(143, 16, 3),
(144, 17, 3),
(145, 15, 3),
(146, 8, 3),
(147, 6, 3),
(148, 3, 3),
(149, 13, 3),
(150, 18, 3),
(151, 9, 3),
(152, 2, 3),
(153, 7, 3),
(154, 1, 3),
(155, 14, 3),
(156, 11, 3),
(157, 10, 3),
(158, 19, 3),
(159, 4, 3),
(160, 17, 4),
(161, 18, 4),
(162, 19, 4),
(169, 20, 1),
(177, 17, 10),
(178, 18, 10),
(179, 1, 10),
(180, 20, 10),
(181, 19, 10),
(263, 16, 9),
(264, 1, 9),
(265, 19, 9),
(266, 1, 12),
(267, 19, 12),
(268, 1, 11),
(269, 10, 11);

-- --------------------------------------------------------

--
-- Table structure for table `tbl_vats`
--

CREATE TABLE `tbl_vats` (
  `id` int(10) NOT NULL,
  `name` varchar(50) NOT NULL,
  `percentage` float(10,2) NOT NULL,
  `user_id` float(10,2) NOT NULL DEFAULT 1.00,
  `company_id` int(11) DEFAULT NULL,
  `del_status` varchar(6) DEFAULT 'Live'
) ENGINE=MyISAM DEFAULT CHARSET=latin1;

--
-- Dumping data for table `tbl_vats`
--

INSERT INTO `tbl_vats` (`id`, `name`, `percentage`, `user_id`, `company_id`, `del_status`) VALUES
(1, 'General VAT', 15.00, 0.00, 1, 'Live'),
(2, 'Sales Tax', 15.00, 1.00, 1, 'Live');

-- --------------------------------------------------------

--
-- Table structure for table `tbl_wastes`
--

CREATE TABLE `tbl_wastes` (
  `id` int(11) NOT NULL,
  `reference_no` varchar(50) DEFAULT NULL,
  `date` date NOT NULL,
  `total_loss` float(10,2) DEFAULT NULL,
  `note` varchar(200) DEFAULT NULL,
  `employee_id` int(10) DEFAULT NULL,
  `user_id` int(10) DEFAULT NULL,
  `outlet_id` int(10) DEFAULT NULL,
  `del_status` varchar(50) DEFAULT 'Live',
  `food_menu_id` int(11) DEFAULT NULL,
  `food_menu_waste_qty` int(11) DEFAULT NULL
) ENGINE=InnoDB DEFAULT CHARSET=utf8;

--
-- Dumping data for table `tbl_wastes`
--

INSERT INTO `tbl_wastes` (`id`, `reference_no`, `date`, `total_loss`, `note`, `employee_id`, `user_id`, `outlet_id`, `del_status`, `food_menu_id`, `food_menu_waste_qty`) VALUES
(1, '000001', '2020-02-22', 50000.00, '', 4, 1, 1, 'Live', NULL, 0),
(2, '000002', '2020-02-22', 500000.00, '', 10, 1, 1, 'Live', NULL, 0),
(3, '000003', '2020-02-23', 855000.00, '', 10, 1, 1, 'Live', 155, 1),
(4, '000004', '2020-02-27', 855000.00, '', 11, 1, 1, 'Live', 155, 1),
(5, '000005', '2020-02-25', 0.00, '', 11, 1, 1, 'Live', 250, 1),
(6, '000006', '2020-02-26', 6459.00, '', 11, 1, 1, 'Live', NULL, 0);

-- --------------------------------------------------------

--
-- Table structure for table `tbl_waste_ingredients`
--

CREATE TABLE `tbl_waste_ingredients` (
  `id` int(10) NOT NULL,
  `ingredient_id` int(10) DEFAULT NULL,
  `waste_amount` float(10,2) DEFAULT NULL,
  `last_purchase_price` float(10,2) DEFAULT NULL,
  `loss_amount` float(10,2) DEFAULT NULL,
  `waste_id` int(10) DEFAULT NULL,
  `outlet_id` int(10) DEFAULT NULL,
  `del_status` varchar(10) DEFAULT 'Live'
) ENGINE=InnoDB DEFAULT CHARSET=utf8 ROW_FORMAT=COMPACT;

--
-- Dumping data for table `tbl_waste_ingredients`
--

INSERT INTO `tbl_waste_ingredients` (`id`, `ingredient_id`, `waste_amount`, `last_purchase_price`, `loss_amount`, `waste_id`, `outlet_id`, `del_status`) VALUES
(1, 345, 10.00, 5000.00, 50000.00, 1, 1, 'Live'),
(2, 345, 100.00, 5000.00, 500000.00, 2, 1, 'Live'),
(3, 344, 45.00, 1.00, 855000.00, 3, 1, 'Live'),
(4, 203, 60.00, 2.00, 0.00, 3, 1, 'Live'),
(5, 47, 10.00, 3.00, 0.00, 3, 1, 'Live'),
(6, 228, 18.00, 4.00, 0.00, 3, 1, 'Live'),
(7, 344, 45.00, 1.00, 855000.00, 4, 1, 'Live'),
(8, 203, 60.00, 2.00, 0.00, 4, 1, 'Live'),
(9, 47, 10.00, 3.00, 0.00, 4, 1, 'Live'),
(10, 228, 18.00, 4.00, 0.00, 4, 1, 'Live'),
(11, 333, 50.00, 1.00, 0.00, 5, 1, 'Live'),
(12, 281, 5.00, 2.00, 0.00, 5, 1, 'Live'),
(13, 340, 1.00, 3.00, 0.00, 5, 1, 'Live'),
(14, 208, 100.00, 4.00, 0.00, 5, 1, 'Live'),
(15, 103, 5.00, 5.00, 0.00, 5, 1, 'Live'),
(16, 198, 5.00, 6.00, 0.00, 5, 1, 'Live'),
(17, 27, 30.00, 7.00, 0.00, 5, 1, 'Live'),
(18, 227, 50.00, 8.00, 0.00, 5, 1, 'Live'),
(19, 241, 30.00, 9.00, 0.00, 5, 1, 'Live'),
(20, 7, 1.00, 6459.00, 6459.00, 6, 1, 'Live');

--
-- Indexes for dumped tables
--

--
-- Indexes for table `tbl_admin_currencies`
--
ALTER TABLE `tbl_admin_currencies`
  ADD PRIMARY KEY (`id`);

--
-- Indexes for table `tbl_admin_user_menus`
--
ALTER TABLE `tbl_admin_user_menus`
  ADD PRIMARY KEY (`id`);

--
-- Indexes for table `tbl_attendance`
--
ALTER TABLE `tbl_attendance`
  ADD PRIMARY KEY (`id`);

--
-- Indexes for table `tbl_companies`
--
ALTER TABLE `tbl_companies`
  ADD PRIMARY KEY (`id`);

--
-- Indexes for table `tbl_customers`
--
ALTER TABLE `tbl_customers`
  ADD PRIMARY KEY (`id`);

--
-- Indexes for table `tbl_customer_due_receives`
--
ALTER TABLE `tbl_customer_due_receives`
  ADD PRIMARY KEY (`id`);

--
-- Indexes for table `tbl_delivery`
--
ALTER TABLE `tbl_delivery`
  ADD PRIMARY KEY (`id`);

--
-- Indexes for table `tbl_discount`
--
ALTER TABLE `tbl_discount`
  ADD PRIMARY KEY (`id`);

--
-- Indexes for table `tbl_employees`
--
ALTER TABLE `tbl_employees`
  ADD PRIMARY KEY (`id`);

--
-- Indexes for table `tbl_expenses`
--
ALTER TABLE `tbl_expenses`
  ADD PRIMARY KEY (`id`);

--
-- Indexes for table `tbl_expense_items`
--
ALTER TABLE `tbl_expense_items`
  ADD PRIMARY KEY (`id`);

--
-- Indexes for table `tbl_food_main_menu_category`
--
ALTER TABLE `tbl_food_main_menu_category`
  ADD PRIMARY KEY (`id`);

--
-- Indexes for table `tbl_food_menus`
--
ALTER TABLE `tbl_food_menus`
  ADD PRIMARY KEY (`id`);

--
-- Indexes for table `tbl_food_menus_ingredients`
--
ALTER TABLE `tbl_food_menus_ingredients`
  ADD PRIMARY KEY (`id`);

--
-- Indexes for table `tbl_food_menus_modifiers`
--
ALTER TABLE `tbl_food_menus_modifiers`
  ADD PRIMARY KEY (`id`);

--
-- Indexes for table `tbl_food_menu_categories`
--
ALTER TABLE `tbl_food_menu_categories`
  ADD PRIMARY KEY (`id`);

--
-- Indexes for table `tbl_holds`
--
ALTER TABLE `tbl_holds`
  ADD PRIMARY KEY (`id`);

--
-- Indexes for table `tbl_holds_details`
--
ALTER TABLE `tbl_holds_details`
  ADD PRIMARY KEY (`id`);

--
-- Indexes for table `tbl_holds_details_modifiers`
--
ALTER TABLE `tbl_holds_details_modifiers`
  ADD PRIMARY KEY (`id`);

--
-- Indexes for table `tbl_ingredients`
--
ALTER TABLE `tbl_ingredients`
  ADD PRIMARY KEY (`id`);

--
-- Indexes for table `tbl_ingredient_categories`
--
ALTER TABLE `tbl_ingredient_categories`
  ADD PRIMARY KEY (`id`);

--
-- Indexes for table `tbl_inventory_adjustment`
--
ALTER TABLE `tbl_inventory_adjustment`
  ADD PRIMARY KEY (`id`);

--
-- Indexes for table `tbl_modifiers`
--
ALTER TABLE `tbl_modifiers`
  ADD PRIMARY KEY (`id`);

--
-- Indexes for table `tbl_modifier_ingredients`
--
ALTER TABLE `tbl_modifier_ingredients`
  ADD PRIMARY KEY (`id`);

--
-- Indexes for table `tbl_notifications`
--
ALTER TABLE `tbl_notifications`
  ADD PRIMARY KEY (`id`);

--
-- Indexes for table `tbl_notification_bar_kitchen_panel`
--
ALTER TABLE `tbl_notification_bar_kitchen_panel`
  ADD PRIMARY KEY (`id`);

--
-- Indexes for table `tbl_orders_table`
--
ALTER TABLE `tbl_orders_table`
  ADD PRIMARY KEY (`id`);

--
-- Indexes for table `tbl_outlets`
--
ALTER TABLE `tbl_outlets`
  ADD PRIMARY KEY (`id`);

--
-- Indexes for table `tbl_outlet_taxes`
--
ALTER TABLE `tbl_outlet_taxes`
  ADD PRIMARY KEY (`id`);

--
-- Indexes for table `tbl_payment_methods`
--
ALTER TABLE `tbl_payment_methods`
  ADD PRIMARY KEY (`id`);

--
-- Indexes for table `tbl_purchase`
--
ALTER TABLE `tbl_purchase`
  ADD PRIMARY KEY (`id`);

--
-- Indexes for table `tbl_purchase_ingredients`
--
ALTER TABLE `tbl_purchase_ingredients`
  ADD PRIMARY KEY (`id`);

--
-- Indexes for table `tbl_register`
--
ALTER TABLE `tbl_register`
  ADD PRIMARY KEY (`id`);

--
-- Indexes for table `tbl_sales`
--
ALTER TABLE `tbl_sales`
  ADD PRIMARY KEY (`id`);

--
-- Indexes for table `tbl_sales_details`
--
ALTER TABLE `tbl_sales_details`
  ADD PRIMARY KEY (`id`);

--
-- Indexes for table `tbl_sales_details_modifiers`
--
ALTER TABLE `tbl_sales_details_modifiers`
  ADD PRIMARY KEY (`id`);

--
-- Indexes for table `tbl_sale_consumptions`
--
ALTER TABLE `tbl_sale_consumptions`
  ADD PRIMARY KEY (`id`);

--
-- Indexes for table `tbl_sale_consumptions_of_menus`
--
ALTER TABLE `tbl_sale_consumptions_of_menus`
  ADD PRIMARY KEY (`id`);

--
-- Indexes for table `tbl_sale_consumptions_of_modifiers_of_menus`
--
ALTER TABLE `tbl_sale_consumptions_of_modifiers_of_menus`
  ADD PRIMARY KEY (`id`);

--
-- Indexes for table `tbl_settings`
--
ALTER TABLE `tbl_settings`
  ADD PRIMARY KEY (`id`);

--
-- Indexes for table `tbl_sms_settings`
--
ALTER TABLE `tbl_sms_settings`
  ADD PRIMARY KEY (`id`);

--
-- Indexes for table `tbl_suppliers`
--
ALTER TABLE `tbl_suppliers`
  ADD PRIMARY KEY (`id`);

--
-- Indexes for table `tbl_supplier_payments`
--
ALTER TABLE `tbl_supplier_payments`
  ADD PRIMARY KEY (`id`);

--
-- Indexes for table `tbl_tables`
--
ALTER TABLE `tbl_tables`
  ADD PRIMARY KEY (`id`);

--
-- Indexes for table `tbl_temp_kot`
--
ALTER TABLE `tbl_temp_kot`
  ADD PRIMARY KEY (`id`);

--
-- Indexes for table `tbl_time_zone`
--
ALTER TABLE `tbl_time_zone`
  ADD PRIMARY KEY (`id`);

--
-- Indexes for table `tbl_units`
--
ALTER TABLE `tbl_units`
  ADD PRIMARY KEY (`id`);

--
-- Indexes for table `tbl_users`
--
ALTER TABLE `tbl_users`
  ADD PRIMARY KEY (`id`);

--
-- Indexes for table `tbl_user_menu_access`
--
ALTER TABLE `tbl_user_menu_access`
  ADD PRIMARY KEY (`id`);

--
-- Indexes for table `tbl_vats`
--
ALTER TABLE `tbl_vats`
  ADD PRIMARY KEY (`id`);

--
-- Indexes for table `tbl_wastes`
--
ALTER TABLE `tbl_wastes`
  ADD PRIMARY KEY (`id`);

--
-- Indexes for table `tbl_waste_ingredients`
--
ALTER TABLE `tbl_waste_ingredients`
  ADD PRIMARY KEY (`id`);

--
-- AUTO_INCREMENT for dumped tables
--

--
-- AUTO_INCREMENT for table `tbl_admin_currencies`
--
ALTER TABLE `tbl_admin_currencies`
  MODIFY `id` int(11) NOT NULL AUTO_INCREMENT, AUTO_INCREMENT=134;

--
-- AUTO_INCREMENT for table `tbl_admin_user_menus`
--
ALTER TABLE `tbl_admin_user_menus`
  MODIFY `id` int(10) NOT NULL AUTO_INCREMENT, AUTO_INCREMENT=21;

--
-- AUTO_INCREMENT for table `tbl_attendance`
--
ALTER TABLE `tbl_attendance`
  MODIFY `id` int(10) NOT NULL AUTO_INCREMENT, AUTO_INCREMENT=2;

--
-- AUTO_INCREMENT for table `tbl_companies`
--
ALTER TABLE `tbl_companies`
  MODIFY `id` int(10) NOT NULL AUTO_INCREMENT, AUTO_INCREMENT=2;

--
-- AUTO_INCREMENT for table `tbl_customers`
--
ALTER TABLE `tbl_customers`
  MODIFY `id` int(10) NOT NULL AUTO_INCREMENT, AUTO_INCREMENT=6;

--
-- AUTO_INCREMENT for table `tbl_customer_due_receives`
--
ALTER TABLE `tbl_customer_due_receives`
  MODIFY `id` int(10) NOT NULL AUTO_INCREMENT, AUTO_INCREMENT=5;

--
-- AUTO_INCREMENT for table `tbl_discount`
--
ALTER TABLE `tbl_discount`
  MODIFY `id` int(11) NOT NULL AUTO_INCREMENT, AUTO_INCREMENT=17;

--
-- AUTO_INCREMENT for table `tbl_employees`
--
ALTER TABLE `tbl_employees`
  MODIFY `id` int(10) NOT NULL AUTO_INCREMENT;

--
-- AUTO_INCREMENT for table `tbl_expenses`
--
ALTER TABLE `tbl_expenses`
  MODIFY `id` int(10) NOT NULL AUTO_INCREMENT;

--
-- AUTO_INCREMENT for table `tbl_expense_items`
--
ALTER TABLE `tbl_expense_items`
  MODIFY `id` int(10) NOT NULL AUTO_INCREMENT, AUTO_INCREMENT=2;

--
-- AUTO_INCREMENT for table `tbl_food_main_menu_category`
--
ALTER TABLE `tbl_food_main_menu_category`
  MODIFY `id` int(11) NOT NULL AUTO_INCREMENT, AUTO_INCREMENT=6;

--
-- AUTO_INCREMENT for table `tbl_food_menus`
--
ALTER TABLE `tbl_food_menus`
  MODIFY `id` int(10) NOT NULL AUTO_INCREMENT, AUTO_INCREMENT=289;

--
-- AUTO_INCREMENT for table `tbl_food_menus_ingredients`
--
ALTER TABLE `tbl_food_menus_ingredients`
  MODIFY `id` bigint(50) NOT NULL AUTO_INCREMENT, AUTO_INCREMENT=1602;

--
-- AUTO_INCREMENT for table `tbl_food_menus_modifiers`
--
ALTER TABLE `tbl_food_menus_modifiers`
  MODIFY `id` bigint(50) NOT NULL AUTO_INCREMENT, AUTO_INCREMENT=412;

--
-- AUTO_INCREMENT for table `tbl_food_menu_categories`
--
ALTER TABLE `tbl_food_menu_categories`
  MODIFY `id` int(10) NOT NULL AUTO_INCREMENT, AUTO_INCREMENT=32;

--
-- AUTO_INCREMENT for table `tbl_holds`
--
ALTER TABLE `tbl_holds`
  MODIFY `id` int(10) NOT NULL AUTO_INCREMENT, AUTO_INCREMENT=12;

--
-- AUTO_INCREMENT for table `tbl_holds_details`
--
ALTER TABLE `tbl_holds_details`
  MODIFY `id` int(10) NOT NULL AUTO_INCREMENT, AUTO_INCREMENT=48;

--
-- AUTO_INCREMENT for table `tbl_holds_details_modifiers`
--
ALTER TABLE `tbl_holds_details_modifiers`
  MODIFY `id` int(15) NOT NULL AUTO_INCREMENT;

--
-- AUTO_INCREMENT for table `tbl_ingredients`
--
ALTER TABLE `tbl_ingredients`
  MODIFY `id` int(10) NOT NULL AUTO_INCREMENT, AUTO_INCREMENT=347;

--
-- AUTO_INCREMENT for table `tbl_ingredient_categories`
--
ALTER TABLE `tbl_ingredient_categories`
  MODIFY `id` int(10) NOT NULL AUTO_INCREMENT, AUTO_INCREMENT=15;

--
-- AUTO_INCREMENT for table `tbl_inventory_adjustment`
--
ALTER TABLE `tbl_inventory_adjustment`
  MODIFY `id` int(11) NOT NULL AUTO_INCREMENT, AUTO_INCREMENT=5;

--
-- AUTO_INCREMENT for table `tbl_modifiers`
--
ALTER TABLE `tbl_modifiers`
  MODIFY `id` int(11) NOT NULL AUTO_INCREMENT, AUTO_INCREMENT=40;

--
-- AUTO_INCREMENT for table `tbl_modifier_ingredients`
--
ALTER TABLE `tbl_modifier_ingredients`
  MODIFY `id` bigint(50) NOT NULL AUTO_INCREMENT, AUTO_INCREMENT=57;

--
-- AUTO_INCREMENT for table `tbl_notifications`
--
ALTER TABLE `tbl_notifications`
  MODIFY `id` bigint(50) NOT NULL AUTO_INCREMENT, AUTO_INCREMENT=249;

--
-- AUTO_INCREMENT for table `tbl_notification_bar_kitchen_panel`
--
ALTER TABLE `tbl_notification_bar_kitchen_panel`
  MODIFY `id` int(15) NOT NULL AUTO_INCREMENT, AUTO_INCREMENT=14;

--
-- AUTO_INCREMENT for table `tbl_orders_table`
--
ALTER TABLE `tbl_orders_table`
  MODIFY `id` bigint(50) NOT NULL AUTO_INCREMENT, AUTO_INCREMENT=75;

--
-- AUTO_INCREMENT for table `tbl_outlets`
--
ALTER TABLE `tbl_outlets`
  MODIFY `id` int(10) NOT NULL AUTO_INCREMENT, AUTO_INCREMENT=2;

--
-- AUTO_INCREMENT for table `tbl_outlet_taxes`
--
ALTER TABLE `tbl_outlet_taxes`
  MODIFY `id` int(15) NOT NULL AUTO_INCREMENT;

--
-- AUTO_INCREMENT for table `tbl_payment_methods`
--
ALTER TABLE `tbl_payment_methods`
  MODIFY `id` int(10) NOT NULL AUTO_INCREMENT, AUTO_INCREMENT=7;

--
-- AUTO_INCREMENT for table `tbl_purchase`
--
ALTER TABLE `tbl_purchase`
  MODIFY `id` int(10) NOT NULL AUTO_INCREMENT, AUTO_INCREMENT=6;

--
-- AUTO_INCREMENT for table `tbl_purchase_ingredients`
--
ALTER TABLE `tbl_purchase_ingredients`
  MODIFY `id` int(10) NOT NULL AUTO_INCREMENT, AUTO_INCREMENT=7;

--
-- AUTO_INCREMENT for table `tbl_register`
--
ALTER TABLE `tbl_register`
  MODIFY `id` int(15) NOT NULL AUTO_INCREMENT, AUTO_INCREMENT=77;

--
-- AUTO_INCREMENT for table `tbl_sales`
--
ALTER TABLE `tbl_sales`
  MODIFY `id` int(10) NOT NULL AUTO_INCREMENT, AUTO_INCREMENT=349;

--
-- AUTO_INCREMENT for table `tbl_sales_details`
--
ALTER TABLE `tbl_sales_details`
  MODIFY `id` bigint(50) NOT NULL AUTO_INCREMENT, AUTO_INCREMENT=942;

--
-- AUTO_INCREMENT for table `tbl_sales_details_modifiers`
--
ALTER TABLE `tbl_sales_details_modifiers`
  MODIFY `id` bigint(50) NOT NULL AUTO_INCREMENT, AUTO_INCREMENT=65;

--
-- AUTO_INCREMENT for table `tbl_sale_consumptions`
--
ALTER TABLE `tbl_sale_consumptions`
  MODIFY `id` bigint(50) NOT NULL AUTO_INCREMENT, AUTO_INCREMENT=377;

--
-- AUTO_INCREMENT for table `tbl_sale_consumptions_of_menus`
--
ALTER TABLE `tbl_sale_consumptions_of_menus`
  MODIFY `id` bigint(50) NOT NULL AUTO_INCREMENT, AUTO_INCREMENT=4457;

--
-- AUTO_INCREMENT for table `tbl_sale_consumptions_of_modifiers_of_menus`
--
ALTER TABLE `tbl_sale_consumptions_of_modifiers_of_menus`
  MODIFY `id` bigint(50) NOT NULL AUTO_INCREMENT, AUTO_INCREMENT=94;

--
-- AUTO_INCREMENT for table `tbl_settings`
--
ALTER TABLE `tbl_settings`
  MODIFY `id` int(11) NOT NULL AUTO_INCREMENT, AUTO_INCREMENT=5;

--
-- AUTO_INCREMENT for table `tbl_sms_settings`
--
ALTER TABLE `tbl_sms_settings`
  MODIFY `id` int(11) NOT NULL AUTO_INCREMENT, AUTO_INCREMENT=2;

--
-- AUTO_INCREMENT for table `tbl_suppliers`
--
ALTER TABLE `tbl_suppliers`
  MODIFY `id` int(10) NOT NULL AUTO_INCREMENT, AUTO_INCREMENT=3;

--
-- AUTO_INCREMENT for table `tbl_supplier_payments`
--
ALTER TABLE `tbl_supplier_payments`
  MODIFY `id` int(10) NOT NULL AUTO_INCREMENT, AUTO_INCREMENT=2;

--
-- AUTO_INCREMENT for table `tbl_tables`
--
ALTER TABLE `tbl_tables`
  MODIFY `id` int(10) NOT NULL AUTO_INCREMENT, AUTO_INCREMENT=4;

--
-- AUTO_INCREMENT for table `tbl_temp_kot`
--
ALTER TABLE `tbl_temp_kot`
  MODIFY `id` int(10) NOT NULL AUTO_INCREMENT, AUTO_INCREMENT=28;

--
-- AUTO_INCREMENT for table `tbl_time_zone`
--
ALTER TABLE `tbl_time_zone`
  MODIFY `id` int(10) NOT NULL AUTO_INCREMENT, AUTO_INCREMENT=425;

--
-- AUTO_INCREMENT for table `tbl_units`
--
ALTER TABLE `tbl_units`
  MODIFY `id` int(10) NOT NULL AUTO_INCREMENT, AUTO_INCREMENT=182;

--
-- AUTO_INCREMENT for table `tbl_users`
--
ALTER TABLE `tbl_users`
  MODIFY `id` int(10) NOT NULL AUTO_INCREMENT, AUTO_INCREMENT=13;

--
-- AUTO_INCREMENT for table `tbl_user_menu_access`
--
ALTER TABLE `tbl_user_menu_access`
  MODIFY `id` int(10) NOT NULL AUTO_INCREMENT, AUTO_INCREMENT=270;

--
-- AUTO_INCREMENT for table `tbl_vats`
--
ALTER TABLE `tbl_vats`
  MODIFY `id` int(10) NOT NULL AUTO_INCREMENT, AUTO_INCREMENT=3;

--
-- AUTO_INCREMENT for table `tbl_wastes`
--
ALTER TABLE `tbl_wastes`
  MODIFY `id` int(11) NOT NULL AUTO_INCREMENT, AUTO_INCREMENT=7;

--
-- AUTO_INCREMENT for table `tbl_waste_ingredients`
--
ALTER TABLE `tbl_waste_ingredients`
  MODIFY `id` int(10) NOT NULL AUTO_INCREMENT, AUTO_INCREMENT=21;
COMMIT;

/*!40101 SET CHARACTER_SET_CLIENT=@OLD_CHARACTER_SET_CLIENT */;
/*!40101 SET CHARACTER_SET_RESULTS=@OLD_CHARACTER_SET_RESULTS */;
/*!40101 SET COLLATION_CONNECTION=@OLD_COLLATION_CONNECTION */;
